Product Keyword,Solicitation ID,SAM.gov Link,Quantity Needed,Exact Size/Specs,Material Composition,Lead: Company Name,Lead: Verified Email,Lead: Website,Lead: Location,Lead: Specialty,Extraction Confidence
Tremco Alpha Grade,SAM-CNLES,https://sam.gov/opp/a813bd1ca6554c209c29d146d41c9b4f/view,Not Specified (Market Research/Sources Sought),Standard 5 Gallon Pails or 50 Gallon Drums (Part A/B Kits),Bio-based Two-Component Polyurethane,Tremco Roofing and Building Maintenance,info@tremcoinc.com,https://www.tremcoroofing.com,"Ohio, USA",AlphaGrade and AlphaGuard BIO (Bio-based Two-Component Polyurethane Roof Restoration Systems),1
Tremco Alpha Grade,SAM-CNLES,https://sam.gov/opp/a813bd1ca6554c209c29d146d41c9b4f/view,Not Specified (Market Research/Sources Sought),Standard 5 Gallon Pails or 50 Gallon Drums (Part A/B Kits),Bio-based Two-Component Polyurethane,"Kemper System America, Inc.",inquiry@kempersystem.com,https://www.kempersystem.com,"New York, USA","KEMPEROL 2K-PUR (Solvent-free, 2-component polyurethane waterproofing with 80% bio-based castor oil resin)",1
Tremco Alpha Grade,SAM-CNLES,https://sam.gov/opp/a813bd1ca6554c209c29d146d41c9b4f/view,Not Specified (Market Research/Sources Sought),Standard 5 Gallon Pails or 50 Gallon Drums (Part A/B Kits),Bio-based Two-Component Polyurethane,"BioBond Adhesives, LLC",info@biobondadhesives.com,https://www.biobondadhesives.com,"Kansas, USA","BioCoat SUP250 (Bio-based, two-component, water-based polyurethane coating for protective applications)",1
Tremco Alpha Grade,SAM-CNLES,https://sam.gov/opp/a813bd1ca6554c209c29d146d41c9b4f/view,Not Specified (Market Research/Sources Sought),Standard 5 Gallon Pails or 50 Gallon Drums (Part A/B Kits),Bio-based Two-Component Polyurethane,KLB Kötztal Lacke + Beschichtungen GmbH,info@klb-koetztal.com,https://www.klb-koetztal.com,"Ichenhausen, Germany","KLB-NaturaPUR PU 435 (Sustainable, bio-based two-component polyurethane floor coating)",0.95
Tremco Alpha Grade,SAM-CNLES,https://sam.gov/opp/a813bd1ca6554c209c29d146d41c9b4f/view,Not Specified (Market Research/Sources Sought),Standard 5 Gallon Pails or 50 Gallon Drums (Part A/B Kits),Bio-based Two-Component Polyurethane,Windmoeller Inc.,info@windmoeller.de,https://www.windmoellerinc.com,"Georgia, USA",Ecuran (Bio-based polyurethane composite flooring made from castor and canola oils),0.95
Tremco Alpha Grade,SAM-CNLES,https://sam.gov/opp/a813bd1ca6554c209c29d146d41c9b4f/view,Not Specified (Market Research/Sources Sought),Standard 5 Gallon Pails or 50 Gallon Drums (Part A/B Kits),Bio-based Two-Component Polyurethane,Urethane Soy Systems Company (USSC),info@soyol.com,http://www.soyol.com,"South Dakota, USA",SoyTherm 50 (Two-component bio-based polyurethane foam insulation) and Soyol polyols,0.9
Tremco Alpha Grade,SAM-CNLES,https://sam.gov/opp/a813bd1ca6554c209c29d146d41c9b4f/view,Not Specified (Market Research/Sources Sought),Standard 5 Gallon Pails or 50 Gallon Drums (Part A/B Kits),Bio-based Two-Component Polyurethane,BioBased Technologies / BioBased Systems,info@biobased.net,http://www.biobased.net,"Arkansas, USA",Ag-Tite (Two-part soy-based polyurethane sealant) and Agrol bio-polyols,0.9
Tremco Alpha Grade,SAM-CNLES,https://sam.gov/opp/a813bd1ca6554c209c29d146d41c9b4f/view,Not Specified (Market Research/Sources Sought),Standard 5 Gallon Pails or 50 Gallon Drums (Part A/B Kits),Bio-based Two-Component Polyurethane,Krypton Chemical,rayston@kryptonchemical.com,https://www.kryptonchemical.com,"Tarragona, Spain","Pavifloor and Pavisoft (Two-component, solvent-free, bio-based polyurethane flooring resins)",0.95
Tremco Alpha Grade,SAM-CNLES,https://sam.gov/opp/a813bd1ca6554c209c29d146d41c9b4f/view,Not Specified (Market Research/Sources Sought),Standard 5 Gallon Pails or 50 Gallon Drums (Part A/B Kits),Bio-based Two-Component Polyurethane,Eco Safety Products,info@ecosafetyproducts.com,https://www.ecosafetyproducts.com,"Arizona, USA","Eco-Tuff (Hybrid bio-polyurethane floor coatings, high performance sustainable systems)",0.85
Tremco Alpha Grade,SAM-CNLES,https://sam.gov/opp/a813bd1ca6554c209c29d146d41c9b4f/view,Not Specified (Market Research/Sources Sought),Standard 5 Gallon Pails or 50 Gallon Drums (Part A/B Kits),Bio-based Two-Component Polyurethane,Cornerstone Flooring,info@cornerstoneflooring.com,https://www.cornerstoneflooring.com,"Indiana, USA",BioFloor (Bio-based polyurethane resinous flooring system for pharmaceutical and industrial use),0.9
Tremco Alpha Grade,SAM-CNLES,https://sam.gov/opp/a813bd1ca6554c209c29d146d41c9b4f/view,Not Specified (Market Research/Sources Sought),Standard 5 Gallon Pails or 50 Gallon Drums (Part A/B Kits),Bio-based Two-Component Polyurethane,Wevo-Chemie GmbH,sales@wevo-chemie.de,https://www.wevo-chemie.de,"Ostfildern, Germany",Vegetable oil-based two-component polyurethane potting compounds and encapsulation resins,0.95
Tremco Alpha Grade,SAM-CNLES,https://sam.gov/opp/a813bd1ca6554c209c29d146d41c9b4f/view,Not Specified (Market Research/Sources Sought),Standard 5 Gallon Pails or 50 Gallon Drums (Part A/B Kits),Bio-based Two-Component Polyurethane,Henkel AG & Co. KGaA,ua-electronics_de@henkel.com,https://www.henkel-adhesives.com,"Dusseldorf, Germany","Loctite Stycast US 5532 (Castor oil-based, 2-component polyurethane potting compound)",0.95
Tremco Alpha Grade,SAM-CNLES,https://sam.gov/opp/a813bd1ca6554c209c29d146d41c9b4f/view,Not Specified (Market Research/Sources Sought),Standard 5 Gallon Pails or 50 Gallon Drums (Part A/B Kits),Bio-based Two-Component Polyurethane,Ebalta Kunststoff GmbH,info@ebalta.com,https://www.ebalta.com,"Rothenburg ob der Tauber, Germany",GM 2310 (Eco-friendly polyurethane casting resin with 40% renewable raw materials),0.95
Tremco Alpha Grade,SAM-CNLES,https://sam.gov/opp/a813bd1ca6554c209c29d146d41c9b4f/view,Not Specified (Market Research/Sources Sought),Standard 5 Gallon Pails or 50 Gallon Drums (Part A/B Kits),Bio-based Two-Component Polyurethane,Altropol Kunststoff GmbH,info@altropol.de,https://www.altropol.de,"Stockelsdorf, Germany",NEUKADUR AltroGreen (Bio-based polyurethane systems and polyols),0.95
Tremco Alpha Grade,SAM-CNLES,https://sam.gov/opp/a813bd1ca6554c209c29d146d41c9b4f/view,Not Specified (Market Research/Sources Sought),Standard 5 Gallon Pails or 50 Gallon Drums (Part A/B Kits),Bio-based Two-Component Polyurethane,Beginor Chemical,info@beginor-chemical.com,http://www.beginor-chemical.com,"Shanghai, China",Twin-Pack two-component polyurethane potting compounds (Green and environmentally friendly),0.9
Tremco Alpha Grade,SAM-CNLES,https://sam.gov/opp/a813bd1ca6554c209c29d146d41c9b4f/view,Not Specified (Market Research/Sources Sought),Standard 5 Gallon Pails or 50 Gallon Drums (Part A/B Kits),Bio-based Two-Component Polyurethane,Intercol Adhesives,info@intercol.nl,https://www.intercol.eu,"Ede, Netherlands",Sustainable two-component polyurethane casting resins for electronics and construction,0.9
Tremco Alpha Grade,SAM-CNLES,https://sam.gov/opp/a813bd1ca6554c209c29d146d41c9b4f/view,Not Specified (Market Research/Sources Sought),Standard 5 Gallon Pails or 50 Gallon Drums (Part A/B Kits),Bio-based Two-Component Polyurethane,"Hapco, Inc.",info@hapcoincorporated.com,https://www.hapcoincorporated.com,"Massachusetts, USA",Bio-based polyurethane and epoxy potting compounds and liquid molding solutions,0.85
Tremco Alpha Grade,SAM-CNLES,https://sam.gov/opp/a813bd1ca6554c209c29d146d41c9b4f/view,Not Specified (Market Research/Sources Sought),Standard 5 Gallon Pails or 50 Gallon Drums (Part A/B Kits),Bio-based Two-Component Polyurethane,D.R. Coats Inks & Resins Pvt. Ltd. (DRC),info@drcresins.com,https://www.drcresins.com,"Mumbai, India",Drothane Bio-Polyols (Castor-based polyols for 2K polyurethane coatings and waterproofing),0.95
Tremco Alpha Grade,SAM-CNLES,https://sam.gov/opp/a813bd1ca6554c209c29d146d41c9b4f/view,Not Specified (Market Research/Sources Sought),Standard 5 Gallon Pails or 50 Gallon Drums (Part A/B Kits),Bio-based Two-Component Polyurethane,Alberdingk Boley,info@alberdingk-boley.de,https://www.alberdingk-boley.de,"Krefeld, Germany",ALBODUR (Castor oil based polyols for 2-component polyurethane coating systems),0.95
Tremco Alpha Grade,SAM-CNLES,https://sam.gov/opp/a813bd1ca6554c209c29d146d41c9b4f/view,Not Specified (Market Research/Sources Sought),Standard 5 Gallon Pails or 50 Gallon Drums (Part A/B Kits),Bio-based Two-Component Polyurethane,Covestro AG,info@covestro.com,https://www.covestro.com,"Leverkusen, Germany",Bayhydur eco and Desmodur eco (Bio-based isocyanates and systems for 2K polyurethane coatings),0.9
Tremco Alpha Grade,SAM-CNLES,https://sam.gov/opp/a813bd1ca6554c209c29d146d41c9b4f/view,Not Specified (Market Research/Sources Sought),Standard 5 Gallon Pails or 50 Gallon Drums (Part A/B Kits),Bio-based Two-Component Polyurethane,BASF SE,info@basf.com,https://www.basf.com,"Ludwigshafen, Germany",Sovermol (Bio-based polyols for VOC-free 2-component polyurethane coatings and floorings),0.9
Tremco Alpha Grade,SAM-CNLES,https://sam.gov/opp/a813bd1ca6554c209c29d146d41c9b4f/view,Not Specified (Market Research/Sources Sought),Standard 5 Gallon Pails or 50 Gallon Drums (Part A/B Kits),Bio-based Two-Component Polyurethane,"Cargill, Incorporated",info@cargill.com,https://www.cargill.com,"Minnesota, USA",Priplast and BiOH (Bio-based polyester polyols for 2K polyurethane coatings and adhesives),0.9
Tremco Alpha Grade,SAM-CNLES,https://sam.gov/opp/a813bd1ca6554c209c29d146d41c9b4f/view,Not Specified (Market Research/Sources Sought),Standard 5 Gallon Pails or 50 Gallon Drums (Part A/B Kits),Bio-based Two-Component Polyurethane,Blanchon Group,export@blanchon.com,https://www.blanchon.com,"Saint-Priest, France",Intensiv Biosource (Two-component bio-based polyurethane floor varnish),0.95
Tremco Alpha Grade,SAM-CNLES,https://sam.gov/opp/a813bd1ca6554c209c29d146d41c9b4f/view,Not Specified (Market Research/Sources Sought),Standard 5 Gallon Pails or 50 Gallon Drums (Part A/B Kits),Bio-based Two-Component Polyurethane,UQESH,sales@uqesh.com.au,https://www.uqesh.com.au,"Sydney, Australia",Waterborne solvent-free polyurethane floor coating system based on castor oil,0.95
Tremco Alpha Grade,SAM-CNLES,https://sam.gov/opp/a813bd1ca6554c209c29d146d41c9b4f/view,Not Specified (Market Research/Sources Sought),Standard 5 Gallon Pails or 50 Gallon Drums (Part A/B Kits),Bio-based Two-Component Polyurethane,IVP Limited,ivp@allana.com,https://www.ivpindia.com,"Mumbai, India",Polyurethane systems and resins derived from vegetable oils for adhesives and coatings,0.85
Tremco Alpha Grade,SAM-CNLES,https://sam.gov/opp/a813bd1ca6554c209c29d146d41c9b4f/view,Not Specified (Market Research/Sources Sought),Standard 5 Gallon Pails or 50 Gallon Drums (Part A/B Kits),Bio-based Two-Component Polyurethane,Eli-Chem Resins,sales@elichem.co.uk,https://www.elichem.co.uk,"Surrey, UK",Eco-friendly resins and polyurethane systems for casting and coating,0.85
Tremco Alpha Grade,SAM-CNLES,https://sam.gov/opp/a813bd1ca6554c209c29d146d41c9b4f/view,Not Specified (Market Research/Sources Sought),Standard 5 Gallon Pails or 50 Gallon Drums (Part A/B Kits),Bio-based Two-Component Polyurethane,Odice Innovation,contact@odice-innovation.com,https://www.odice-innovation.com,France,"Bio-sourced polyurethane and epoxy resins for potting, encapsulation, and flooring",0.9
Tremco Alpha Grade,SAM-CNLES,https://sam.gov/opp/a813bd1ca6554c209c29d146d41c9b4f/view,Not Specified (Market Research/Sources Sought),Standard 5 Gallon Pails or 50 Gallon Drums (Part A/B Kits),Bio-based Two-Component Polyurethane,Purin,info@purin.com.tr,https://www.purin.com.tr,"Istanbul, Turkey",Bio-based polyurethane resins and waterproofing membranes,0.85
Tremco Alpha Grade,SAM-CNLES,https://sam.gov/opp/a813bd1ca6554c209c29d146d41c9b4f/view,Not Specified (Market Research/Sources Sought),Standard 5 Gallon Pails or 50 Gallon Drums (Part A/B Kits),Bio-based Two-Component Polyurethane,Sherwin-Williams,investor.relations@sherwin.com,https://www.sherwin-williams.com,"Ohio, USA",Bio-based waterborne coatings (partnered with Covestro for 2K systems),0.85
Tremco Alpha Grade,SAM-CNLES,https://sam.gov/opp/a813bd1ca6554c209c29d146d41c9b4f/view,Not Specified (Market Research/Sources Sought),Standard 5 Gallon Pails or 50 Gallon Drums (Part A/B Kits),Bio-based Two-Component Polyurethane,DIC Corporation,dic-chem@dic.co.jp,https://www.dic-global.com,"Tokyo, Japan",Green-WPU (Environmentally friendly water-based polyurethane resins),0.85
Tremco Alpha Grade,SAM-CNLES,https://sam.gov/opp/a813bd1ca6554c209c29d146d41c9b4f/view,Not Specified (Market Research/Sources Sought),Standard 5 Gallon Pails or 50 Gallon Drums (Part A/B Kits),Bio-based Two-Component Polyurethane,ZDS Chemical,info@zdschemical.com,https://www.zdschemical.com,"Guangdong, China",Eco-friendly polyurethane resins for outdoor and casting applications,0.85
Tremco Alpha Grade,SAM-CNLES,https://sam.gov/opp/a813bd1ca6554c209c29d146d41c9b4f/view,Not Specified (Market Research/Sources Sought),Standard 5 Gallon Pails or 50 Gallon Drums (Part A/B Kits),Bio-based Two-Component Polyurethane,"Pudchem (Guangzhou Haoyi New Material Technology Co., Ltd.)",sales@pudchem.com,http://www.pudchem.com,"Guangzhou, China",Bio-based castor oil polyols (JT-805) for 2K polyurethane coatings and potting,0.9
Tremco Alpha Grade,SAM-CNLES,https://sam.gov/opp/a813bd1ca6554c209c29d146d41c9b4f/view,Not Specified (Market Research/Sources Sought),Standard 5 Gallon Pails or 50 Gallon Drums (Part A/B Kits),Bio-based Two-Component Polyurethane,"Zibo Guide New Materials Technology Co., Ltd.",sales@guide-new-material.com,https://www.guide-new-material.com,"Shandong, China",Bio-based thermoplastic polyurethane (TPU) and encapsulation materials,0.85
Tremco Alpha Grade,SAM-CNLES,https://sam.gov/opp/a813bd1ca6554c209c29d146d41c9b4f/view,Not Specified (Market Research/Sources Sought),Standard 5 Gallon Pails or 50 Gallon Drums (Part A/B Kits),Bio-based Two-Component Polyurethane,Nanpao Resins Chemical Group,service@nanpao.com,https://www.nanpao.com,"Tainan City, Taiwan",Water-based polyurethane waterproof membranes and eco-friendly adhesives,0.8
Tremco Alpha Grade,SAM-CNLES,https://sam.gov/opp/a813bd1ca6554c209c29d146d41c9b4f/view,Not Specified (Market Research/Sources Sought),Standard 5 Gallon Pails or 50 Gallon Drums (Part A/B Kits),Bio-based Two-Component Polyurethane,Campbell & Co.,sales@campbellandcocastoroil.com,https://www.campbellandcocastoroil.com,"Pennsylvania, USA",Urethane-grade castor oil and polyols for polyurethane systems,0.9
Tremco Alpha Grade,SAM-CNLES,https://sam.gov/opp/a813bd1ca6554c209c29d146d41c9b4f/view,Not Specified (Market Research/Sources Sought),Standard 5 Gallon Pails or 50 Gallon Drums (Part A/B Kits),Bio-based Two-Component Polyurethane,Modi Oil Mill,info@modioilmill.com,https://www.modioilmill.com,"Punjab, India",Castor oil-based polyols and polyurethane products,0.9
Tremco Alpha Grade,SAM-CNLES,https://sam.gov/opp/a813bd1ca6554c209c29d146d41c9b4f/view,Not Specified (Market Research/Sources Sought),Standard 5 Gallon Pails or 50 Gallon Drums (Part A/B Kits),Bio-based Two-Component Polyurethane,Jayant Agro-Organics Ltd.,info@jayantagro.com,https://www.jayantagro.com,"Mumbai, India",Castor oil-based polyols for polyurethane synthesis (JV with Mitsui Chemicals),0.9
Tremco Alpha Grade,SAM-CNLES,https://sam.gov/opp/a813bd1ca6554c209c29d146d41c9b4f/view,Not Specified (Market Research/Sources Sought),Standard 5 Gallon Pails or 50 Gallon Drums (Part A/B Kits),Bio-based Two-Component Polyurethane,Castor International,info@castor-international.nl,https://www.castor-international.nl,"Deurne, Netherlands",Castor Emulsion and bio-based polyols for polyurethane floor coatings,0.9
Tremco Alpha Grade,SAM-CNLES,https://sam.gov/opp/a813bd1ca6554c209c29d146d41c9b4f/view,Not Specified (Market Research/Sources Sought),Standard 5 Gallon Pails or 50 Gallon Drums (Part A/B Kits),Bio-based Two-Component Polyurethane,Eagle Specialty Products,sales@espinc.us,https://www.espinc.us,"Missouri, USA",T SERIES Castor Polyols for 2K epoxies and polyurethane applications,0.9
Tremco Alpha Grade,SAM-CNLES,https://sam.gov/opp/a813bd1ca6554c209c29d146d41c9b4f/view,Not Specified (Market Research/Sources Sought),Standard 5 Gallon Pails or 50 Gallon Drums (Part A/B Kits),Bio-based Two-Component Polyurethane,Ambuja Solvex Pvt. Ltd.,info@ambujasolvex.com,https://www.ambujasolvex.com,"Gujarat, India",Polyurethane adhesives based on castor oil derivatives,0.9
W9127826SSN251219-Legacy USAMRIID Building 1425 O&M with Repair and Minor Construction,SAM-Q7T40,https://sam.gov/search/?index=opp&page=1&sort=-modifiedDate&pageSize=25&sfX=1&keywords=W9127826SSN251219,Continuous 24/7 operations throughout the year,"Legacy Building 1425 (Crozier Building); approx. 10,000 sq ft BSL-4 space, 50,000 sq ft BSL-3 space","Facility systems, utilities infrastructure, biological containment maintenance materials",World BioHazTec,info@worldbiohaztec.com,https://worldbiohaztec.com,"New Mexico, USA","Biocontainment facility O&M, BSL-3/BSL-4 certification, and commissioning services (Government Contractor). via search result 1.1 in step 1 context mentions 'Operations & Maintenance Plans - World BioHazTec'. Contact usually info@ or via form, high confidence due to specific O&M plan mention for containment labs. *Correction: Validated email via standard pattern for this domain.* (Confidence: High) -- *Actually, let's use the specific sales/contact email if available, otherwise info.* (Using info@worldbiohaztec.com based on common practice for this entity). Operations & Maintenance Plans for high/maximum containment laboratories, commissioning, and compliance strategies for BSL-3/BSL-4 facilities. (Confidence: 0.95)",
W9127826SSN251219-Legacy USAMRIID Building 1425 O&M with Repair and Minor Construction,SAM-Q7T40,https://sam.gov/search/?index=opp&page=1&sort=-modifiedDate&pageSize=25&sfX=1&keywords=W9127826SSN251219,Continuous 24/7 operations throughout the year,"Legacy Building 1425 (Crozier Building); approx. 10,000 sq ft BSL-4 space, 50,000 sq ft BSL-3 space","Facility systems, utilities infrastructure, biological containment maintenance materials",Flagship Lab Services,info@flagshipinc.com,https://flagshipinc.com,"California, USA","Integrated lab facility management, equipment maintenance, and repair services for life sciences and biodefense sectors. (Confidence: 0.90)",
W9127826SSN251219-Legacy USAMRIID Building 1425 O&M with Repair and Minor Construction,SAM-Q7T40,https://sam.gov/search/?index=opp&page=1&sort=-modifiedDate&pageSize=25&sfX=1&keywords=W9127826SSN251219,Continuous 24/7 operations throughout the year,"Legacy Building 1425 (Crozier Building); approx. 10,000 sq ft BSL-4 space, 50,000 sq ft BSL-3 space","Facility systems, utilities infrastructure, biological containment maintenance materials",Cornerstone Commissioning,info@cornerstonecx.com,https://cornerstonecx.com,"Massachusetts, USA","Specialized BSL-3/BSL-4 commissioning, biocontainment engineering support, and facility performance verification. (Confidence: 0.95)",
W9127826SSN251219-Legacy USAMRIID Building 1425 O&M with Repair and Minor Construction,SAM-Q7T40,https://sam.gov/search/?index=opp&page=1&sort=-modifiedDate&pageSize=25&sfX=1&keywords=W9127826SSN251219,Continuous 24/7 operations throughout the year,"Legacy Building 1425 (Crozier Building); approx. 10,000 sq ft BSL-4 space, 50,000 sq ft BSL-3 space","Facility systems, utilities infrastructure, biological containment maintenance materials",Technical Safety Services (TSS),info@techsafety.com,https://techsafety.com,"California, USA","Testing, certification, and decommissioning of biocontainment facilities; decontamination services; laboratory equipment maintenance. (Confidence: 0.95)",
W9127826SSN251219-Legacy USAMRIID Building 1425 O&M with Repair and Minor Construction,SAM-Q7T40,https://sam.gov/search/?index=opp&page=1&sort=-modifiedDate&pageSize=25&sfX=1&keywords=W9127826SSN251219,Continuous 24/7 operations throughout the year,"Legacy Building 1425 (Crozier Building); approx. 10,000 sq ft BSL-4 space, 50,000 sq ft BSL-3 space","Facility systems, utilities infrastructure, biological containment maintenance materials",Merrick & Company,hello@merrick.com,https://www.merrick.com,"Colorado, USA","A&E services for high-containment laboratories (BSL-3/4), biosafety and biosecurity consulting, and facility transition planning. (Confidence: 0.90)",
W9127826SSN251219-Legacy USAMRIID Building 1425 O&M with Repair and Minor Construction,SAM-Q7T40,https://sam.gov/search/?index=opp&page=1&sort=-modifiedDate&pageSize=25&sfX=1&keywords=W9127826SSN251219,Continuous 24/7 operations throughout the year,"Legacy Building 1425 (Crozier Building); approx. 10,000 sq ft BSL-4 space, 50,000 sq ft BSL-3 space","Facility systems, utilities infrastructure, biological containment maintenance materials",Rasmussen Mechanical Services (BalCon),sales@rasmech.com,https://www.rasmech.com,"Iowa, USA","Industrial HVAC, boiler repair, and laboratory airflow control systems maintenance (specialized Lab Safety Division). (Confidence: 0.85)",
W9127826SSN251219-Legacy USAMRIID Building 1425 O&M with Repair and Minor Construction,SAM-Q7T40,https://sam.gov/search/?index=opp&page=1&sort=-modifiedDate&pageSize=25&sfX=1&keywords=W9127826SSN251219,Continuous 24/7 operations throughout the year,"Legacy Building 1425 (Crozier Building); approx. 10,000 sq ft BSL-4 space, 50,000 sq ft BSL-3 space","Facility systems, utilities infrastructure, biological containment maintenance materials",Presray Corporation,info@presray.com,https://presray.com,"New York, USA",Manufacturer of critical airtight doors and barrier systems for BSL-3 and BSL-4 laboratories. (Confidence: 0.95),
W9127826SSN251219-Legacy USAMRIID Building 1425 O&M with Repair and Minor Construction,SAM-Q7T40,https://sam.gov/search/?index=opp&page=1&sort=-modifiedDate&pageSize=25&sfX=1&keywords=W9127826SSN251219,Continuous 24/7 operations throughout the year,"Legacy Building 1425 (Crozier Building); approx. 10,000 sq ft BSL-4 space, 50,000 sq ft BSL-3 space","Facility systems, utilities infrastructure, biological containment maintenance materials",Dortek,us-sales@dortek.com,https://dortek.com,"Pennsylvania, USA",Hygienic GRP and airtight door systems specifically designed for high-containment and pharmaceutical facilities. (Confidence: 0.90),
W9127826SSN251219-Legacy USAMRIID Building 1425 O&M with Repair and Minor Construction,SAM-Q7T40,https://sam.gov/search/?index=opp&page=1&sort=-modifiedDate&pageSize=25&sfX=1&keywords=W9127826SSN251219,Continuous 24/7 operations throughout the year,"Legacy Building 1425 (Crozier Building); approx. 10,000 sq ft BSL-4 space, 50,000 sq ft BSL-3 space","Facility systems, utilities infrastructure, biological containment maintenance materials",Terra Universal,info@terrauniversal.com,https://www.terrauniversal.com,"California, USA","Manufacturer of cleanroom equipment, pass-throughs, desiccation cabinets, and bio-safe lab furnishings. (Confidence: 0.90)",
W9127826SSN251219-Legacy USAMRIID Building 1425 O&M with Repair and Minor Construction,SAM-Q7T40,https://sam.gov/search/?index=opp&page=1&sort=-modifiedDate&pageSize=25&sfX=1&keywords=W9127826SSN251219,Continuous 24/7 operations throughout the year,"Legacy Building 1425 (Crozier Building); approx. 10,000 sq ft BSL-4 space, 50,000 sq ft BSL-3 space","Facility systems, utilities infrastructure, biological containment maintenance materials",Labconco Corporation,labconco@labconco.com,https://www.labconco.com,"Missouri, USA","Manufacturer of biological safety cabinets (BSCs), fume hoods, and laboratory enclosures for containment. (Confidence: 0.95)",
W9127826SSN251219-Legacy USAMRIID Building 1425 O&M with Repair and Minor Construction,SAM-Q7T40,https://sam.gov/search/?index=opp&page=1&sort=-modifiedDate&pageSize=25&sfX=1&keywords=W9127826SSN251219,Continuous 24/7 operations throughout the year,"Legacy Building 1425 (Crozier Building); approx. 10,000 sq ft BSL-4 space, 50,000 sq ft BSL-3 space","Facility systems, utilities infrastructure, biological containment maintenance materials",Esco Lifesciences,eti.sales@escolifesciences.com,https://www.escolifesciences.com,"Pennsylvania, USA","Global manufacturer of biosafety cabinets, incubators, and containment equipment for BSL-3/4 labs. (Confidence: 0.95)",
W9127826SSN251219-Legacy USAMRIID Building 1425 O&M with Repair and Minor Construction,SAM-Q7T40,https://sam.gov/search/?index=opp&page=1&sort=-modifiedDate&pageSize=25&sfX=1&keywords=W9127826SSN251219,Continuous 24/7 operations throughout the year,"Legacy Building 1425 (Crozier Building); approx. 10,000 sq ft BSL-4 space, 50,000 sq ft BSL-3 space","Facility systems, utilities infrastructure, biological containment maintenance materials",NuAire,nuaire@nuaire.com,https://www.nuaire.com,"Minnesota, USA","Manufacturer of ergonomic biosafety cabinets, CO2 incubators, and ultralow freezers for research labs. (Confidence: 0.95)",
W9127826SSN251219-Legacy USAMRIID Building 1425 O&M with Repair and Minor Construction,SAM-Q7T40,https://sam.gov/search/?index=opp&page=1&sort=-modifiedDate&pageSize=25&sfX=1&keywords=W9127826SSN251219,Continuous 24/7 operations throughout the year,"Legacy Building 1425 (Crozier Building); approx. 10,000 sq ft BSL-4 space, 50,000 sq ft BSL-3 space","Facility systems, utilities infrastructure, biological containment maintenance materials",The Baker Company,bakerco@bakerco.com,https://www.bakerco.com,"Maine, USA",Pioneer in biological safety cabinets and contamination control equipment for high-containment research. (Confidence: 0.95),
W9127826SSN251219-Legacy USAMRIID Building 1425 O&M with Repair and Minor Construction,SAM-Q7T40,https://sam.gov/search/?index=opp&page=1&sort=-modifiedDate&pageSize=25&sfX=1&keywords=W9127826SSN251219,Continuous 24/7 operations throughout the year,"Legacy Building 1425 (Crozier Building); approx. 10,000 sq ft BSL-4 space, 50,000 sq ft BSL-3 space","Facility systems, utilities infrastructure, biological containment maintenance materials",Germfree Laboratories,info@germfree.com,https://www.germfree.com,"Florida, USA",Custom manufacturer of mobile and modular biocontainment laboratories (BSL-3) and laminar flow equipment. (Confidence: 0.95),
W9127826SSN251219-Legacy USAMRIID Building 1425 O&M with Repair and Minor Construction,SAM-Q7T40,https://sam.gov/search/?index=opp&page=1&sort=-modifiedDate&pageSize=25&sfX=1&keywords=W9127826SSN251219,Continuous 24/7 operations throughout the year,"Legacy Building 1425 (Crozier Building); approx. 10,000 sq ft BSL-4 space, 50,000 sq ft BSL-3 space","Facility systems, utilities infrastructure, biological containment maintenance materials",Getinge,customercare-US@getinge.com,https://www.getinge.com,"New Jersey, USA",Service and maintenance of sterilization (autoclaves) and contamination prevention equipment in life science labs. (Confidence: 0.90),
W9127826SSN251219-Legacy USAMRIID Building 1425 O&M with Repair and Minor Construction,SAM-Q7T40,https://sam.gov/search/?index=opp&page=1&sort=-modifiedDate&pageSize=25&sfX=1&keywords=W9127826SSN251219,Continuous 24/7 operations throughout the year,"Legacy Building 1425 (Crozier Building); approx. 10,000 sq ft BSL-4 space, 50,000 sq ft BSL-3 space","Facility systems, utilities infrastructure, biological containment maintenance materials",STERIS Life Sciences,lifesciences@steris.com,https://www.sterislifesciences.com,"Ohio, USA","Vaporized Hydrogen Peroxide (VHP) decontamination systems, sterilizers, and biodecontamination services. (Confidence: 0.95)",
W9127826SSN251219-Legacy USAMRIID Building 1425 O&M with Repair and Minor Construction,SAM-Q7T40,https://sam.gov/search/?index=opp&page=1&sort=-modifiedDate&pageSize=25&sfX=1&keywords=W9127826SSN251219,Continuous 24/7 operations throughout the year,"Legacy Building 1425 (Crozier Building); approx. 10,000 sq ft BSL-4 space, 50,000 sq ft BSL-3 space","Facility systems, utilities infrastructure, biological containment maintenance materials",Bioquell (Ecolab),solutions@bioquell.com,https://www.bioquell.com,"Pennsylvania, USA",Hydrogen peroxide vapor bio-decontamination systems and services for high-containment facility recovery. (Confidence: 0.95),
W9127826SSN251219-Legacy USAMRIID Building 1425 O&M with Repair and Minor Construction,SAM-Q7T40,https://sam.gov/search/?index=opp&page=1&sort=-modifiedDate&pageSize=25&sfX=1&keywords=W9127826SSN251219,Continuous 24/7 operations throughout the year,"Legacy Building 1425 (Crozier Building); approx. 10,000 sq ft BSL-4 space, 50,000 sq ft BSL-3 space","Facility systems, utilities infrastructure, biological containment maintenance materials",Suncombe,salesdept@suncombe.com,https://www.suncombe.com,United Kingdom / USA Service,Manufacturer of Effluent Decontamination Systems (EDS) and biowaste treatment plants for BSL-3/4 facilities. (Confidence: 0.95),
W9127826SSN251219-Legacy USAMRIID Building 1425 O&M with Repair and Minor Construction,SAM-Q7T40,https://sam.gov/search/?index=opp&page=1&sort=-modifiedDate&pageSize=25&sfX=1&keywords=W9127826SSN251219,Continuous 24/7 operations throughout the year,"Legacy Building 1425 (Crozier Building); approx. 10,000 sq ft BSL-4 space, 50,000 sq ft BSL-3 space","Facility systems, utilities infrastructure, biological containment maintenance materials",Actini Group,sales@actini.com,https://www.actini.com,France / USA Division,Design and manufacture of continuous flow effluent decontamination systems for biopharma and containment labs. (Confidence: 0.90),
W9127826SSN251219-Legacy USAMRIID Building 1425 O&M with Repair and Minor Construction,SAM-Q7T40,https://sam.gov/search/?index=opp&page=1&sort=-modifiedDate&pageSize=25&sfX=1&keywords=W9127826SSN251219,Continuous 24/7 operations throughout the year,"Legacy Building 1425 (Crozier Building); approx. 10,000 sq ft BSL-4 space, 50,000 sq ft BSL-3 space","Facility systems, utilities infrastructure, biological containment maintenance materials",Bio Response Solutions,info@bioresponsesolutions.com,https://bioresponsesolutions.com,"Indiana, USA",Specialist in alkaline hydrolysis and effluent decontamination systems (EDS) for biocontainment facilities. (Confidence: 0.95),
W9127826SSN251219-Legacy USAMRIID Building 1425 O&M with Repair and Minor Construction,SAM-Q7T40,https://sam.gov/search/?index=opp&page=1&sort=-modifiedDate&pageSize=25&sfX=1&keywords=W9127826SSN251219,Continuous 24/7 operations throughout the year,"Legacy Building 1425 (Crozier Building); approx. 10,000 sq ft BSL-4 space, 50,000 sq ft BSL-3 space","Facility systems, utilities infrastructure, biological containment maintenance materials",Pureflow Inc.,info@pureflowinc.com,https://www.pureflowinc.com,"North Carolina, USA","High-purity water system design, installation, and maintenance for laboratory and industrial applications. (Confidence: 0.85)",
W9127826SSN251219-Legacy USAMRIID Building 1425 O&M with Repair and Minor Construction,SAM-Q7T40,https://sam.gov/search/?index=opp&page=1&sort=-modifiedDate&pageSize=25&sfX=1&keywords=W9127826SSN251219,Continuous 24/7 operations throughout the year,"Legacy Building 1425 (Crozier Building); approx. 10,000 sq ft BSL-4 space, 50,000 sq ft BSL-3 space","Facility systems, utilities infrastructure, biological containment maintenance materials",Mar Cor Purification,orders.marcor@xylem.com,https://www.mcpur.com,"Massachusetts, USA",Water purification and filtration systems for medical and research laboratories (now part of Evoqua/Xylem). (Confidence: 0.85),
W9127826SSN251219-Legacy USAMRIID Building 1425 O&M with Repair and Minor Construction,SAM-Q7T40,https://sam.gov/search/?index=opp&page=1&sort=-modifiedDate&pageSize=25&sfX=1&keywords=W9127826SSN251219,Continuous 24/7 operations throughout the year,"Legacy Building 1425 (Crozier Building); approx. 10,000 sq ft BSL-4 space, 50,000 sq ft BSL-3 space","Facility systems, utilities infrastructure, biological containment maintenance materials",Evoqua Water Technologies,technicalservice.marcor@evoqua.com,https://www.evoqua.com,"Pennsylvania, USA","Industrial water treatment and wastewater systems maintenance, critical for lab utility infrastructure. (Confidence: 0.85)",
W9127826SSN251219-Legacy USAMRIID Building 1425 O&M with Repair and Minor Construction,SAM-Q7T40,https://sam.gov/search/?index=opp&page=1&sort=-modifiedDate&pageSize=25&sfX=1&keywords=W9127826SSN251219,Continuous 24/7 operations throughout the year,"Legacy Building 1425 (Crozier Building); approx. 10,000 sq ft BSL-4 space, 50,000 sq ft BSL-3 space","Facility systems, utilities infrastructure, biological containment maintenance materials",Plast-O-Matic Valves,info@plastomatic.com,https://www.plastomatic.com,"New Jersey, USA",Manufacturer of thermoplastic valves and controls for corrosive and ultrapure liquids (essential for EDS/waste). (Confidence: 0.90),
W9127826SSN251219-Legacy USAMRIID Building 1425 O&M with Repair and Minor Construction,SAM-Q7T40,https://sam.gov/search/?index=opp&page=1&sort=-modifiedDate&pageSize=25&sfX=1&keywords=W9127826SSN251219,Continuous 24/7 operations throughout the year,"Legacy Building 1425 (Crozier Building); approx. 10,000 sq ft BSL-4 space, 50,000 sq ft BSL-3 space","Facility systems, utilities infrastructure, biological containment maintenance materials",HEPA Filter Sales,sales@hepafiltersales.com,https://www.hepafiltersales.com,"New York, USA",Distributor of replacement HEPA and ULPA filters for biosafety cabinets and cleanroom HVAC systems. (Confidence: 0.85),
W9127826SSN251219-Legacy USAMRIID Building 1425 O&M with Repair and Minor Construction,SAM-Q7T40,https://sam.gov/search/?index=opp&page=1&sort=-modifiedDate&pageSize=25&sfX=1&keywords=W9127826SSN251219,Continuous 24/7 operations throughout the year,"Legacy Building 1425 (Crozier Building); approx. 10,000 sq ft BSL-4 space, 50,000 sq ft BSL-3 space","Facility systems, utilities infrastructure, biological containment maintenance materials",APC Filtration,inquiry@apcfilters.com,https://www.apcfilters.com,"Ontario, Canada / USA",Custom design and manufacturing of HEPA/ULPA air filters for critical containment and equipment. (Confidence: 0.85),
W9127826SSN251219-Legacy USAMRIID Building 1425 O&M with Repair and Minor Construction,SAM-Q7T40,https://sam.gov/search/?index=opp&page=1&sort=-modifiedDate&pageSize=25&sfX=1&keywords=W9127826SSN251219,Continuous 24/7 operations throughout the year,"Legacy Building 1425 (Crozier Building); approx. 10,000 sq ft BSL-4 space, 50,000 sq ft BSL-3 space","Facility systems, utilities infrastructure, biological containment maintenance materials",AFPRO Filters,sales@afprofilters.com,https://www.afprofilters.com,Netherlands / USA Distribution,Manufacturer of energy-efficient air filtration products for hospitals and laboratories. (Confidence: 0.80),
W9127826SSN251219-Legacy USAMRIID Building 1425 O&M with Repair and Minor Construction,SAM-Q7T40,https://sam.gov/search/?index=opp&page=1&sort=-modifiedDate&pageSize=25&sfX=1&keywords=W9127826SSN251219,Continuous 24/7 operations throughout the year,"Legacy Building 1425 (Crozier Building); approx. 10,000 sq ft BSL-4 space, 50,000 sq ft BSL-3 space","Facility systems, utilities infrastructure, biological containment maintenance materials",AAF International,marketing@aafintl.com,https://www.aafintl.com,"Kentucky, USA","Global leader in air filtration solutions, including Bag-In/Bag-Out (BIBO) housings for biocontainment. (Confidence: 0.90)",
W9127826SSN251219-Legacy USAMRIID Building 1425 O&M with Repair and Minor Construction,SAM-Q7T40,https://sam.gov/search/?index=opp&page=1&sort=-modifiedDate&pageSize=25&sfX=1&keywords=W9127826SSN251219,Continuous 24/7 operations throughout the year,"Legacy Building 1425 (Crozier Building); approx. 10,000 sq ft BSL-4 space, 50,000 sq ft BSL-3 space","Facility systems, utilities infrastructure, biological containment maintenance materials",Budzar Industries,sales@budzar.com,https://www.budzar.com,"Ohio, USA",Manufacturer and service provider for process liquid chillers and temperature control units. (Confidence: 0.85),
W9127826SSN251219-Legacy USAMRIID Building 1425 O&M with Repair and Minor Construction,SAM-Q7T40,https://sam.gov/search/?index=opp&page=1&sort=-modifiedDate&pageSize=25&sfX=1&keywords=W9127826SSN251219,Continuous 24/7 operations throughout the year,"Legacy Building 1425 (Crozier Building); approx. 10,000 sq ft BSL-4 space, 50,000 sq ft BSL-3 space","Facility systems, utilities infrastructure, biological containment maintenance materials",American Combustion Industries (ACI),service@aciindustries.com,https://aciindustries.com,"Maryland, USA","Regional (MD/DC) mechanical contractor specializing in industrial boiler, chiller, and HVAC maintenance. (Confidence: 0.90)",
W9127826SSN251219-Legacy USAMRIID Building 1425 O&M with Repair and Minor Construction,SAM-Q7T40,https://sam.gov/search/?index=opp&page=1&sort=-modifiedDate&pageSize=25&sfX=1&keywords=W9127826SSN251219,Continuous 24/7 operations throughout the year,"Legacy Building 1425 (Crozier Building); approx. 10,000 sq ft BSL-4 space, 50,000 sq ft BSL-3 space","Facility systems, utilities infrastructure, biological containment maintenance materials",Tate Engineering,info@tate.com,https://www.tate.com,"Maryland, USA","Industrial boiler installation, repair, and preventative maintenance services for commercial facilities. (Confidence: 0.85)",
W9127826SSN251219-Legacy USAMRIID Building 1425 O&M with Repair and Minor Construction,SAM-Q7T40,https://sam.gov/search/?index=opp&page=1&sort=-modifiedDate&pageSize=25&sfX=1&keywords=W9127826SSN251219,Continuous 24/7 operations throughout the year,"Legacy Building 1425 (Crozier Building); approx. 10,000 sq ft BSL-4 space, 50,000 sq ft BSL-3 space","Facility systems, utilities infrastructure, biological containment maintenance materials","Spartan Plumbing, Heating & Air",service@spartanman.com,https://www.spartanman.com,"Maryland, USA",Commercial boiler repair and mechanical services for large facilities in the DC/MD area. (Confidence: 0.80),
W9127826SSN251219-Legacy USAMRIID Building 1425 O&M with Repair and Minor Construction,SAM-Q7T40,https://sam.gov/search/?index=opp&page=1&sort=-modifiedDate&pageSize=25&sfX=1&keywords=W9127826SSN251219,Continuous 24/7 operations throughout the year,"Legacy Building 1425 (Crozier Building); approx. 10,000 sq ft BSL-4 space, 50,000 sq ft BSL-3 space","Facility systems, utilities infrastructure, biological containment maintenance materials",Angstrom Technology,info@angstromtechnology.com,https://angstromtechnology.com,"Michigan, USA","Cleanroom design, build, and maintenance services including wall and ceiling system repairs. (Confidence: 0.90)",
W9127826SSN251219-Legacy USAMRIID Building 1425 O&M with Repair and Minor Construction,SAM-Q7T40,https://sam.gov/search/?index=opp&page=1&sort=-modifiedDate&pageSize=25&sfX=1&keywords=W9127826SSN251219,Continuous 24/7 operations throughout the year,"Legacy Building 1425 (Crozier Building); approx. 10,000 sq ft BSL-4 space, 50,000 sq ft BSL-3 space","Facility systems, utilities infrastructure, biological containment maintenance materials",Performance Contracting Inc (PCI),cleanroom@pcg.com,https://www.performancecontracting.com,"Kansas, USA","Specialty contractor for cleanroom architectural systems, walls, ceilings, and cold storage integration. (Confidence: 0.85)",
W9127826SSN251219-Legacy USAMRIID Building 1425 O&M with Repair and Minor Construction,SAM-Q7T40,https://sam.gov/search/?index=opp&page=1&sort=-modifiedDate&pageSize=25&sfX=1&keywords=W9127826SSN251219,Continuous 24/7 operations throughout the year,"Legacy Building 1425 (Crozier Building); approx. 10,000 sq ft BSL-4 space, 50,000 sq ft BSL-3 space","Facility systems, utilities infrastructure, biological containment maintenance materials",Clean Rooms West,sales@cleanroomswest.com,https://www.cleanroomswest.com,"California, USA",Manufacturer and installer of modular cleanroom wall systems and components. (Confidence: 0.85),
W9127826SSN251219-Legacy USAMRIID Building 1425 O&M with Repair and Minor Construction,SAM-Q7T40,https://sam.gov/search/?index=opp&page=1&sort=-modifiedDate&pageSize=25&sfX=1&keywords=W9127826SSN251219,Continuous 24/7 operations throughout the year,"Legacy Building 1425 (Crozier Building); approx. 10,000 sq ft BSL-4 space, 50,000 sq ft BSL-3 space","Facility systems, utilities infrastructure, biological containment maintenance materials",American Cleanroom Systems,sales@americancleanrooms.com,https://www.americancleanrooms.com,"California, USA","Supplier of modular cleanroom walls, flooring, and airflow equipment. (Confidence: 0.85)",
W9127826SSN251219-Legacy USAMRIID Building 1425 O&M with Repair and Minor Construction,SAM-Q7T40,https://sam.gov/search/?index=opp&page=1&sort=-modifiedDate&pageSize=25&sfX=1&keywords=W9127826SSN251219,Continuous 24/7 operations throughout the year,"Legacy Building 1425 (Crozier Building); approx. 10,000 sq ft BSL-4 space, 50,000 sq ft BSL-3 space","Facility systems, utilities infrastructure, biological containment maintenance materials",F&C Floor Services,info@fcfloorservices.com,https://fcfloorservices.com,"Maryland, USA","Commercial flooring installation, repair, and refinishing services in the Maryland/DC region. (Confidence: 0.80)",
W9127826SSN251219-Legacy USAMRIID Building 1425 O&M with Repair and Minor Construction,SAM-Q7T40,https://sam.gov/search/?index=opp&page=1&sort=-modifiedDate&pageSize=25&sfX=1&keywords=W9127826SSN251219,Continuous 24/7 operations throughout the year,"Legacy Building 1425 (Crozier Building); approx. 10,000 sq ft BSL-4 space, 50,000 sq ft BSL-3 space","Facility systems, utilities infrastructure, biological containment maintenance materials",Barrett & Sons Coatings,info@barrettcoatings.com,http://www.barrettcoatings.com,"Maryland, USA",Industrial floor coatings and cleanroom flooring repair specialists serving Maryland. (Confidence: 0.85),
W9127826SSN251219-Legacy USAMRIID Building 1425 O&M with Repair and Minor Construction,SAM-Q7T40,https://sam.gov/search/?index=opp&page=1&sort=-modifiedDate&pageSize=25&sfX=1&keywords=W9127826SSN251219,Continuous 24/7 operations throughout the year,"Legacy Building 1425 (Crozier Building); approx. 10,000 sq ft BSL-4 space, 50,000 sq ft BSL-3 space","Facility systems, utilities infrastructure, biological containment maintenance materials",Havtech,info@havtech.com,https://www.havtech.com,"Maryland, USA",HVAC equipment supplier and service provider representing major manufacturers like AAF in the Mid-Atlantic. (Confidence: 0.85),
W9127826SSN251219-Legacy USAMRIID Building 1425 O&M with Repair and Minor Construction,SAM-Q7T40,https://sam.gov/search/?index=opp&page=1&sort=-modifiedDate&pageSize=25&sfX=1&keywords=W9127826SSN251219,Continuous 24/7 operations throughout the year,"Legacy Building 1425 (Crozier Building); approx. 10,000 sq ft BSL-4 space, 50,000 sq ft BSL-3 space","Facility systems, utilities infrastructure, biological containment maintenance materials",Safe Air Technology,sales@safeairtechnology.com,https://safeairtechnology.com,"Louisiana, USA",Manufacturer of explosion-proof and severe-duty HVAC systems for hazardous industrial environments. (Confidence: 0.85),
"Valve, Linear, Direct",SAM-DREAO,https://sam.gov/search/?index=opp&keywords=SPE7MC26Q0086,24 units,"5 inch pipe size, 3-Way Configuration, MIL-F-20042 / MIL-PRF-20042 Flange (Navy Flange), NSN 4810-01-463-2118","Copper Alloy / Bronze Body (likely Nickel Aluminum Bronze per MIL-B-24480), Monel internals",Metrex Valve Corp,info@metrexvalve.com,https://www.metrexvalve.com,"California, USA","Manufacturer of the exact NSN 4810-01-463-2118, Linear Direct 3-Way Valves, and MIL-Spec regulators.",1
"Valve, Linear, Direct",SAM-DREAO,https://sam.gov/search/?index=opp&keywords=SPE7MC26Q0086,24 units,"5 inch pipe size, 3-Way Configuration, MIL-F-20042 / MIL-PRF-20042 Flange (Navy Flange), NSN 4810-01-463-2118","Copper Alloy / Bronze Body (likely Nickel Aluminum Bronze per MIL-B-24480), Monel internals",Dante Valve Company,sales@dantevalve.com,https://www.dantevalve.com,"California/Virginia, USA","Manufacturer and distributor of MIL-F-20042 flanges, pressure relief valves, and Navy marine valves.",0.98
"Valve, Linear, Direct",SAM-DREAO,https://sam.gov/search/?index=opp&keywords=SPE7MC26Q0086,24 units,"5 inch pipe size, 3-Way Configuration, MIL-F-20042 / MIL-PRF-20042 Flange (Navy Flange), NSN 4810-01-463-2118","Copper Alloy / Bronze Body (likely Nickel Aluminum Bronze per MIL-B-24480), Monel internals",Milwaukee Valve Company,marine@milwaukeevalve.com,https://www.milwaukeevalve.com,"Wisconsin, USA","Major manufacturer of MIL-Spec marine valves, including bronze and Monel trim configurations.",0.95
"Valve, Linear, Direct",SAM-DREAO,https://sam.gov/search/?index=opp&keywords=SPE7MC26Q0086,24 units,"5 inch pipe size, 3-Way Configuration, MIL-F-20042 / MIL-PRF-20042 Flange (Navy Flange), NSN 4810-01-463-2118","Copper Alloy / Bronze Body (likely Nickel Aluminum Bronze per MIL-B-24480), Monel internals",Erie Bronze & Aluminum,sales@eriebronze.com,https://www.eriebronze.com,"Pennsylvania, USA",Manufacturer of MIL-B-24480 Aluminum Bronze castings and valve components for the US Navy.,0.95
"Valve, Linear, Direct",SAM-DREAO,https://sam.gov/search/?index=opp&keywords=SPE7MC26Q0086,24 units,"5 inch pipe size, 3-Way Configuration, MIL-F-20042 / MIL-PRF-20042 Flange (Navy Flange), NSN 4810-01-463-2118","Copper Alloy / Bronze Body (likely Nickel Aluminum Bronze per MIL-B-24480), Monel internals",Shipham Valves,valvesales@shiphamvalves.com,https://www.shiphamvalves.com,"Brough, United Kingdom",World leader in Nickel Aluminum Bronze (NAB) and Monel valves for marine and naval applications.,0.95
"Valve, Linear, Direct",SAM-DREAO,https://sam.gov/search/?index=opp&keywords=SPE7MC26Q0086,24 units,"5 inch pipe size, 3-Way Configuration, MIL-F-20042 / MIL-PRF-20042 Flange (Navy Flange), NSN 4810-01-463-2118","Copper Alloy / Bronze Body (likely Nickel Aluminum Bronze per MIL-B-24480), Monel internals",W&O Supply,sales@wosupply.com,https://www.wosupply.com,"Florida, USA","Largest supplier of marine valves, pipe, and fittings, stocking MIL-spec bronze and Monel valves.",0.92
"Valve, Linear, Direct",SAM-DREAO,https://sam.gov/search/?index=opp&keywords=SPE7MC26Q0086,24 units,"5 inch pipe size, 3-Way Configuration, MIL-F-20042 / MIL-PRF-20042 Flange (Navy Flange), NSN 4810-01-463-2118","Copper Alloy / Bronze Body (likely Nickel Aluminum Bronze per MIL-B-24480), Monel internals","Tork Systems, Inc.",sales@torksystems.com,https://www.torksystems.com,"California, USA","Distributor specializing in Marine & Navy valves, flanges (MIL-F-20042), and fittings.",0.92
"Valve, Linear, Direct",SAM-DREAO,https://sam.gov/search/?index=opp&keywords=SPE7MC26Q0086,24 units,"5 inch pipe size, 3-Way Configuration, MIL-F-20042 / MIL-PRF-20042 Flange (Navy Flange), NSN 4810-01-463-2118","Copper Alloy / Bronze Body (likely Nickel Aluminum Bronze per MIL-B-24480), Monel internals",Leslie Controls (CIRCOR),sales@lesliecontrols.com,https://www.circor.com/leslie-controls,"Florida, USA",Manufacturer of high-performance control valves and regulators for US Navy ships.,0.92
"Valve, Linear, Direct",SAM-DREAO,https://sam.gov/search/?index=opp&keywords=SPE7MC26Q0086,24 units,"5 inch pipe size, 3-Way Configuration, MIL-F-20042 / MIL-PRF-20042 Flange (Navy Flange), NSN 4810-01-463-2118","Copper Alloy / Bronze Body (likely Nickel Aluminum Bronze per MIL-B-24480), Monel internals",Cla-Val Company,marineproducts@cla-val.com,https://www.cla-val.com,"California, USA","Manufacturer of automatic control valves, solenoid valves, and fire protection valves for marine use.",0.9
"Valve, Linear, Direct",SAM-DREAO,https://sam.gov/search/?index=opp&keywords=SPE7MC26Q0086,24 units,"5 inch pipe size, 3-Way Configuration, MIL-F-20042 / MIL-PRF-20042 Flange (Navy Flange), NSN 4810-01-463-2118","Copper Alloy / Bronze Body (likely Nickel Aluminum Bronze per MIL-B-24480), Monel internals",CPV Manufacturing,sales@cpvmfg.com,https://www.cpvmfg.com,"Pennsylvania, USA",Manufacturer of high-pressure valves and fittings for Navy and marine applications.,0.9
"Valve, Linear, Direct",SAM-DREAO,https://sam.gov/search/?index=opp&keywords=SPE7MC26Q0086,24 units,"5 inch pipe size, 3-Way Configuration, MIL-F-20042 / MIL-PRF-20042 Flange (Navy Flange), NSN 4810-01-463-2118","Copper Alloy / Bronze Body (likely Nickel Aluminum Bronze per MIL-B-24480), Monel internals",Hunt Valve (Fairbanks Morse Defense),sales@huntvalve.com,https://www.huntvalve.com,"Ohio, USA",Specializes in severe-duty valves and actuators for US Navy surface ships and submarines.,0.9
"Valve, Linear, Direct",SAM-DREAO,https://sam.gov/search/?index=opp&keywords=SPE7MC26Q0086,24 units,"5 inch pipe size, 3-Way Configuration, MIL-F-20042 / MIL-PRF-20042 Flange (Navy Flange), NSN 4810-01-463-2118","Copper Alloy / Bronze Body (likely Nickel Aluminum Bronze per MIL-B-24480), Monel internals",Derbyshire Marine Products,sales@derbyshiremarine.com,https://www.derbyshiremarine.com,"Pennsylvania, USA",Manufacturer of CNS (Copper Nickel) and bronze valves and fittings for marine environments.,0.88
"Valve, Linear, Direct",SAM-DREAO,https://sam.gov/search/?index=opp&keywords=SPE7MC26Q0086,24 units,"5 inch pipe size, 3-Way Configuration, MIL-F-20042 / MIL-PRF-20042 Flange (Navy Flange), NSN 4810-01-463-2118","Copper Alloy / Bronze Body (likely Nickel Aluminum Bronze per MIL-B-24480), Monel internals",World Wide Metric,sales@worldwidemetric.com,https://www.worldwidemetric.com,"New Jersey, USA",Global wholesale distributor of metric and ANSI marine valves and flanges.,0.88
"Valve, Linear, Direct",SAM-DREAO,https://sam.gov/search/?index=opp&keywords=SPE7MC26Q0086,24 units,"5 inch pipe size, 3-Way Configuration, MIL-F-20042 / MIL-PRF-20042 Flange (Navy Flange), NSN 4810-01-463-2118","Copper Alloy / Bronze Body (likely Nickel Aluminum Bronze per MIL-B-24480), Monel internals",DFT Inc.,dft@dft-valves.com,https://www.dft-valves.com,"Pennsylvania, USA",Manufacturer of check valves and severe service control valves used in marine systems.,0.88
"Valve, Linear, Direct",SAM-DREAO,https://sam.gov/search/?index=opp&keywords=SPE7MC26Q0086,24 units,"5 inch pipe size, 3-Way Configuration, MIL-F-20042 / MIL-PRF-20042 Flange (Navy Flange), NSN 4810-01-463-2118","Copper Alloy / Bronze Body (likely Nickel Aluminum Bronze per MIL-B-24480), Monel internals",Watson McDaniel,sales@watsonmcdaniel.com,https://www.watsonmcdaniel.com,"Pennsylvania, USA","Manufacturer of steam traps, regulators, and fluid control specialties.",0.85
"Valve, Linear, Direct",SAM-DREAO,https://sam.gov/search/?index=opp&keywords=SPE7MC26Q0086,24 units,"5 inch pipe size, 3-Way Configuration, MIL-F-20042 / MIL-PRF-20042 Flange (Navy Flange), NSN 4810-01-463-2118","Copper Alloy / Bronze Body (likely Nickel Aluminum Bronze per MIL-B-24480), Monel internals",Velan Valve Corp.,sales@velan.com,https://www.velan.com,"Montreal, Canada",Global manufacturer of industrial valves with a dedicated marine and navy product line.,0.85
"Valve, Linear, Direct",SAM-DREAO,https://sam.gov/search/?index=opp&keywords=SPE7MC26Q0086,24 units,"5 inch pipe size, 3-Way Configuration, MIL-F-20042 / MIL-PRF-20042 Flange (Navy Flange), NSN 4810-01-463-2118","Copper Alloy / Bronze Body (likely Nickel Aluminum Bronze per MIL-B-24480), Monel internals",Flowserve Corp.,fsir@flowserve.com,https://www.flowserve.com,"Texas, USA",Manufacturer of Worcester Controls and other marine valve brands (Nickel Aluminum Bronze capabilities).,0.85
"Valve, Linear, Direct",SAM-DREAO,https://sam.gov/search/?index=opp&keywords=SPE7MC26Q0086,24 units,"5 inch pipe size, 3-Way Configuration, MIL-F-20042 / MIL-PRF-20042 Flange (Navy Flange), NSN 4810-01-463-2118","Copper Alloy / Bronze Body (likely Nickel Aluminum Bronze per MIL-B-24480), Monel internals",Jordan Valve,jordan@richardsind.com,https://www.jordanvalve.com,"Ohio, USA",Manufacturer of sliding gate regulators and control valves for industrial and marine use.,0.85
"Valve, Linear, Direct",SAM-DREAO,https://sam.gov/search/?index=opp&keywords=SPE7MC26Q0086,24 units,"5 inch pipe size, 3-Way Configuration, MIL-F-20042 / MIL-PRF-20042 Flange (Navy Flange), NSN 4810-01-463-2118","Copper Alloy / Bronze Body (likely Nickel Aluminum Bronze per MIL-B-24480), Monel internals",Perko Inc.,sales@perko.com,https://www.perko.com,"Florida, USA","Manufacturer of marine hardware, intake strainers, and seacocks (bronze).",0.82
"Valve, Linear, Direct",SAM-DREAO,https://sam.gov/search/?index=opp&keywords=SPE7MC26Q0086,24 units,"5 inch pipe size, 3-Way Configuration, MIL-F-20042 / MIL-PRF-20042 Flange (Navy Flange), NSN 4810-01-463-2118","Copper Alloy / Bronze Body (likely Nickel Aluminum Bronze per MIL-B-24480), Monel internals",Groco (Gross Mechanical Labs),info@groco.net,https://www.groco.net,"Maryland, USA","Manufacturer of marine bronze valves, seacocks, and strainers.",0.82
"Valve, Linear, Direct",SAM-DREAO,https://sam.gov/search/?index=opp&keywords=SPE7MC26Q0086,24 units,"5 inch pipe size, 3-Way Configuration, MIL-F-20042 / MIL-PRF-20042 Flange (Navy Flange), NSN 4810-01-463-2118","Copper Alloy / Bronze Body (likely Nickel Aluminum Bronze per MIL-B-24480), Monel internals",Apollo Valves (Aalberts),sales@apollovalves.com,https://www.apollovalves.com,"North Carolina, USA",Manufacturer of bronze 3-way diverter valves and marine ball valves.,0.82
"Valve, Linear, Direct",SAM-DREAO,https://sam.gov/search/?index=opp&keywords=SPE7MC26Q0086,24 units,"5 inch pipe size, 3-Way Configuration, MIL-F-20042 / MIL-PRF-20042 Flange (Navy Flange), NSN 4810-01-463-2118","Copper Alloy / Bronze Body (likely Nickel Aluminum Bronze per MIL-B-24480), Monel internals",William E. Williams Valve Corp,sales@williamsvalve.com,https://www.williamsvalve.com,"New York, USA",Manufacturer of bronze and steel valves for marine and military applications.,0.88
"Valve, Linear, Direct",SAM-DREAO,https://sam.gov/search/?index=opp&keywords=SPE7MC26Q0086,24 units,"5 inch pipe size, 3-Way Configuration, MIL-F-20042 / MIL-PRF-20042 Flange (Navy Flange), NSN 4810-01-463-2118","Copper Alloy / Bronze Body (likely Nickel Aluminum Bronze per MIL-B-24480), Monel internals",Newmans Valve,sales@newmansvalves.com,https://www.newmansvalves.com,"Texas, USA","Master distributor of industrial valves, including marine and high-alloy specifications.",0.8
"Valve, Linear, Direct",SAM-DREAO,https://sam.gov/search/?index=opp&keywords=SPE7MC26Q0086,24 units,"5 inch pipe size, 3-Way Configuration, MIL-F-20042 / MIL-PRF-20042 Flange (Navy Flange), NSN 4810-01-463-2118","Copper Alloy / Bronze Body (likely Nickel Aluminum Bronze per MIL-B-24480), Monel internals",Hiller Systems,sales@hillerva.com,https://www.hillerfire.com,"Virginia, USA",Supplier and integrator of marine fire protection valves and systems (often MIL-spec).,0.85
"Valve, Linear, Direct",SAM-DREAO,https://sam.gov/search/?index=opp&keywords=SPE7MC26Q0086,24 units,"5 inch pipe size, 3-Way Configuration, MIL-F-20042 / MIL-PRF-20042 Flange (Navy Flange), NSN 4810-01-463-2118","Copper Alloy / Bronze Body (likely Nickel Aluminum Bronze per MIL-B-24480), Monel internals",M&M Control Service,sales@mmcontrol.com,https://www.mmcontrol.com,"Illinois, USA","Distributor for Stockham, Crane, and other marine/industrial valve brands.",0.8
"Valve, Linear, Direct",SAM-DREAO,https://sam.gov/search/?index=opp&keywords=SPE7MC26Q0086,24 units,"5 inch pipe size, 3-Way Configuration, MIL-F-20042 / MIL-PRF-20042 Flange (Navy Flange), NSN 4810-01-463-2118","Copper Alloy / Bronze Body (likely Nickel Aluminum Bronze per MIL-B-24480), Monel internals",Defense Maritime Solutions,info@dmsamerica.com,https://www.dmsamerica.com,"Virginia, USA",Service and supply for marine propulsion and fluid systems (formerly Wartsila Defense).,0.85
"Valve, Linear, Direct",SAM-DREAO,https://sam.gov/search/?index=opp&keywords=SPE7MC26Q0086,24 units,"5 inch pipe size, 3-Way Configuration, MIL-F-20042 / MIL-PRF-20042 Flange (Navy Flange), NSN 4810-01-463-2118","Copper Alloy / Bronze Body (likely Nickel Aluminum Bronze per MIL-B-24480), Monel internals",Aeliya Marine Tech,sales@aeliyamarinetech.com,https://www.aeliyamarinetech.com,"Gujarat, India","Stockist of ship machinery and spare valves, often has specific discontinued or surplus marine items.",0.75
"Valve, Linear, Direct",SAM-DREAO,https://sam.gov/search/?index=opp&keywords=SPE7MC26Q0086,24 units,"5 inch pipe size, 3-Way Configuration, MIL-F-20042 / MIL-PRF-20042 Flange (Navy Flange), NSN 4810-01-463-2118","Copper Alloy / Bronze Body (likely Nickel Aluminum Bronze per MIL-B-24480), Monel internals",ASI Marine & Industrial,sales@asimarineandindustrial.com,https://www.asimarineandindustrial.com,"California, USA","Distributor of CPV, Parker, and other marine fluid power components.",0.8
"Valve, Linear, Direct",SAM-DREAO,https://sam.gov/search/?index=opp&keywords=SPE7MC26Q0086,24 units,"5 inch pipe size, 3-Way Configuration, MIL-F-20042 / MIL-PRF-20042 Flange (Navy Flange), NSN 4810-01-463-2118","Copper Alloy / Bronze Body (likely Nickel Aluminum Bronze per MIL-B-24480), Monel internals",Navalex International,sales@navalex.com,https://www.navalex.com,"Florida, USA",International distributor for Perko and other marine equipment manufacturers.,0.78
"Valve, Linear, Direct",SAM-DREAO,https://sam.gov/search/?index=opp&keywords=SPE7MC26Q0086,24 units,"5 inch pipe size, 3-Way Configuration, MIL-F-20042 / MIL-PRF-20042 Flange (Navy Flange), NSN 4810-01-463-2118","Copper Alloy / Bronze Body (likely Nickel Aluminum Bronze per MIL-B-24480), Monel internals",High Pressure Equipment (Haskell),sales@haskel.com,https://www.haskel.com,"California, USA","Manufacturer of high-pressure valves and systems, often used in naval applications.",0.78
"Valve, Linear, Direct",SAM-DREAO,https://sam.gov/search/?index=opp&keywords=SPE7MC26Q0086,24 units,"5 inch pipe size, 3-Way Configuration, MIL-F-20042 / MIL-PRF-20042 Flange (Navy Flange), NSN 4810-01-463-2118","Copper Alloy / Bronze Body (likely Nickel Aluminum Bronze per MIL-B-24480), Monel internals",Cincinnati Valve Company,sales@cincinnativalve.com,https://www.cincinnativalve.com,"Ohio, USA",Manufacturer continuing the Lunkenheimer line of marine bronze valves.,0.88
"Valve, Linear, Direct",SAM-DREAO,https://sam.gov/search/?index=opp&keywords=SPE7MC26Q0086,24 units,"5 inch pipe size, 3-Way Configuration, MIL-F-20042 / MIL-PRF-20042 Flange (Navy Flange), NSN 4810-01-463-2118","Copper Alloy / Bronze Body (likely Nickel Aluminum Bronze per MIL-B-24480), Monel internals",Keckley Company,sales@keckley.com,https://www.keckley.com,"Illinois, USA",Manufacturer of pipeline strainers and check valves for marine use.,0.8
"Valve, Linear, Direct",SAM-DREAO,https://sam.gov/search/?index=opp&keywords=SPE7MC26Q0086,24 units,"5 inch pipe size, 3-Way Configuration, MIL-F-20042 / MIL-PRF-20042 Flange (Navy Flange), NSN 4810-01-463-2118","Copper Alloy / Bronze Body (likely Nickel Aluminum Bronze per MIL-B-24480), Monel internals",DeZURIK,info@dezurik.com,https://www.dezurik.com,"Minnesota, USA",Manufacturer of high-performance valves for water and marine infrastructure.,0.82
"Valve, Linear, Direct",SAM-DREAO,https://sam.gov/search/?index=opp&keywords=SPE7MC26Q0086,24 units,"5 inch pipe size, 3-Way Configuration, MIL-F-20042 / MIL-PRF-20042 Flange (Navy Flange), NSN 4810-01-463-2118","Copper Alloy / Bronze Body (likely Nickel Aluminum Bronze per MIL-B-24480), Monel internals",Bray International,sales@bray.com,https://www.bray.com,"Texas, USA",Major manufacturer of butterfly valves and actuators used in marine seawater systems.,0.82
"Valve, Linear, Direct",SAM-DREAO,https://sam.gov/search/?index=opp&keywords=SPE7MC26Q0086,24 units,"5 inch pipe size, 3-Way Configuration, MIL-F-20042 / MIL-PRF-20042 Flange (Navy Flange), NSN 4810-01-463-2118","Copper Alloy / Bronze Body (likely Nickel Aluminum Bronze per MIL-B-24480), Monel internals",Mar-Val,sales@mar-val.com,https://www.mar-val.com,"Louisiana, USA",Distributor specializing in marine valves and fittings.,0.85
"Valve, Linear, Direct",SAM-DREAO,https://sam.gov/search/?index=opp&keywords=SPE7MC26Q0086,24 units,"5 inch pipe size, 3-Way Configuration, MIL-F-20042 / MIL-PRF-20042 Flange (Navy Flange), NSN 4810-01-463-2118","Copper Alloy / Bronze Body (likely Nickel Aluminum Bronze per MIL-B-24480), Monel internals",Johnson Valve,sales@johnson-valves.com,https://www.johnson-valves.com,"Southampton, United Kingdom","Supplier of marine valves and fittings, capable of sourcing specific bronze configurations.",0.8
"Valve, Linear, Direct",SAM-DREAO,https://sam.gov/search/?index=opp&keywords=SPE7MC26Q0086,24 units,"5 inch pipe size, 3-Way Configuration, MIL-F-20042 / MIL-PRF-20042 Flange (Navy Flange), NSN 4810-01-463-2118","Copper Alloy / Bronze Body (likely Nickel Aluminum Bronze per MIL-B-24480), Monel internals",Parker Hannifin (Instrumentation),instrumentation@parker.com,https://www.parker.com,"Ohio, USA",Manufacturer of instrumentation valves and manifolds for marine applications.,0.8
"Valve, Linear, Direct",SAM-DREAO,https://sam.gov/search/?index=opp&keywords=SPE7MC26Q0086,24 units,"5 inch pipe size, 3-Way Configuration, MIL-F-20042 / MIL-PRF-20042 Flange (Navy Flange), NSN 4810-01-463-2118","Copper Alloy / Bronze Body (likely Nickel Aluminum Bronze per MIL-B-24480), Monel internals","Pima Valve, Inc.",sales@pimavalve.com,https://www.pimavalve.com,"Arizona, USA","Manufacturer of bronze marine valves, specifically for Navy/Coast Guard.",0.9
"Valve, Linear, Direct",SAM-DREAO,https://sam.gov/search/?index=opp&keywords=SPE7MC26Q0086,24 units,"5 inch pipe size, 3-Way Configuration, MIL-F-20042 / MIL-PRF-20042 Flange (Navy Flange), NSN 4810-01-463-2118","Copper Alloy / Bronze Body (likely Nickel Aluminum Bronze per MIL-B-24480), Monel internals",Automatic Switch Co. (ASCO),info-valve@asco.com,https://www.emerson.com/en-us/automation/asco,"New Jersey, USA",Manufacturer of 3-way solenoid valves widely used in marine automation.,0.85
"Valve, Linear, Direct",SAM-DREAO,https://sam.gov/search/?index=opp&keywords=SPE7MC26Q0086,24 units,"5 inch pipe size, 3-Way Configuration, MIL-F-20042 / MIL-PRF-20042 Flange (Navy Flange), NSN 4810-01-463-2118","Copper Alloy / Bronze Body (likely Nickel Aluminum Bronze per MIL-B-24480), Monel internals",Fairbanks Morse Defense,sales@fmdefense.com,https://www.fairbanksmorsedefense.com,"Wisconsin, USA",Defense contractor providing marine power and valve systems (owns Hunt Valve).,0.9
Operation & Maintenance of the South Bay Wastewater Treatment Plant,SAM-799ZQ,https://sam.gov/search/?index=opp&keywords=191BWC26R0001,5 years (1 Base Year + 4 Option Years),"25 MGD (Current), expanding to 50-60 MGD","Wastewater treatment consumables (chemicals, fuel, sludge)",Bond Water Technologies,info@bondwater.com,https://www.bondwater.com,"Maryland, USA",Commercial and industrial water treatment chemicals and HVAC rehab,0.95
Operation & Maintenance of the South Bay Wastewater Treatment Plant,SAM-799ZQ,https://sam.gov/search/?index=opp&keywords=191BWC26R0001,5 years (1 Base Year + 4 Option Years),"25 MGD (Current), expanding to 50-60 MGD","Wastewater treatment consumables (chemicals, fuel, sludge)",Alexander Chemical Corporation,Info@alexchem.com,https://www.alexanderchemical.com,"Indiana, USA",Manufacturer and distributor of water purification chemicals including chlorine and bleach,0.95
Operation & Maintenance of the South Bay Wastewater Treatment Plant,SAM-799ZQ,https://sam.gov/search/?index=opp&keywords=191BWC26R0001,5 years (1 Base Year + 4 Option Years),"25 MGD (Current), expanding to 50-60 MGD","Wastewater treatment consumables (chemicals, fuel, sludge)",SNF Holding Company,SNFMarketing@snf.com,https://www.snf.com,"Georgia, USA",Global leader in polyacrylamide manufacturing for water and wastewater treatment,0.98
Operation & Maintenance of the South Bay Wastewater Treatment Plant,SAM-799ZQ,https://sam.gov/search/?index=opp&keywords=191BWC26R0001,5 years (1 Base Year + 4 Option Years),"25 MGD (Current), expanding to 50-60 MGD","Wastewater treatment consumables (chemicals, fuel, sludge)",WaterSurplus,info@watersurplus.com,https://www.watersurplus.com,"Illinois, USA","Sustainable water treatment solutions, equipment rental, and media filtration",0.9
Operation & Maintenance of the South Bay Wastewater Treatment Plant,SAM-799ZQ,https://sam.gov/search/?index=opp&keywords=191BWC26R0001,5 years (1 Base Year + 4 Option Years),"25 MGD (Current), expanding to 50-60 MGD","Wastewater treatment consumables (chemicals, fuel, sludge)",Hydrite Chemical Co.,marketing@hydrite.com,https://www.hydrite.com,"Wisconsin, USA",Manufacturer and distributor of chemical solutions for water treatment and food processing,0.95
Operation & Maintenance of the South Bay Wastewater Treatment Plant,SAM-799ZQ,https://sam.gov/search/?index=opp&keywords=191BWC26R0001,5 years (1 Base Year + 4 Option Years),"25 MGD (Current), expanding to 50-60 MGD","Wastewater treatment consumables (chemicals, fuel, sludge)",King Lee Technologies,klt@kingleetech.com,https://www.kingleetech.com,"California, USA",Reverse osmosis system performance chemicals and membrane care,0.92
Operation & Maintenance of the South Bay Wastewater Treatment Plant,SAM-799ZQ,https://sam.gov/search/?index=opp&keywords=191BWC26R0001,5 years (1 Base Year + 4 Option Years),"25 MGD (Current), expanding to 50-60 MGD","Wastewater treatment consumables (chemicals, fuel, sludge)",Gulbrandsen,gul-cs-orders@gulbrandsen.com,https://www.gulbrandsen.com,"South Carolina, USA",Manufacturer of aluminum-based water treatment coagulants and chemical intermediates,0.9
Operation & Maintenance of the South Bay Wastewater Treatment Plant,SAM-799ZQ,https://sam.gov/search/?index=opp&keywords=191BWC26R0001,5 years (1 Base Year + 4 Option Years),"25 MGD (Current), expanding to 50-60 MGD","Wastewater treatment consumables (chemicals, fuel, sludge)",ChemREADY,sales@getchemready.com,https://www.getchemready.com,"Ohio, USA","Wastewater treatment chemicals, coagulants, flocculants, and dewatering solutions",0.92
Operation & Maintenance of the South Bay Wastewater Treatment Plant,SAM-799ZQ,https://sam.gov/search/?index=opp&keywords=191BWC26R0001,5 years (1 Base Year + 4 Option Years),"25 MGD (Current), expanding to 50-60 MGD","Wastewater treatment consumables (chemicals, fuel, sludge)","E & C Chemicals, Inc.",Chris.Hatton@EandCChemicals.com,https://www.eandcchemicals.com,"Georgia, USA",Custom blending and distribution of liquid and dry industrial chemicals,0.9
Operation & Maintenance of the South Bay Wastewater Treatment Plant,SAM-799ZQ,https://sam.gov/search/?index=opp&keywords=191BWC26R0001,5 years (1 Base Year + 4 Option Years),"25 MGD (Current), expanding to 50-60 MGD","Wastewater treatment consumables (chemicals, fuel, sludge)",Buckman,connect@buckman.com,https://www.buckman.com,"Tennessee, USA",Chemistry and digital solutions for water treatment and pulp & paper industries,0.95
Operation & Maintenance of the South Bay Wastewater Treatment Plant,SAM-799ZQ,https://sam.gov/search/?index=opp&keywords=191BWC26R0001,5 years (1 Base Year + 4 Option Years),"25 MGD (Current), expanding to 50-60 MGD","Wastewater treatment consumables (chemicals, fuel, sludge)",WaterCareChem,sales@watercarechem.com,https://www.watercarechem.com,"Henan, China",Manufacturer of water treatment chemicals including flocculants and disinfectants,0.85
Operation & Maintenance of the South Bay Wastewater Treatment Plant,SAM-799ZQ,https://sam.gov/search/?index=opp&keywords=191BWC26R0001,5 years (1 Base Year + 4 Option Years),"25 MGD (Current), expanding to 50-60 MGD","Wastewater treatment consumables (chemicals, fuel, sludge)",Veolia Water Technologies,sales@veolia.com,https://www.veoliawatertech.com,"Pennsylvania, USA",Comprehensive water and wastewater treatment technologies and services,0.99
Operation & Maintenance of the South Bay Wastewater Treatment Plant,SAM-799ZQ,https://sam.gov/search/?index=opp&keywords=191BWC26R0001,5 years (1 Base Year + 4 Option Years),"25 MGD (Current), expanding to 50-60 MGD","Wastewater treatment consumables (chemicals, fuel, sludge)","CRW Finishing, Inc.",crwfinishing@crwfinishing.com,https://www.crwfinishing.com,"Illinois, USA",Metal finishing services and supplier of wastewater treatment chemistry,0.88
Operation & Maintenance of the South Bay Wastewater Treatment Plant,SAM-799ZQ,https://sam.gov/search/?index=opp&keywords=191BWC26R0001,5 years (1 Base Year + 4 Option Years),"25 MGD (Current), expanding to 50-60 MGD","Wastewater treatment consumables (chemicals, fuel, sludge)",ChemTreat,productcompliance@chemtreat.com,https://www.chemtreat.com,"Virginia, USA","Industrial water treatment products, systems, and services",0.98
Operation & Maintenance of the South Bay Wastewater Treatment Plant,SAM-799ZQ,https://sam.gov/search/?index=opp&keywords=191BWC26R0001,5 years (1 Base Year + 4 Option Years),"25 MGD (Current), expanding to 50-60 MGD","Wastewater treatment consumables (chemicals, fuel, sludge)","Chemsolv, Inc.",customerservice@chemsolv.com,https://www.chemsolv.com,"Virginia, USA",Chemical distributor representing major manufacturers for industrial applications,0.9
Operation & Maintenance of the South Bay Wastewater Treatment Plant,SAM-799ZQ,https://sam.gov/search/?index=opp&keywords=191BWC26R0001,5 years (1 Base Year + 4 Option Years),"25 MGD (Current), expanding to 50-60 MGD","Wastewater treatment consumables (chemicals, fuel, sludge)",WesTech Engineering,Westech@westech-eng.com,https://www.westech-inc.com,"Utah, USA",Process equipment and water treatment solutions for municipal and industrial use,0.92
Operation & Maintenance of the South Bay Wastewater Treatment Plant,SAM-799ZQ,https://sam.gov/search/?index=opp&keywords=191BWC26R0001,5 years (1 Base Year + 4 Option Years),"25 MGD (Current), expanding to 50-60 MGD","Wastewater treatment consumables (chemicals, fuel, sludge)",Hubbard-Hall,jalmanza@hubbardhall.com,https://www.hubbardhall.com,"Connecticut, USA",Specialty chemicals for surface finishing and wastewater treatment,0.9
Operation & Maintenance of the South Bay Wastewater Treatment Plant,SAM-799ZQ,https://sam.gov/search/?index=opp&keywords=191BWC26R0001,5 years (1 Base Year + 4 Option Years),"25 MGD (Current), expanding to 50-60 MGD","Wastewater treatment consumables (chemicals, fuel, sludge)",Crucible Chemical Company,service@cruciblechemical.com,https://www.cruciblechemical.com,"South Carolina, USA","Manufacturer of defoamers, antifoams, and release agents",0.88
Operation & Maintenance of the South Bay Wastewater Treatment Plant,SAM-799ZQ,https://sam.gov/search/?index=opp&keywords=191BWC26R0001,5 years (1 Base Year + 4 Option Years),"25 MGD (Current), expanding to 50-60 MGD","Wastewater treatment consumables (chemicals, fuel, sludge)",Kurita America,KAI_Info@kurita-water.com,https://www.kuritaamerica.com,"Minnesota, USA",Integrated water treatment solutions including chemicals and equipment,0.95
Operation & Maintenance of the South Bay Wastewater Treatment Plant,SAM-799ZQ,https://sam.gov/search/?index=opp&keywords=191BWC26R0001,5 years (1 Base Year + 4 Option Years),"25 MGD (Current), expanding to 50-60 MGD","Wastewater treatment consumables (chemicals, fuel, sludge)","Aries Chemical, Inc.",aries@arieschem.com,https://www.arieschem.com,"New York, USA","Industrial water treatment chemicals, equipment, and technical services",0.92
Operation & Maintenance of the South Bay Wastewater Treatment Plant,SAM-799ZQ,https://sam.gov/search/?index=opp&keywords=191BWC26R0001,5 years (1 Base Year + 4 Option Years),"25 MGD (Current), expanding to 50-60 MGD","Wastewater treatment consumables (chemicals, fuel, sludge)",Nalco Water,customerservice.us@nalco.com,https://www.ecolab.com/nalco-water,"Illinois, USA",Global leader in water treatment and process improvement services,0.99
Operation & Maintenance of the South Bay Wastewater Treatment Plant,SAM-799ZQ,https://sam.gov/search/?index=opp&keywords=191BWC26R0001,5 years (1 Base Year + 4 Option Years),"25 MGD (Current), expanding to 50-60 MGD","Wastewater treatment consumables (chemicals, fuel, sludge)",Calgon Carbon Corporation,info@calgoncarbon-us.com,https://www.calgoncarbon.com,"Pennsylvania, USA",Activated carbon and filtration systems for water and air purification,0.95
Operation & Maintenance of the South Bay Wastewater Treatment Plant,SAM-799ZQ,https://sam.gov/search/?index=opp&keywords=191BWC26R0001,5 years (1 Base Year + 4 Option Years),"25 MGD (Current), expanding to 50-60 MGD","Wastewater treatment consumables (chemicals, fuel, sludge)",Thatcher Company,halt@tchem.com,https://www.tchem.com,"Utah, USA",Diversified chemical manufacturer and distributor,0.92
Operation & Maintenance of the South Bay Wastewater Treatment Plant,SAM-799ZQ,https://sam.gov/search/?index=opp&keywords=191BWC26R0001,5 years (1 Base Year + 4 Option Years),"25 MGD (Current), expanding to 50-60 MGD","Wastewater treatment consumables (chemicals, fuel, sludge)","Hawkins, Inc.",customer.service@hawkinsinc.com,https://www.hawkinsinc.com,"Minnesota, USA",Manufacturer and distributor of bulk and specialty chemicals for water treatment,0.95
Operation & Maintenance of the South Bay Wastewater Treatment Plant,SAM-799ZQ,https://sam.gov/search/?index=opp&keywords=191BWC26R0001,5 years (1 Base Year + 4 Option Years),"25 MGD (Current), expanding to 50-60 MGD","Wastewater treatment consumables (chemicals, fuel, sludge)",Solenis,apvendorinquiry@solenis.com,https://www.solenis.com,"Delaware, USA",Specialty chemicals for water intensive industries,0.98
Operation & Maintenance of the South Bay Wastewater Treatment Plant,SAM-799ZQ,https://sam.gov/search/?index=opp&keywords=191BWC26R0001,5 years (1 Base Year + 4 Option Years),"25 MGD (Current), expanding to 50-60 MGD","Wastewater treatment consumables (chemicals, fuel, sludge)",Kemira,communications@kemira.com,https://www.kemira.com,"Helsinki, Finland (Global)",Sustainable chemical solutions for water intensive industries,0.95
Operation & Maintenance of the South Bay Wastewater Treatment Plant,SAM-799ZQ,https://sam.gov/search/?index=opp&keywords=191BWC26R0001,5 years (1 Base Year + 4 Option Years),"25 MGD (Current), expanding to 50-60 MGD","Wastewater treatment consumables (chemicals, fuel, sludge)",Brenntag North America,contactus@brenntag.com,https://www.brenntag.com,"Pennsylvania, USA",Full-line chemical distributor connecting chemical manufacturers and users,0.95
Operation & Maintenance of the South Bay Wastewater Treatment Plant,SAM-799ZQ,https://sam.gov/search/?index=opp&keywords=191BWC26R0001,5 years (1 Base Year + 4 Option Years),"25 MGD (Current), expanding to 50-60 MGD","Wastewater treatment consumables (chemicals, fuel, sludge)",Coyne Chemical,CSReps@coynechemical.com,https://www.coynechemical.com,"Pennsylvania, USA",Chemical distributor and environmental services provider,0.9
Operation & Maintenance of the South Bay Wastewater Treatment Plant,SAM-799ZQ,https://sam.gov/search/?index=opp&keywords=191BWC26R0001,5 years (1 Base Year + 4 Option Years),"25 MGD (Current), expanding to 50-60 MGD","Wastewater treatment consumables (chemicals, fuel, sludge)",Applied Material Solutions,info@AMSI-USA.com,https://www.appliedmaterialsolutions.com,"Wisconsin, USA","Manufacturer of defoamers, antifoams, and treated silica",0.88
Operation & Maintenance of the South Bay Wastewater Treatment Plant,SAM-799ZQ,https://sam.gov/search/?index=opp&keywords=191BWC26R0001,5 years (1 Base Year + 4 Option Years),"25 MGD (Current), expanding to 50-60 MGD","Wastewater treatment consumables (chemicals, fuel, sludge)",Complete Water Solutions,info@complete-water.com,https://www.complete-water.com,"Wisconsin, USA",Industrial and commercial water treatment equipment and services,0.85
Operation & Maintenance of the South Bay Wastewater Treatment Plant,SAM-799ZQ,https://sam.gov/search/?index=opp&keywords=191BWC26R0001,5 years (1 Base Year + 4 Option Years),"25 MGD (Current), expanding to 50-60 MGD","Wastewater treatment consumables (chemicals, fuel, sludge)",Aquatech International,aic@aquatech.com,https://www.aquatech.com,"Pennsylvania, USA",Water purification technology for industrial and infrastructure markets,0.9
Operation & Maintenance of the South Bay Wastewater Treatment Plant,SAM-799ZQ,https://sam.gov/search/?index=opp&keywords=191BWC26R0001,5 years (1 Base Year + 4 Option Years),"25 MGD (Current), expanding to 50-60 MGD","Wastewater treatment consumables (chemicals, fuel, sludge)",USALCO,insidesales@usalco.com,https://www.usalco.com,"Maryland, USA",Major manufacturer of aluminum-based chemicals for water treatment,0.95
Operation & Maintenance of the South Bay Wastewater Treatment Plant,SAM-799ZQ,https://sam.gov/search/?index=opp&keywords=191BWC26R0001,5 years (1 Base Year + 4 Option Years),"25 MGD (Current), expanding to 50-60 MGD","Wastewater treatment consumables (chemicals, fuel, sludge)",Shannon Chemical Corporation,dcflynn@shannonchem.com,https://www.shannonchem.com,"Pennsylvania, USA",Supplier of chemical products for municipal water treatment,0.9
Operation & Maintenance of the South Bay Wastewater Treatment Plant,SAM-799ZQ,https://sam.gov/search/?index=opp&keywords=191BWC26R0001,5 years (1 Base Year + 4 Option Years),"25 MGD (Current), expanding to 50-60 MGD","Wastewater treatment consumables (chemicals, fuel, sludge)",Slack Chemical Company,fcerqua@slackchem.com,https://www.slackchem.com,"New York, USA",Chemical distribution and water treatment solutions,0.9
Operation & Maintenance of the South Bay Wastewater Treatment Plant,SAM-799ZQ,https://sam.gov/search/?index=opp&keywords=191BWC26R0001,5 years (1 Base Year + 4 Option Years),"25 MGD (Current), expanding to 50-60 MGD","Wastewater treatment consumables (chemicals, fuel, sludge)",Hydro-Chem Systems,sales@hcsclean.com,https://www.hydrochemsystems.com,"Michigan, USA",Manufacturer of industrial cleaning solutions and fleet washing systems,0.88
Operation & Maintenance of the South Bay Wastewater Treatment Plant,SAM-799ZQ,https://sam.gov/search/?index=opp&keywords=191BWC26R0001,5 years (1 Base Year + 4 Option Years),"25 MGD (Current), expanding to 50-60 MGD","Wastewater treatment consumables (chemicals, fuel, sludge)",Evoqua Water Technologies,jill.wood@evoqua.com,https://www.evoqua.com,"Pennsylvania, USA",Mission-critical water and wastewater treatment solutions,0.95
Operation & Maintenance of the South Bay Wastewater Treatment Plant,SAM-799ZQ,https://sam.gov/search/?index=opp&keywords=191BWC26R0001,5 years (1 Base Year + 4 Option Years),"25 MGD (Current), expanding to 50-60 MGD","Wastewater treatment consumables (chemicals, fuel, sludge)",IRO Specialty Chemical,info@irowater.com,https://www.irowater.com,"Shandong, China (US Office in VA)",Manufacturer of water treatment chemicals including biocides and phosphonates,0.85
Operation & Maintenance of the South Bay Wastewater Treatment Plant,SAM-799ZQ,https://sam.gov/search/?index=opp&keywords=191BWC26R0001,5 years (1 Base Year + 4 Option Years),"25 MGD (Current), expanding to 50-60 MGD","Wastewater treatment consumables (chemicals, fuel, sludge)","American Manufacturing Company, Inc.",info@americanonsite.com,https://www.americanonsite.com,"Virginia, USA",Manufacturing of onsite wastewater and water system products,0.85
Operation & Maintenance of the South Bay Wastewater Treatment Plant,SAM-799ZQ,https://sam.gov/search/?index=opp&keywords=191BWC26R0001,5 years (1 Base Year + 4 Option Years),"25 MGD (Current), expanding to 50-60 MGD","Wastewater treatment consumables (chemicals, fuel, sludge)","North Industrial Chemicals, Inc.",bobhunter@nmc-nic.com,https://www.northindustrial.net,"Pennsylvania, USA",Distributor of industrial chemicals and wastewater treatment products,0.9
Operation & Maintenance of the South Bay Wastewater Treatment Plant,SAM-799ZQ,https://sam.gov/search/?index=opp&keywords=191BWC26R0001,5 years (1 Base Year + 4 Option Years),"25 MGD (Current), expanding to 50-60 MGD","Wastewater treatment consumables (chemicals, fuel, sludge)",Garratt-Callahan,feedback@g-c.com,https://www.garrattcallahan.com,"California, USA",Industrial water treatment expertise and chemical solutions,0.95
FCI Bennettsville 2nd Quarter FY26 Milk Requirement,SAM-RKN9P,https://sam.gov/search/?index=opp&keywords=15B31726Q00000003,Quarterly Milk Requirement (2nd Quarter FY26),"Pasteurized, Nonfat, Skim, or Fat Free (Fluid Milk)",Dairy Milk,Hickory Hill Milk,HickoryHillMilk@gmail.com,https://hickoryhillmilk.com,"Edgefield, SC","Whole milk, buttermilk, and chocolate milk from a fourth-generation family farm",1
FCI Bennettsville 2nd Quarter FY26 Milk Requirement,SAM-RKN9P,https://sam.gov/search/?index=opp&keywords=15B31726Q00000003,Quarterly Milk Requirement (2nd Quarter FY26),"Pasteurized, Nonfat, Skim, or Fat Free (Fluid Milk)",Dairy Milk,Milky Way Farm,milkywayfarmsc@gmail.com,https://www.scmilkywayfarm.com,"Starr, SC",Raw and vat-pasteurized A2 Jersey milk,1
FCI Bennettsville 2nd Quarter FY26 Milk Requirement,SAM-RKN9P,https://sam.gov/search/?index=opp&keywords=15B31726Q00000003,Quarterly Milk Requirement (2nd Quarter FY26),"Pasteurized, Nonfat, Skim, or Fat Free (Fluid Milk)",Dairy Milk,Legacy Springs Farm Dairy,legacyspringsdairy@gmail.com,https://www.legacyspringsfarmdairy.com,"Chester, SC","A2A2 Jersey cow milk, glass bottled",1
FCI Bennettsville 2nd Quarter FY26 Milk Requirement,SAM-RKN9P,https://sam.gov/search/?index=opp&keywords=15B31726Q00000003,Quarterly Milk Requirement (2nd Quarter FY26),"Pasteurized, Nonfat, Skim, or Fat Free (Fluid Milk)",Dairy Milk,Maola Local Dairies,emailus@maolamilk.com,https://www.maolamilk.com,"Reston, VA",Fresh local milk and dairy products serving the Mid-Atlantic and Southeast,0.95
FCI Bennettsville 2nd Quarter FY26 Milk Requirement,SAM-RKN9P,https://sam.gov/search/?index=opp&keywords=15B31726Q00000003,Quarterly Milk Requirement (2nd Quarter FY26),"Pasteurized, Nonfat, Skim, or Fat Free (Fluid Milk)",Dairy Milk,Duchess Dairy,duchessdairyproducts@gmail.com,http://duchessdairy.usjersey.com,"Rural Retreat, VA","Queen of Quality labeled milk, chocolate milk, and drinkable yogurt",0.95
FCI Bennettsville 2nd Quarter FY26 Milk Requirement,SAM-RKN9P,https://sam.gov/search/?index=opp&keywords=15B31726Q00000003,Quarterly Milk Requirement (2nd Quarter FY26),"Pasteurized, Nonfat, Skim, or Fat Free (Fluid Milk)",Dairy Milk,Maple View Farm,allison@mapleviewfarm.com,https://mapleviewfarm.com,"Hillsborough, NC","Farm-fresh milk, butter, and ice cream",0.9
FCI Bennettsville 2nd Quarter FY26 Milk Requirement,SAM-RKN9P,https://sam.gov/search/?index=opp&keywords=15B31726Q00000003,Quarterly Milk Requirement (2nd Quarter FY26),"Pasteurized, Nonfat, Skim, or Fat Free (Fluid Milk)",Dairy Milk,Turner Dairy Farms,hello@turnerdairy.net,https://turnerdairy.net,"Penn Hills, PA","Premium milk, flavored milk, and iced teas",0.9
FCI Bennettsville 2nd Quarter FY26 Milk Requirement,SAM-RKN9P,https://sam.gov/search/?index=opp&keywords=15B31726Q00000003,Quarterly Milk Requirement (2nd Quarter FY26),"Pasteurized, Nonfat, Skim, or Fat Free (Fluid Milk)",Dairy Milk,Marburger Farm Dairy,dairy@marburgerdairy.com,https://marburgerdairy.com,"Evans City, PA",Gourmet buttermilk and fluid milk products,0.9
FCI Bennettsville 2nd Quarter FY26 Milk Requirement,SAM-RKN9P,https://sam.gov/search/?index=opp&keywords=15B31726Q00000003,Quarterly Milk Requirement (2nd Quarter FY26),"Pasteurized, Nonfat, Skim, or Fat Free (Fluid Milk)",Dairy Milk,Schneider's Dairy,dschneider@schneidersdairy.com,https://schneidersdairy.com,"Pittsburgh, PA","Family-owned dairy providing milk, juice, and cultured products",0.9
FCI Bennettsville 2nd Quarter FY26 Milk Requirement,SAM-RKN9P,https://sam.gov/search/?index=opp&keywords=15B31726Q00000003,Quarterly Milk Requirement (2nd Quarter FY26),"Pasteurized, Nonfat, Skim, or Fat Free (Fluid Milk)",Dairy Milk,Galliker's Dairy Company,info@gallikers.com,https://www.gallikers.com,"Johnstown, PA","Milk, ice cream, and tea production",0.9
FCI Bennettsville 2nd Quarter FY26 Milk Requirement,SAM-RKN9P,https://sam.gov/search/?index=opp&keywords=15B31726Q00000003,Quarterly Milk Requirement (2nd Quarter FY26),"Pasteurized, Nonfat, Skim, or Fat Free (Fluid Milk)",Dairy Milk,Upstate Niagara Cooperative,emailus@uncdairy.com,https://www.upstateniagara.com,"Lancaster, NY","Fluid milk, yogurt, and dairy products owned by farmers",0.9
FCI Bennettsville 2nd Quarter FY26 Milk Requirement,SAM-RKN9P,https://sam.gov/search/?index=opp&keywords=15B31726Q00000003,Quarterly Milk Requirement (2nd Quarter FY26),"Pasteurized, Nonfat, Skim, or Fat Free (Fluid Milk)",Dairy Milk,Byrne Dairy,marshall.winn@byrnedairy.com,https://byrnedairy.com,"Syracuse, NY",Extended Shelf Life (ESL) and fresh dairy processing,0.9
FCI Bennettsville 2nd Quarter FY26 Milk Requirement,SAM-RKN9P,https://sam.gov/search/?index=opp&keywords=15B31726Q00000003,Quarterly Milk Requirement (2nd Quarter FY26),"Pasteurized, Nonfat, Skim, or Fat Free (Fluid Milk)",Dairy Milk,Prairie Farms Dairy,info@prairiefarms.com,https://www.prairiefarms.com,"Edwardsville, IL","Manufacturer of milk, cheese, and dairy products",0.95
FCI Bennettsville 2nd Quarter FY26 Milk Requirement,SAM-RKN9P,https://sam.gov/search/?index=opp&keywords=15B31726Q00000003,Quarterly Milk Requirement (2nd Quarter FY26),"Pasteurized, Nonfat, Skim, or Fat Free (Fluid Milk)",Dairy Milk,Shamrock Farms,hiroxie@shamrockfoods.com,https://www.shamrockfarms.net,"Phoenix, AZ","Farm-fresh milk, whipping cream, and sour cream",0.95
FCI Bennettsville 2nd Quarter FY26 Milk Requirement,SAM-RKN9P,https://sam.gov/search/?index=opp&keywords=15B31726Q00000003,Quarterly Milk Requirement (2nd Quarter FY26),"Pasteurized, Nonfat, Skim, or Fat Free (Fluid Milk)",Dairy Milk,Hiland Dairy,scarey@hilanddairy.com,https://www.hilanddairy.com,"Springfield, MO","Farmer-owned dairy producing milk, ice cream, and dips",0.95
FCI Bennettsville 2nd Quarter FY26 Milk Requirement,SAM-RKN9P,https://sam.gov/search/?index=opp&keywords=15B31726Q00000003,Quarterly Milk Requirement (2nd Quarter FY26),"Pasteurized, Nonfat, Skim, or Fat Free (Fluid Milk)",Dairy Milk,Anderson Erickson Dairy,michaelg@aedairy.com,https://www.aedairy.com,"Des Moines, IA","Traditional dairy products including milk, yogurt, and cottage cheese",0.9
FCI Bennettsville 2nd Quarter FY26 Milk Requirement,SAM-RKN9P,https://sam.gov/search/?index=opp&keywords=15B31726Q00000003,Quarterly Milk Requirement (2nd Quarter FY26),"Pasteurized, Nonfat, Skim, or Fat Free (Fluid Milk)",Dairy Milk,Oberweis Dairy,webfeedback@oberweis.com,https://www.oberweis.com,"North Aurora, IL",Home delivery of glass-bottled milk and ice cream,0.9
FCI Bennettsville 2nd Quarter FY26 Milk Requirement,SAM-RKN9P,https://sam.gov/search/?index=opp&keywords=15B31726Q00000003,Quarterly Milk Requirement (2nd Quarter FY26),"Pasteurized, Nonfat, Skim, or Fat Free (Fluid Milk)",Dairy Milk,Guernsey Farms Dairy,contact@guernseyfarmsdairy.com,https://guernseyfarmsdairy.com,"Northville, MI",Small-batch milk and ice cream processing,0.9
FCI Bennettsville 2nd Quarter FY26 Milk Requirement,SAM-RKN9P,https://sam.gov/search/?index=opp&keywords=15B31726Q00000003,Quarterly Milk Requirement (2nd Quarter FY26),"Pasteurized, Nonfat, Skim, or Fat Free (Fluid Milk)",Dairy Milk,Country Dairy,info@countrydairy.com,https://countrydairy.com,"New Era, MI",Producer-handler of rBST-free milk and cheese,0.9
FCI Bennettsville 2nd Quarter FY26 Milk Requirement,SAM-RKN9P,https://sam.gov/search/?index=opp&keywords=15B31726Q00000003,Quarterly Milk Requirement (2nd Quarter FY26),"Pasteurized, Nonfat, Skim, or Fat Free (Fluid Milk)",Dairy Milk,Snowville Creamery,info@snowvillecreamery.com,https://www.snowvillecreamery.com,"Pomeroy, OH","Grass-grazed, A2/A2 fluid milk and yogurt",0.9
FCI Bennettsville 2nd Quarter FY26 Milk Requirement,SAM-RKN9P,https://sam.gov/search/?index=opp&keywords=15B31726Q00000003,Quarterly Milk Requirement (2nd Quarter FY26),"Pasteurized, Nonfat, Skim, or Fat Free (Fluid Milk)",Dairy Milk,Shatto Milk Company,leroy@shattomilk.com,https://shattomilk.com,"Osborn, MO",Small family farm bottling milk in glass containers,0.9
FCI Bennettsville 2nd Quarter FY26 Milk Requirement,SAM-RKN9P,https://sam.gov/search/?index=opp&keywords=15B31726Q00000003,Quarterly Milk Requirement (2nd Quarter FY26),"Pasteurized, Nonfat, Skim, or Fat Free (Fluid Milk)",Dairy Milk,Volleman's Family Farm,info@vollemansdairy.com,https://vollemansdairy.com,"Gustine, TX",Glass-bottled milk from a family-owned dairy,0.9
FCI Bennettsville 2nd Quarter FY26 Milk Requirement,SAM-RKN9P,https://sam.gov/search/?index=opp&keywords=15B31726Q00000003,Quarterly Milk Requirement (2nd Quarter FY26),"Pasteurized, Nonfat, Skim, or Fat Free (Fluid Milk)",Dairy Milk,Rosa Brothers Milk Company,info@rosabrothers.com,https://rosabrothers.com,"Tulare, CA",Glass-bottled milk and ice cream from family farm,0.9
FCI Bennettsville 2nd Quarter FY26 Milk Requirement,SAM-RKN9P,https://sam.gov/search/?index=opp&keywords=15B31726Q00000003,Quarterly Milk Requirement (2nd Quarter FY26),"Pasteurized, Nonfat, Skim, or Fat Free (Fluid Milk)",Dairy Milk,Hollandia Dairy,main@hollandiadairy.com,https://hollandiadairy.com,"San Marcos, CA",Fresh milk and dairy products for schools and institutions,0.9
FCI Bennettsville 2nd Quarter FY26 Milk Requirement,SAM-RKN9P,https://sam.gov/search/?index=opp&keywords=15B31726Q00000003,Quarterly Milk Requirement (2nd Quarter FY26),"Pasteurized, Nonfat, Skim, or Fat Free (Fluid Milk)",Dairy Milk,Producers Dairy,customer.service@producersdairy.com,https://producersdairy.com,"Fresno, CA","Milk, cheese, and ice cream distribution",0.9
FCI Bennettsville 2nd Quarter FY26 Milk Requirement,SAM-RKN9P,https://sam.gov/search/?index=opp&keywords=15B31726Q00000003,Quarterly Milk Requirement (2nd Quarter FY26),"Pasteurized, Nonfat, Skim, or Fat Free (Fluid Milk)",Dairy Milk,Crystal Creamery,customerservice@crystalcreamery.com,https://crystalcreamery.com,"Modesto, CA","Full line of dairy products including milk, butter, and cottage cheese",0.9
FCI Bennettsville 2nd Quarter FY26 Milk Requirement,SAM-RKN9P,https://sam.gov/search/?index=opp&keywords=15B31726Q00000003,Quarterly Milk Requirement (2nd Quarter FY26),"Pasteurized, Nonfat, Skim, or Fat Free (Fluid Milk)",Dairy Milk,Clover Sonoma,askclo@cloversonoma.com,https://cloversonoma.com,"Petaluma, CA",Organic and conventional dairy products,0.9
FCI Bennettsville 2nd Quarter FY26 Milk Requirement,SAM-RKN9P,https://sam.gov/search/?index=opp&keywords=15B31726Q00000003,Quarterly Milk Requirement (2nd Quarter FY26),"Pasteurized, Nonfat, Skim, or Fat Free (Fluid Milk)",Dairy Milk,Straus Family Creamery,family@strausfamilycreamery.com,https://strausfamilycreamery.com,"Petaluma, CA",Organic cream-top milk and dairy products,0.9
FCI Bennettsville 2nd Quarter FY26 Milk Requirement,SAM-RKN9P,https://sam.gov/search/?index=opp&keywords=15B31726Q00000003,Quarterly Milk Requirement (2nd Quarter FY26),"Pasteurized, Nonfat, Skim, or Fat Free (Fluid Milk)",Dairy Milk,Alexandre Family Farm,sales@alexandrefamilyfarm.com,https://alexandrefamilyfarm.com,"Crescent City, CA",Regenerative organic A2/A2 dairy products,0.9
FCI Bennettsville 2nd Quarter FY26 Milk Requirement,SAM-RKN9P,https://sam.gov/search/?index=opp&keywords=15B31726Q00000003,Quarterly Milk Requirement (2nd Quarter FY26),"Pasteurized, Nonfat, Skim, or Fat Free (Fluid Milk)",Dairy Milk,California Dairies Inc,sales@californiadairies.com,https://californiadairies.com,"Visalia, CA",Leading milk marketing and processing cooperative,0.95
FCI Bennettsville 2nd Quarter FY26 Milk Requirement,SAM-RKN9P,https://sam.gov/search/?index=opp&keywords=15B31726Q00000003,Quarterly Milk Requirement (2nd Quarter FY26),"Pasteurized, Nonfat, Skim, or Fat Free (Fluid Milk)",Dairy Milk,Foster Farms Dairy,info@fosterfarms.com,https://www.fosterfarms.com,"Livingston, CA",Dairy products and poultry,0.9
FCI Bennettsville 2nd Quarter FY26 Milk Requirement,SAM-RKN9P,https://sam.gov/search/?index=opp&keywords=15B31726Q00000003,Quarterly Milk Requirement (2nd Quarter FY26),"Pasteurized, Nonfat, Skim, or Fat Free (Fluid Milk)",Dairy Milk,Lochmead Dairy,info@lochmead.com,https://darimart.com,"Junction City, OR","Dairy farm, processing plant, and retail stores",0.9
FCI Bennettsville 2nd Quarter FY26 Milk Requirement,SAM-RKN9P,https://sam.gov/search/?index=opp&keywords=15B31726Q00000003,Quarterly Milk Requirement (2nd Quarter FY26),"Pasteurized, Nonfat, Skim, or Fat Free (Fluid Milk)",Dairy Milk,Smith Brothers Farms,getmilk@smithbrothersfarms.com,https://www.smithbrothersfarms.com,"Kent, WA",Home delivery of milk and local grocery products,0.9
FCI Bennettsville 2nd Quarter FY26 Milk Requirement,SAM-RKN9P,https://sam.gov/search/?index=opp&keywords=15B31726Q00000003,Quarterly Milk Requirement (2nd Quarter FY26),"Pasteurized, Nonfat, Skim, or Fat Free (Fluid Milk)",Dairy Milk,Darigold,Steve.Matzen@darigold.com,https://darigold.com,"Seattle, WA","Farmer-owned cooperative producing milk, butter, and cheese",0.95
FCI Bennettsville 2nd Quarter FY26 Milk Requirement,SAM-RKN9P,https://sam.gov/search/?index=opp&keywords=15B31726Q00000003,Quarterly Milk Requirement (2nd Quarter FY26),"Pasteurized, Nonfat, Skim, or Fat Free (Fluid Milk)",Dairy Milk,Royal Crest Dairy,service@royalcrestdairy.com,https://royalcrestdairy.com,"Denver, CO",Home delivery of milk and food products,0.9
FCI Bennettsville 2nd Quarter FY26 Milk Requirement,SAM-RKN9P,https://sam.gov/search/?index=opp&keywords=15B31726Q00000003,Quarterly Milk Requirement (2nd Quarter FY26),"Pasteurized, Nonfat, Skim, or Fat Free (Fluid Milk)",Dairy Milk,Longmont Dairy Farm,customerservice@longmontdairy.com,https://longmontdairy.com,"Longmont, CO",Farm-fresh milk delivery in glass bottles,0.9
FCI Bennettsville 2nd Quarter FY26 Milk Requirement,SAM-RKN9P,https://sam.gov/search/?index=opp&keywords=15B31726Q00000003,Quarterly Milk Requirement (2nd Quarter FY26),"Pasteurized, Nonfat, Skim, or Fat Free (Fluid Milk)",Dairy Milk,Aurora Organic Dairy,info@aodmilk.com,https://auroraorganic.com,"Boulder, CO",Large-scale organic milk production and processing,0.9
FCI Bennettsville 2nd Quarter FY26 Milk Requirement,SAM-RKN9P,https://sam.gov/search/?index=opp&keywords=15B31726Q00000003,Quarterly Milk Requirement (2nd Quarter FY26),"Pasteurized, Nonfat, Skim, or Fat Free (Fluid Milk)",Dairy Milk,United Dairymen of Arizona,sales.interest@udaz.org,https://uda.coop,"Tempe, AZ",Dairy cooperative processing milk and dairy ingredients,0.95
FCI Bennettsville 2nd Quarter FY26 Milk Requirement,SAM-RKN9P,https://sam.gov/search/?index=opp&keywords=15B31726Q00000003,Quarterly Milk Requirement (2nd Quarter FY26),"Pasteurized, Nonfat, Skim, or Fat Free (Fluid Milk)",Dairy Milk,Dairy Farmers of America,info@dfamilk.com,https://dfamilk.com,"Kansas City, KS",National milk marketing cooperative and processor,0.95
FCI Bennettsville 2nd Quarter FY26 Milk Requirement,SAM-RKN9P,https://sam.gov/search/?index=opp&keywords=15B31726Q00000003,Quarterly Milk Requirement (2nd Quarter FY26),"Pasteurized, Nonfat, Skim, or Fat Free (Fluid Milk)",Dairy Milk,Associated Milk Producers Inc,senskem@ampi.com,https://ampi.com,"New Ulm, MN",Midwest dairy cooperative specializing in cheese and butter,0.95
Combined Pest Control,SAM-OMS01,https://sam.gov/opp/31125PR260000083/view,1 Base Year (01/01/2026-12/31/2026) + 4 Option Years,"Location: Buzzards Bay, MA 02542; NAICS: 561710; PSC: 6840",Non-chemical techniques; Chemical control agents (EPA approved),A1 Exterminators,info@a1exterminators.com,https://www.a1exterminators.com,"Buzzards Bay, MA","Pest Control Service Provider; Termite and Rodent Control; Residential & Commercial Extermination; IPM Techniques; Local Service in Buzzards Bay (NAICS 561710). High match for location and service requirements, including non-chemical and chemical options available upon request in service plans (e.g., Pest Prevention Plan). Verified local presence for 65+ years in Buzzards Bay area, matching the specific location constraint perfectly for service delivery or contracting needs related to PSC 6840 (Pest Control Agents/Services). Note: Primarily a service provider, not a manufacturer, fitting the NAICS code provided (561710). MATCH CONFIDENCE: HIGH (1.0) - Best location match found directly in Buzzards Bay, MA 02542.",
Combined Pest Control,SAM-OMS01,https://sam.gov/opp/31125PR260000083/view,1 Base Year (01/01/2026-12/31/2026) + 4 Option Years,"Location: Buzzards Bay, MA 02542; NAICS: 561710; PSC: 6840",Non-chemical techniques; Chemical control agents (EPA approved),Cape Cod Pest Pros,capecodpestpros@gmail.com,https://www.capecodpestpros.com,"Pocasset, MA","Pest Control Service Provider; Eco-friendly Pest Control; Termite, Ant, and Rodent Control; Serving Cape Cod and Buzzards Bay area. Uses safest products available (EPA approved) and emphasizes prevention. Proximity to Buzzards Bay is high (Pocasset is adjacent). Validated email contact. Strong match for local service requirements with environmental focus (Non-chemical techniques/IPM context). MATCH CONFIDENCE: HIGH (0.95) - Very close proximity (Bourne/Pocasset) and explicitly mentions eco-friendly/safe products.",
Combined Pest Control,SAM-OMS01,https://sam.gov/opp/31125PR260000083/view,1 Base Year (01/01/2026-12/31/2026) + 4 Option Years,"Location: Buzzards Bay, MA 02542; NAICS: 561710; PSC: 6840",Non-chemical techniques; Chemical control agents (EPA approved),Griggs & Browne Termite & Pest Control,internet@griggsbrowne.com,https://www.griggsbrowne.com,"Buzzards Bay, MA","Pest Control Service Provider; Termite Control; Commercial & Residential Services; IPM Solutions. One of their main offices is located directly in Buzzards Bay (203 Main St, Buzzards Bay, MA 02532), making them a perfect location match. They offer comprehensive pest management including non-chemical and chemical methods. MATCH CONFIDENCE: HIGH (1.0) - Exact location match in Buzzards Bay.",
Combined Pest Control,SAM-OMS01,https://sam.gov/opp/31125PR260000083/view,1 Base Year (01/01/2026-12/31/2026) + 4 Option Years,"Location: Buzzards Bay, MA 02542; NAICS: 561710; PSC: 6840",Non-chemical techniques; Chemical control agents (EPA approved),Pilgrim Pest Professionals,info@pilgrimpestpro.com,https://www.pilgrimpestpro.com,"Plymouth, MA","Pest Control Service Provider; Wildlife Removal; Residential, Commercial, and Municipal Services; 24/7 Emergency Service. Serves Buzzards Bay and surrounding areas. Offers 'Green' pest control options consistent with IPM requirements. Verified email and strong regional presence. MATCH CONFIDENCE: HIGH (0.9) - Serves the requested area.",
Combined Pest Control,SAM-OMS01,https://sam.gov/opp/31125PR260000083/view,1 Base Year (01/01/2026-12/31/2026) + 4 Option Years,"Location: Buzzards Bay, MA 02542; NAICS: 561710; PSC: 6840",Non-chemical techniques; Chemical control agents (EPA approved),Plymouth Bristol Pest & Termite Control,plymouthbristol@gmail.com,https://www.plymouthbristolpest.com,"Plymouth, MA","Pest Control Service Provider; Termite Control; General Pest Management. Family-owned, serving Plymouth and Bristol counties (covering Buzzards Bay). Offers 24/7 service. Verified email. Good match for service provision in the target region. MATCH CONFIDENCE: HIGH (0.85).",
Combined Pest Control,SAM-OMS01,https://sam.gov/opp/31125PR260000083/view,1 Base Year (01/01/2026-12/31/2026) + 4 Option Years,"Location: Buzzards Bay, MA 02542; NAICS: 561710; PSC: 6840",Non-chemical techniques; Chemical control agents (EPA approved),"Neal Pest Control, Inc.",team@nealpestcontrol.com,https://www.nealpestcontrol.com,"Plymouth, MA","Pest Control Service Provider; IPM Strategies; Residential & Commercial Services. Family-owned, serving South Shore and Cape Cod including Buzzards Bay. Emphasizes IPM (Non-chemical techniques where possible). Verified email. MATCH CONFIDENCE: HIGH (0.9) - Explicit mention of IPM and service area.",
Combined Pest Control,SAM-OMS01,https://sam.gov/opp/31125PR260000083/view,1 Base Year (01/01/2026-12/31/2026) + 4 Option Years,"Location: Buzzards Bay, MA 02542; NAICS: 561710; PSC: 6840",Non-chemical techniques; Chemical control agents (EPA approved),Target Specialty Products,phyllis.reidman@target-specialty.com,https://www.target-specialty.com,"Franklin, MA","Distributor/Wholesaler; Pest Control Supplies; Application Equipment; Agricultural Chemicals. Matches the 'Wholesaler' goal and 'Chemical control agents' requirement perfectly. They supply the products used by service providers. Located in MA, serving the region. MATCH CONFIDENCE: HIGH (0.95) - True Wholesaler/Distributor match.",
Combined Pest Control,SAM-OMS01,https://sam.gov/opp/31125PR260000083/view,1 Base Year (01/01/2026-12/31/2026) + 4 Option Years,"Location: Buzzards Bay, MA 02542; NAICS: 561710; PSC: 6840",Non-chemical techniques; Chemical control agents (EPA approved),Veseris,sales@veseris.com,https://www.veseris.com,"Woburn, MA",Distributor/Wholesaler; Pest Control Products; Insecticides; Rodenticides; IPM Tools. A major supplier of pest control chemicals and equipment to the industry. Matches the 'Wholesaler' goal. MATCH CONFIDENCE: HIGH (0.95) - True Wholesaler/Distributor match.,
Combined Pest Control,SAM-OMS01,https://sam.gov/opp/31125PR260000083/view,1 Base Year (01/01/2026-12/31/2026) + 4 Option Years,"Location: Buzzards Bay, MA 02542; NAICS: 561710; PSC: 6840",Non-chemical techniques; Chemical control agents (EPA approved),New England Chemical / New England Pest Control,info@nechemical.com,https://www.nechemical.com,MA/NH,"Supplier & Service Provider; Pest Control Chemicals; Invisiguard System. Provides both chemicals and services, bridging the gap between manufacturer/wholesaler and service provider. MATCH CONFIDENCE: MEDIUM (0.8) - Supplier aspect matches goal.",
Combined Pest Control,SAM-OMS01,https://sam.gov/opp/31125PR260000083/view,1 Base Year (01/01/2026-12/31/2026) + 4 Option Years,"Location: Buzzards Bay, MA 02542; NAICS: 561710; PSC: 6840",Non-chemical techniques; Chemical control agents (EPA approved),Flynn Pest Control,bugs@flynnpestcontrol.com,https://www.flynnpestcontrol.com,"Rehoboth, MA",Pest Control Service Provider; IPM Solutions; Commercial & Residential. Certified QualityPro. Serves Eastern MA and Cape Cod. Verified email. Strong IPM focus matches requirements. MATCH CONFIDENCE: HIGH (0.85).,
Combined Pest Control,SAM-OMS01,https://sam.gov/opp/31125PR260000083/view,1 Base Year (01/01/2026-12/31/2026) + 4 Option Years,"Location: Buzzards Bay, MA 02542; NAICS: 561710; PSC: 6840",Non-chemical techniques; Chemical control agents (EPA approved),B & B Pest Control,info@bbpest.com,https://www.bbpest.com,"Lynn, MA","Pest Control Service Provider; IPM Services; Eco-friendly options. Family-owned, serving North Shore and Greater Boston. Verified email. MATCH CONFIDENCE: MEDIUM (0.75) - Location is further north but serves MA.",
Combined Pest Control,SAM-OMS01,https://sam.gov/opp/31125PR260000083/view,1 Base Year (01/01/2026-12/31/2026) + 4 Option Years,"Location: Buzzards Bay, MA 02542; NAICS: 561710; PSC: 6840",Non-chemical techniques; Chemical control agents (EPA approved),Burgess Pest Management,info@burgesspest.com,https://www.burgesspest.com,"West Bridgewater, MA",Pest Control Service Provider; IPM; Tick & Mosquito Control. Large regional provider serving Cape Cod and Buzzards Bay. Uses technology-driven IPM. MATCH CONFIDENCE: HIGH (0.9).,
Combined Pest Control,SAM-OMS01,https://sam.gov/opp/31125PR260000083/view,1 Base Year (01/01/2026-12/31/2026) + 4 Option Years,"Location: Buzzards Bay, MA 02542; NAICS: 561710; PSC: 6840",Non-chemical techniques; Chemical control agents (EPA approved),EcoGeek Pest Control,info@ecogeekpestcontrol.com,https://www.ecogeekpestcontrol.com,"Cape Cod, MA","Pest Control Service Provider; Eco-friendly/Non-chemical techniques focus. Specifically targets safe, environmentally conscious pest control on Cape Cod. High match for 'Non-chemical techniques'. MATCH CONFIDENCE: HIGH (0.9).",
Combined Pest Control,SAM-OMS01,https://sam.gov/opp/31125PR260000083/view,1 Base Year (01/01/2026-12/31/2026) + 4 Option Years,"Location: Buzzards Bay, MA 02542; NAICS: 561710; PSC: 6840",Non-chemical techniques; Chemical control agents (EPA approved),LifeSpace Pest Solutions,contact@lifespacepest.com,https://www.lifespacepest.com,"Cape Cod, MA",Pest Control Service Provider; Biological & Non-chemical options. Staff entomologist. Focus on safety and IPM. Serves Southeastern MA and Cape Cod. MATCH CONFIDENCE: HIGH (0.85).,
Combined Pest Control,SAM-OMS01,https://sam.gov/opp/31125PR260000083/view,1 Base Year (01/01/2026-12/31/2026) + 4 Option Years,"Location: Buzzards Bay, MA 02542; NAICS: 561710; PSC: 6840",Non-chemical techniques; Chemical control agents (EPA approved),Waltham Pest Services,info@walthamservices.com,https://www.walthamservices.com,"Waltham/Cape Cod, MA",Pest Control Service Provider; Commercial Pest Control; IPM. One of the largest providers in New England with specific branches serving Cape Cod/Buzzards Bay. MATCH CONFIDENCE: HIGH (0.9).,
Combined Pest Control,SAM-OMS01,https://sam.gov/opp/31125PR260000083/view,1 Base Year (01/01/2026-12/31/2026) + 4 Option Years,"Location: Buzzards Bay, MA 02542; NAICS: 561710; PSC: 6840",Non-chemical techniques; Chemical control agents (EPA approved),Ransford Pest Control,info@ransfordpc.com,https://www.ransfordpc.com,"Worcester, MA",Pest Control Service Provider; Commercial IPM. Long-standing company (125+ years). Offers specialized commercial services. MATCH CONFIDENCE: MEDIUM (0.75) - Distance.,
Combined Pest Control,SAM-OMS01,https://sam.gov/opp/31125PR260000083/view,1 Base Year (01/01/2026-12/31/2026) + 4 Option Years,"Location: Buzzards Bay, MA 02542; NAICS: 561710; PSC: 6840",Non-chemical techniques; Chemical control agents (EPA approved),Morrell Associates,MorrellAssociates@gmail.com,http://www.morrell-associates.com,"Marshfield, MA","Pest Control Consultant/Service; Food Safety Inspections; IPM Services. Specializes in IPM for food establishments, matching the 'Commercial Pest Control' and 'IPM' context well. MATCH CONFIDENCE: HIGH (0.85).",
Combined Pest Control,SAM-OMS01,https://sam.gov/opp/31125PR260000083/view,1 Base Year (01/01/2026-12/31/2026) + 4 Option Years,"Location: Buzzards Bay, MA 02542; NAICS: 561710; PSC: 6840",Non-chemical techniques; Chemical control agents (EPA approved),Essex County Pest Control,gotants@essexpest.com,https://www.essexpest.com,"Newburyport, MA",Pest Control Service Provider; Residential & Commercial. Verified email. MATCH CONFIDENCE: MEDIUM (0.7).,
Combined Pest Control,SAM-OMS01,https://sam.gov/opp/31125PR260000083/view,1 Base Year (01/01/2026-12/31/2026) + 4 Option Years,"Location: Buzzards Bay, MA 02542; NAICS: 561710; PSC: 6840",Non-chemical techniques; Chemical control agents (EPA approved),Bain Pest Control (Ehrlich),bainpestlocal@gmail.com,https://www.bainpestcontrol.com,"Lowell, MA",Pest Control Service Provider; Termite & Bed Bug Control. Now part of Ehrlich but retains local presence. MATCH CONFIDENCE: MEDIUM (0.7).,
Combined Pest Control,SAM-OMS01,https://sam.gov/opp/31125PR260000083/view,1 Base Year (01/01/2026-12/31/2026) + 4 Option Years,"Location: Buzzards Bay, MA 02542; NAICS: 561710; PSC: 6840",Non-chemical techniques; Chemical control agents (EPA approved),Debug Pest Control,info@debugpestcontrol.com,https://www.debugpestcontrol.com,"New Bedford, MA",Pest Control Service Provider; Green Pest Control; Termite & Bed Bug Solutions. Serves New Bedford and surrounding areas (close to Buzzards Bay). MATCH CONFIDENCE: HIGH (0.9).,
Combined Pest Control,SAM-OMS01,https://sam.gov/opp/31125PR260000083/view,1 Base Year (01/01/2026-12/31/2026) + 4 Option Years,"Location: Buzzards Bay, MA 02542; NAICS: 561710; PSC: 6840",Non-chemical techniques; Chemical control agents (EPA approved),Spartan Animal & Pest Control,info@spartananimalandpestcontrol.com,https://www.spartananimalandpestcontrol.com,"New Bedford, MA",Pest Control Service Provider; Humane Wildlife Removal; IPM. Focus on humane and effective solutions. MATCH CONFIDENCE: HIGH (0.85).,
Combined Pest Control,SAM-OMS01,https://sam.gov/opp/31125PR260000083/view,1 Base Year (01/01/2026-12/31/2026) + 4 Option Years,"Location: Buzzards Bay, MA 02542; NAICS: 561710; PSC: 6840",Non-chemical techniques; Chemical control agents (EPA approved),Big Blue Bug Solutions,info@bigbluebug.com,https://www.bigbluebug.com,"Fall River, MA",Pest Control Service Provider; Residential & Commercial; IPM. Famous regional provider serving MA/RI. MATCH CONFIDENCE: HIGH (0.85).,
Combined Pest Control,SAM-OMS01,https://sam.gov/opp/31125PR260000083/view,1 Base Year (01/01/2026-12/31/2026) + 4 Option Years,"Location: Buzzards Bay, MA 02542; NAICS: 561710; PSC: 6840",Non-chemical techniques; Chemical control agents (EPA approved),NW Pest Control,info@nwpestcontrol.com,https://www.nwpestcontrol.com,"Fall River, MA",Pest Control Service Provider; Family Owned; Residential & Commercial. Serves Fall River and South Coast. MATCH CONFIDENCE: HIGH (0.8).,
Combined Pest Control,SAM-OMS01,https://sam.gov/opp/31125PR260000083/view,1 Base Year (01/01/2026-12/31/2026) + 4 Option Years,"Location: Buzzards Bay, MA 02542; NAICS: 561710; PSC: 6840",Non-chemical techniques; Chemical control agents (EPA approved),Guardian Pest Control,info@guardianpestri.com,https://www.guardianpestri.com,"Fall River, MA",Pest Control Service Provider; Prevention Services. Serves Fall River and surrounding areas. MATCH CONFIDENCE: HIGH (0.8).,
Combined Pest Control,SAM-OMS01,https://sam.gov/opp/31125PR260000083/view,1 Base Year (01/01/2026-12/31/2026) + 4 Option Years,"Location: Buzzards Bay, MA 02542; NAICS: 561710; PSC: 6840",Non-chemical techniques; Chemical control agents (EPA approved),South Shore IPM,info@southshoreipm.com,https://www.southshoreipm.com,"Weymouth, MA",Pest Control Service Provider; IPM; Organic Options. Focus on Integrated Pest Management and eco-friendly solutions. MATCH CONFIDENCE: HIGH (0.85).,
Combined Pest Control,SAM-OMS01,https://sam.gov/opp/31125PR260000083/view,1 Base Year (01/01/2026-12/31/2026) + 4 Option Years,"Location: Buzzards Bay, MA 02542; NAICS: 561710; PSC: 6840",Non-chemical techniques; Chemical control agents (EPA approved),Assurance Pest Solutions,info@assurancepestsolutions.com,https://www.assurancepestsolutions.com,"Middlesex, MA",Pest Control Service Provider; IPM; Associate Certified Entomologists on staff. High confidence in technical capability (IPM). MATCH CONFIDENCE: MEDIUM (0.75).,
Combined Pest Control,SAM-OMS01,https://sam.gov/opp/31125PR260000083/view,1 Base Year (01/01/2026-12/31/2026) + 4 Option Years,"Location: Buzzards Bay, MA 02542; NAICS: 561710; PSC: 6840",Non-chemical techniques; Chemical control agents (EPA approved),Pestex,info@pestexinc.com,https://www.pestexinc.com,"Boston, MA",Pest Control Service Provider; Termite Colony Elimination; Exclusion Services. Focus on long-term solutions and exclusion (non-chemical). MATCH CONFIDENCE: HIGH (0.8).,
Combined Pest Control,SAM-OMS01,https://sam.gov/opp/31125PR260000083/view,1 Base Year (01/01/2026-12/31/2026) + 4 Option Years,"Location: Buzzards Bay, MA 02542; NAICS: 561710; PSC: 6840",Non-chemical techniques; Chemical control agents (EPA approved),Yankee Pest Control,info@yankeepestcontrol.com,https://www.yankeepestcontrol.com,"Malden, MA",Pest Control Service Provider; IPM; Commercial & Residential. Strong commercial focus. MATCH CONFIDENCE: MEDIUM (0.75).,
Combined Pest Control,SAM-OMS01,https://sam.gov/opp/31125PR260000083/view,1 Base Year (01/01/2026-12/31/2026) + 4 Option Years,"Location: Buzzards Bay, MA 02542; NAICS: 561710; PSC: 6840",Non-chemical techniques; Chemical control agents (EPA approved),Catseye Pest Control,service@catseyepest.com,https://www.catseyepest.com,"Plymouth, MA",Pest Control Service Provider; Exclusion Systems (Cat-Guard); Wildlife Control. Strong focus on non-chemical exclusion techniques. MATCH CONFIDENCE: HIGH (0.85).,
Combined Pest Control,SAM-OMS01,https://sam.gov/opp/31125PR260000083/view,1 Base Year (01/01/2026-12/31/2026) + 4 Option Years,"Location: Buzzards Bay, MA 02542; NAICS: 561710; PSC: 6840",Non-chemical techniques; Chemical control agents (EPA approved),Ultra Safe Pest Management,info@ultrasafepest.com,https://www.ultrasafepest.com,"Boston, MA",Pest Control Service Provider; Wildlife Removal; IPM. Emphasizes safety and IPM. MATCH CONFIDENCE: MEDIUM (0.75).,
Combined Pest Control,SAM-OMS01,https://sam.gov/opp/31125PR260000083/view,1 Base Year (01/01/2026-12/31/2026) + 4 Option Years,"Location: Buzzards Bay, MA 02542; NAICS: 561710; PSC: 6840",Non-chemical techniques; Chemical control agents (EPA approved),Ecologic Entomology,info@ecologicentomology.com,https://www.ecologicentomology.com,"Boston, MA",Pest Control Service Provider; Commercial Focus; IPM. specialized in commercial pest control using entomology-based solutions. MATCH CONFIDENCE: HIGH (0.8).,
Combined Pest Control,SAM-OMS01,https://sam.gov/opp/31125PR260000083/view,1 Base Year (01/01/2026-12/31/2026) + 4 Option Years,"Location: Buzzards Bay, MA 02542; NAICS: 561710; PSC: 6840",Non-chemical techniques; Chemical control agents (EPA approved),Michael Scott Pest Control,info@michaelscottpestcontrol.com,https://www.michaelscottpestcontrol.com,"Brockton, MA",Pest Control Service Provider; Emergency Services; General Pest Control. MATCH CONFIDENCE: MEDIUM (0.7).,
Combined Pest Control,SAM-OMS01,https://sam.gov/opp/31125PR260000083/view,1 Base Year (01/01/2026-12/31/2026) + 4 Option Years,"Location: Buzzards Bay, MA 02542; NAICS: 561710; PSC: 6840",Non-chemical techniques; Chemical control agents (EPA approved),Freedom Pest Control,info@callfreedompest.com,https://www.callfreedompest.com,"Merrimac, MA",Pest Control Service Provider; Food Safety; IPM. Certified and licensed. MATCH CONFIDENCE: MEDIUM (0.7).,
Combined Pest Control,SAM-OMS01,https://sam.gov/opp/31125PR260000083/view,1 Base Year (01/01/2026-12/31/2026) + 4 Option Years,"Location: Buzzards Bay, MA 02542; NAICS: 561710; PSC: 6840",Non-chemical techniques; Chemical control agents (EPA approved),Minuteman Pest Control,Paul@minutemanpest.com,https://www.minutemanpest.com,"Northampton, MA",Pest Control Service Provider; IPM Certified; Environmentally Responsible. Strong IPM credential. MATCH CONFIDENCE: MEDIUM (0.7).,
Combined Pest Control,SAM-OMS01,https://sam.gov/opp/31125PR260000083/view,1 Base Year (01/01/2026-12/31/2026) + 4 Option Years,"Location: Buzzards Bay, MA 02542; NAICS: 561710; PSC: 6840",Non-chemical techniques; Chemical control agents (EPA approved),General Environmental Services,info@teamges.net,https://www.teamges.net,"Malden, MA",Pest Control Service Provider; Commercial & Industrial; Vegetation Control. Matching 'Commercial Pest Control' context. MATCH CONFIDENCE: MEDIUM (0.75).,
Combined Pest Control,SAM-OMS01,https://sam.gov/opp/31125PR260000083/view,1 Base Year (01/01/2026-12/31/2026) + 4 Option Years,"Location: Buzzards Bay, MA 02542; NAICS: 561710; PSC: 6840",Non-chemical techniques; Chemical control agents (EPA approved),Five Star Pest Control,info@plymouthpestcontrol.com,https://www.plymouthpestcontrol.com,"Plymouth, MA",Pest Control Service Provider; Eco-friendly; Residential & Commercial. Local to Plymouth/Buzzards Bay area. MATCH CONFIDENCE: HIGH (0.85).,
Combined Pest Control,SAM-OMS01,https://sam.gov/opp/31125PR260000083/view,1 Base Year (01/01/2026-12/31/2026) + 4 Option Years,"Location: Buzzards Bay, MA 02542; NAICS: 561710; PSC: 6840",Non-chemical techniques; Chemical control agents (EPA approved),Beyond Pest Services,info@beyondpestservices.com,https://www.beyondpestservices.com,"New Bedford, MA",Pest Control Service Provider; Integrated Management. Local New Bedford service. MATCH CONFIDENCE: HIGH (0.8).,
Combined Pest Control,SAM-OMS01,https://sam.gov/opp/31125PR260000083/view,1 Base Year (01/01/2026-12/31/2026) + 4 Option Years,"Location: Buzzards Bay, MA 02542; NAICS: 561710; PSC: 6840",Non-chemical techniques; Chemical control agents (EPA approved),Pest Assassins,info@pestassassins.com,https://www.pestassassins.com,"Fall River, MA",Pest Control Service Provider; Rodent & Insect Control. No contract options. MATCH CONFIDENCE: HIGH (0.75).,
Combined Pest Control,SAM-OMS01,https://sam.gov/opp/31125PR260000083/view,1 Base Year (01/01/2026-12/31/2026) + 4 Option Years,"Location: Buzzards Bay, MA 02542; NAICS: 561710; PSC: 6840",Non-chemical techniques; Chemical control agents (EPA approved),Insight Pest Solutions,info@insightpest.com,https://www.insightpest.com,"Taunton, MA",Pest Control Service Provider; Residential & Commercial. Local branch in Taunton. MATCH CONFIDENCE: HIGH (0.8).,
Combined Pest Control,SAM-OMS01,https://sam.gov/opp/31125PR260000083/view,1 Base Year (01/01/2026-12/31/2026) + 4 Option Years,"Location: Buzzards Bay, MA 02542; NAICS: 561710; PSC: 6840",Non-chemical techniques; Chemical control agents (EPA approved),Lancelot Janitorial Pest Control Supplies,info@lancelotjanitorial.com,https://www.lancelotjanitorial.com,"Lynn, MA","Distributor/Wholesaler; Pest Control Supplies; Janitorial Supplies. Sells traps, baits, and sprays. Matches 'Wholesaler' goal. MATCH CONFIDENCE: HIGH (0.9).",
6515--NX EQ Lift: Patient Transfer: Clip Based Standard - Amedment,SAM-3OMEE,https://sam.gov/search/?index=opp&keywords=36C10G26R0006,Requirements contract (12-month base period + 4 one-year options),Safe Working Load: 227 kg (500 lbs); Lifting Range: 225 mm - 1575 mm (8.75 in - 62 in); Unit Weight: 70 kg (154 lbs); External Width (Closed): 718 mm (28.25 in); External Width (Open): 1196 mm (47 in),Powder-coated Aluminum and Stainless Steel chassis with high-grade plastic covers,Arjo,info.us@arjo.com,https://www.arjo.com,"IL, USA","Manufacturer of the NX EQ Lift equivalent (Maxi Move), patient handling systems, hygiene, and disinfection.",1
6515--NX EQ Lift: Patient Transfer: Clip Based Standard - Amedment,SAM-3OMEE,https://sam.gov/search/?index=opp&keywords=36C10G26R0006,Requirements contract (12-month base period + 4 one-year options),Safe Working Load: 227 kg (500 lbs); Lifting Range: 225 mm - 1575 mm (8.75 in - 62 in); Unit Weight: 70 kg (154 lbs); External Width (Closed): 718 mm (28.25 in); External Width (Open): 1196 mm (47 in),Powder-coated Aluminum and Stainless Steel chassis with high-grade plastic covers,Hillrom (Baxter),hrc_us_customerservice@baxter.com,https://www.hillrom.com,"IL, USA","Manufacturer of Liko patient lifts, mobile lifts, and ceiling hoists.",0.95
6515--NX EQ Lift: Patient Transfer: Clip Based Standard - Amedment,SAM-3OMEE,https://sam.gov/search/?index=opp&keywords=36C10G26R0006,Requirements contract (12-month base period + 4 one-year options),Safe Working Load: 227 kg (500 lbs); Lifting Range: 225 mm - 1575 mm (8.75 in - 62 in); Unit Weight: 70 kg (154 lbs); External Width (Closed): 718 mm (28.25 in); External Width (Open): 1196 mm (47 in),Powder-coated Aluminum and Stainless Steel chassis with high-grade plastic covers,Joerns Healthcare,info@joerns.com,https://www.joerns.com,"NC, USA","Manufacturer of Hoyer lifts, classic hydraulic and electric patient lifters.",0.95
6515--NX EQ Lift: Patient Transfer: Clip Based Standard - Amedment,SAM-3OMEE,https://sam.gov/search/?index=opp&keywords=36C10G26R0006,Requirements contract (12-month base period + 4 one-year options),Safe Working Load: 227 kg (500 lbs); Lifting Range: 225 mm - 1575 mm (8.75 in - 62 in); Unit Weight: 70 kg (154 lbs); External Width (Closed): 718 mm (28.25 in); External Width (Open): 1196 mm (47 in),Powder-coated Aluminum and Stainless Steel chassis with high-grade plastic covers,Drive DeVilbiss Healthcare,customerservice@drivemedical.com,https://www.drivemedical.com,"NY, USA",Major supplier of durable medical equipment including electric and hydraulic patient lifts.,0.9
6515--NX EQ Lift: Patient Transfer: Clip Based Standard - Amedment,SAM-3OMEE,https://sam.gov/search/?index=opp&keywords=36C10G26R0006,Requirements contract (12-month base period + 4 one-year options),Safe Working Load: 227 kg (500 lbs); Lifting Range: 225 mm - 1575 mm (8.75 in - 62 in); Unit Weight: 70 kg (154 lbs); External Width (Closed): 718 mm (28.25 in); External Width (Open): 1196 mm (47 in),Powder-coated Aluminum and Stainless Steel chassis with high-grade plastic covers,Medline Industries,helpdesk@medline.com,https://www.medline.com,"IL, USA",Manufacturer and distributor of a wide range of patient lifts and medical supplies.,0.9
6515--NX EQ Lift: Patient Transfer: Clip Based Standard - Amedment,SAM-3OMEE,https://sam.gov/search/?index=opp&keywords=36C10G26R0006,Requirements contract (12-month base period + 4 one-year options),Safe Working Load: 227 kg (500 lbs); Lifting Range: 225 mm - 1575 mm (8.75 in - 62 in); Unit Weight: 70 kg (154 lbs); External Width (Closed): 718 mm (28.25 in); External Width (Open): 1196 mm (47 in),Powder-coated Aluminum and Stainless Steel chassis with high-grade plastic covers,Stryker,medicalcustomerservice@stryker.com,https://www.stryker.com,"MI, USA","Manufacturer of acute care medical equipment, stretchers, and patient handling solutions.",0.85
6515--NX EQ Lift: Patient Transfer: Clip Based Standard - Amedment,SAM-3OMEE,https://sam.gov/search/?index=opp&keywords=36C10G26R0006,Requirements contract (12-month base period + 4 one-year options),Safe Working Load: 227 kg (500 lbs); Lifting Range: 225 mm - 1575 mm (8.75 in - 62 in); Unit Weight: 70 kg (154 lbs); External Width (Closed): 718 mm (28.25 in); External Width (Open): 1196 mm (47 in),Powder-coated Aluminum and Stainless Steel chassis with high-grade plastic covers,Direct Supply,hello@directsupplyinc.com,https://www.directsupply.com,"WI, USA","Large distributor of equipment for senior living, including patient lifts and mobility aids.",0.85
6515--NX EQ Lift: Patient Transfer: Clip Based Standard - Amedment,SAM-3OMEE,https://sam.gov/search/?index=opp&keywords=36C10G26R0006,Requirements contract (12-month base period + 4 one-year options),Safe Working Load: 227 kg (500 lbs); Lifting Range: 225 mm - 1575 mm (8.75 in - 62 in); Unit Weight: 70 kg (154 lbs); External Width (Closed): 718 mm (28.25 in); External Width (Open): 1196 mm (47 in),Powder-coated Aluminum and Stainless Steel chassis with high-grade plastic covers,Graham-Field,cs@grahamfield.com,https://www.grahamfield.com,"GA, USA",Manufacturer of Lumex patient lifts and healthcare products.,0.9
6515--NX EQ Lift: Patient Transfer: Clip Based Standard - Amedment,SAM-3OMEE,https://sam.gov/search/?index=opp&keywords=36C10G26R0006,Requirements contract (12-month base period + 4 one-year options),Safe Working Load: 227 kg (500 lbs); Lifting Range: 225 mm - 1575 mm (8.75 in - 62 in); Unit Weight: 70 kg (154 lbs); External Width (Closed): 718 mm (28.25 in); External Width (Open): 1196 mm (47 in),Powder-coated Aluminum and Stainless Steel chassis with high-grade plastic covers,Proactive Medical Products,sales@proactivemedical.com,https://www.proactivemedical.com,"NY, USA",Manufacturer of Protekt series patient lifts (500lb/600lb capacity) matching specs.,0.95
6515--NX EQ Lift: Patient Transfer: Clip Based Standard - Amedment,SAM-3OMEE,https://sam.gov/search/?index=opp&keywords=36C10G26R0006,Requirements contract (12-month base period + 4 one-year options),Safe Working Load: 227 kg (500 lbs); Lifting Range: 225 mm - 1575 mm (8.75 in - 62 in); Unit Weight: 70 kg (154 lbs); External Width (Closed): 718 mm (28.25 in); External Width (Open): 1196 mm (47 in),Powder-coated Aluminum and Stainless Steel chassis with high-grade plastic covers,Guldmann Inc,info@guldmann.net,https://www.guldmann.com,"FL, USA",Specialist in ceiling hoists and mobile lifters (GL5) for safe patient handling.,0.95
6515--NX EQ Lift: Patient Transfer: Clip Based Standard - Amedment,SAM-3OMEE,https://sam.gov/search/?index=opp&keywords=36C10G26R0006,Requirements contract (12-month base period + 4 one-year options),Safe Working Load: 227 kg (500 lbs); Lifting Range: 225 mm - 1575 mm (8.75 in - 62 in); Unit Weight: 70 kg (154 lbs); External Width (Closed): 718 mm (28.25 in); External Width (Open): 1196 mm (47 in),Powder-coated Aluminum and Stainless Steel chassis with high-grade plastic covers,HoverTech International,info@hovertechinternational.com,https://www.hovertechinternational.com,"PA, USA",Manufacturer of air-assisted patient transfer systems and lifts.,0.85
6515--NX EQ Lift: Patient Transfer: Clip Based Standard - Amedment,SAM-3OMEE,https://sam.gov/search/?index=opp&keywords=36C10G26R0006,Requirements contract (12-month base period + 4 one-year options),Safe Working Load: 227 kg (500 lbs); Lifting Range: 225 mm - 1575 mm (8.75 in - 62 in); Unit Weight: 70 kg (154 lbs); External Width (Closed): 718 mm (28.25 in); External Width (Open): 1196 mm (47 in),Powder-coated Aluminum and Stainless Steel chassis with high-grade plastic covers,Silvalea,customerservices@silvalea.com,https://www.silvalea.com,"Newton Abbot, UK",Manufacturer of patient transfer slings and hoist accessories (Division of Savaria).,0.9
6515--NX EQ Lift: Patient Transfer: Clip Based Standard - Amedment,SAM-3OMEE,https://sam.gov/search/?index=opp&keywords=36C10G26R0006,Requirements contract (12-month base period + 4 one-year options),Safe Working Load: 227 kg (500 lbs); Lifting Range: 225 mm - 1575 mm (8.75 in - 62 in); Unit Weight: 70 kg (154 lbs); External Width (Closed): 718 mm (28.25 in); External Width (Open): 1196 mm (47 in),Powder-coated Aluminum and Stainless Steel chassis with high-grade plastic covers,Human Care,info.us@humancaregroup.com,https://www.humancaregroup.com,"TX, USA","Manufacturer of overhead lifts, mobile lifts, and convertible chairs.",0.9
6515--NX EQ Lift: Patient Transfer: Clip Based Standard - Amedment,SAM-3OMEE,https://sam.gov/search/?index=opp&keywords=36C10G26R0006,Requirements contract (12-month base period + 4 one-year options),Safe Working Load: 227 kg (500 lbs); Lifting Range: 225 mm - 1575 mm (8.75 in - 62 in); Unit Weight: 70 kg (154 lbs); External Width (Closed): 718 mm (28.25 in); External Width (Open): 1196 mm (47 in),Powder-coated Aluminum and Stainless Steel chassis with high-grade plastic covers,Span-America,info@spanamerica.com,https://www.spanamerica.com,"SC, USA",Manufacturer of therapeutic support surfaces and patient positioners (Division of Savaria).,0.9
6515--NX EQ Lift: Patient Transfer: Clip Based Standard - Amedment,SAM-3OMEE,https://sam.gov/search/?index=opp&keywords=36C10G26R0006,Requirements contract (12-month base period + 4 one-year options),Safe Working Load: 227 kg (500 lbs); Lifting Range: 225 mm - 1575 mm (8.75 in - 62 in); Unit Weight: 70 kg (154 lbs); External Width (Closed): 718 mm (28.25 in); External Width (Open): 1196 mm (47 in),Powder-coated Aluminum and Stainless Steel chassis with high-grade plastic covers,AliMed,customerservice@alimed.com,https://www.alimed.com,"MA, USA",Distributor and manufacturer of a vast range of medical and ergonomic products.,0.85
6515--NX EQ Lift: Patient Transfer: Clip Based Standard - Amedment,SAM-3OMEE,https://sam.gov/search/?index=opp&keywords=36C10G26R0006,Requirements contract (12-month base period + 4 one-year options),Safe Working Load: 227 kg (500 lbs); Lifting Range: 225 mm - 1575 mm (8.75 in - 62 in); Unit Weight: 70 kg (154 lbs); External Width (Closed): 718 mm (28.25 in); External Width (Open): 1196 mm (47 in),Powder-coated Aluminum and Stainless Steel chassis with high-grade plastic covers,Novum Medical Products,info@novummed.com,https://www.novummed.com,"NY, USA",Manufacturer of medical equipment including pediatric cribs and steel medical products.,0.85
6515--NX EQ Lift: Patient Transfer: Clip Based Standard - Amedment,SAM-3OMEE,https://sam.gov/search/?index=opp&keywords=36C10G26R0006,Requirements contract (12-month base period + 4 one-year options),Safe Working Load: 227 kg (500 lbs); Lifting Range: 225 mm - 1575 mm (8.75 in - 62 in); Unit Weight: 70 kg (154 lbs); External Width (Closed): 718 mm (28.25 in); External Width (Open): 1196 mm (47 in),Powder-coated Aluminum and Stainless Steel chassis with high-grade plastic covers,McKesson Medical-Surgical,government.bids@mckesson.com,https://www.mckesson.com,"VA, USA","Largest distributor of pharmaceuticals and medical supplies, including patient lifts.",0.9
6515--NX EQ Lift: Patient Transfer: Clip Based Standard - Amedment,SAM-3OMEE,https://sam.gov/search/?index=opp&keywords=36C10G26R0006,Requirements contract (12-month base period + 4 one-year options),Safe Working Load: 227 kg (500 lbs); Lifting Range: 225 mm - 1575 mm (8.75 in - 62 in); Unit Weight: 70 kg (154 lbs); External Width (Closed): 718 mm (28.25 in); External Width (Open): 1196 mm (47 in),Powder-coated Aluminum and Stainless Steel chassis with high-grade plastic covers,NAUSICAA Médical,contact@nausicaa-medical.com,https://www.nausicaa-medical.com,France,"Manufacturer of patient lifts and transfer aids, exporting globally.",0.9
6515--NX EQ Lift: Patient Transfer: Clip Based Standard - Amedment,SAM-3OMEE,https://sam.gov/search/?index=opp&keywords=36C10G26R0006,Requirements contract (12-month base period + 4 one-year options),Safe Working Load: 227 kg (500 lbs); Lifting Range: 225 mm - 1575 mm (8.75 in - 62 in); Unit Weight: 70 kg (154 lbs); External Width (Closed): 718 mm (28.25 in); External Width (Open): 1196 mm (47 in),Powder-coated Aluminum and Stainless Steel chassis with high-grade plastic covers,Performance Health,customersupport@performancehealth.com,https://www.performancehealth.com,"IL, USA",Manufacturer and distributor of rehabilitation and wellness products.,0.85
6515--NX EQ Lift: Patient Transfer: Clip Based Standard - Amedment,SAM-3OMEE,https://sam.gov/search/?index=opp&keywords=36C10G26R0006,Requirements contract (12-month base period + 4 one-year options),Safe Working Load: 227 kg (500 lbs); Lifting Range: 225 mm - 1575 mm (8.75 in - 62 in); Unit Weight: 70 kg (154 lbs); External Width (Closed): 718 mm (28.25 in); External Width (Open): 1196 mm (47 in),Powder-coated Aluminum and Stainless Steel chassis with high-grade plastic covers,Bestcare LLC,info@bestcarellc.com,https://www.bestcarellc.com,"GA, USA",Manufacturer specialized in patient lifts (BestLift series) and transfer aids.,0.95
6515--NX EQ Lift: Patient Transfer: Clip Based Standard - Amedment,SAM-3OMEE,https://sam.gov/search/?index=opp&keywords=36C10G26R0006,Requirements contract (12-month base period + 4 one-year options),Safe Working Load: 227 kg (500 lbs); Lifting Range: 225 mm - 1575 mm (8.75 in - 62 in); Unit Weight: 70 kg (154 lbs); External Width (Closed): 718 mm (28.25 in); External Width (Open): 1196 mm (47 in),Powder-coated Aluminum and Stainless Steel chassis with high-grade plastic covers,Rhythm Healthcare,contactus@rhythmhc.com,https://www.rhythmhc.com,"FL, USA",Supplier of durable medical equipment including mobility and patient room products.,0.9
6515--NX EQ Lift: Patient Transfer: Clip Based Standard - Amedment,SAM-3OMEE,https://sam.gov/search/?index=opp&keywords=36C10G26R0006,Requirements contract (12-month base period + 4 one-year options),Safe Working Load: 227 kg (500 lbs); Lifting Range: 225 mm - 1575 mm (8.75 in - 62 in); Unit Weight: 70 kg (154 lbs); External Width (Closed): 718 mm (28.25 in); External Width (Open): 1196 mm (47 in),Powder-coated Aluminum and Stainless Steel chassis with high-grade plastic covers,Vive Health,service@vivehealth.com,https://www.vivehealth.com,"FL, USA",Direct-to-consumer and wholesale supplier of mobility and home health equipment.,0.85
6515--NX EQ Lift: Patient Transfer: Clip Based Standard - Amedment,SAM-3OMEE,https://sam.gov/search/?index=opp&keywords=36C10G26R0006,Requirements contract (12-month base period + 4 one-year options),Safe Working Load: 227 kg (500 lbs); Lifting Range: 225 mm - 1575 mm (8.75 in - 62 in); Unit Weight: 70 kg (154 lbs); External Width (Closed): 718 mm (28.25 in); External Width (Open): 1196 mm (47 in),Powder-coated Aluminum and Stainless Steel chassis with high-grade plastic covers,Med-Mizer,sales@med-mizer.com,https://www.med-mizer.com,"IN, USA",Manufacturer of hospital beds and safe patient handling solutions.,0.9
6515--NX EQ Lift: Patient Transfer: Clip Based Standard - Amedment,SAM-3OMEE,https://sam.gov/search/?index=opp&keywords=36C10G26R0006,Requirements contract (12-month base period + 4 one-year options),Safe Working Load: 227 kg (500 lbs); Lifting Range: 225 mm - 1575 mm (8.75 in - 62 in); Unit Weight: 70 kg (154 lbs); External Width (Closed): 718 mm (28.25 in); External Width (Open): 1196 mm (47 in),Powder-coated Aluminum and Stainless Steel chassis with high-grade plastic covers,TR Equipment,information@trequipment.com,https://www.trequipment.com,"NY, USA",Manufacturer of shower trolleys and patient bathing/transfer lifts.,0.9
6515--NX EQ Lift: Patient Transfer: Clip Based Standard - Amedment,SAM-3OMEE,https://sam.gov/search/?index=opp&keywords=36C10G26R0006,Requirements contract (12-month base period + 4 one-year options),Safe Working Load: 227 kg (500 lbs); Lifting Range: 225 mm - 1575 mm (8.75 in - 62 in); Unit Weight: 70 kg (154 lbs); External Width (Closed): 718 mm (28.25 in); External Width (Open): 1196 mm (47 in),Powder-coated Aluminum and Stainless Steel chassis with high-grade plastic covers,Horcher Lifting Systems,office@horcher.com,https://www.horcher.com,Germany,Manufacturer of patient lifts and bathing systems.,0.9
6515--NX EQ Lift: Patient Transfer: Clip Based Standard - Amedment,SAM-3OMEE,https://sam.gov/search/?index=opp&keywords=36C10G26R0006,Requirements contract (12-month base period + 4 one-year options),Safe Working Load: 227 kg (500 lbs); Lifting Range: 225 mm - 1575 mm (8.75 in - 62 in); Unit Weight: 70 kg (154 lbs); External Width (Closed): 718 mm (28.25 in); External Width (Open): 1196 mm (47 in),Powder-coated Aluminum and Stainless Steel chassis with high-grade plastic covers,Wy'East Medical,info@wyeastmed.com,https://www.wyeastmedical.com,"OR, USA",Manufacturer of TotalLift transfer chairs and patient handling equipment.,0.9
6515--NX EQ Lift: Patient Transfer: Clip Based Standard - Amedment,SAM-3OMEE,https://sam.gov/search/?index=opp&keywords=36C10G26R0006,Requirements contract (12-month base period + 4 one-year options),Safe Working Load: 227 kg (500 lbs); Lifting Range: 225 mm - 1575 mm (8.75 in - 62 in); Unit Weight: 70 kg (154 lbs); External Width (Closed): 718 mm (28.25 in); External Width (Open): 1196 mm (47 in),Powder-coated Aluminum and Stainless Steel chassis with high-grade plastic covers,Clarke Health Care Products,info@clarkehealthcare.com,https://www.clarkehealthcare.com,"PA, USA",Distributor of niche medical equipment including Aquatec and other mobility aids.,0.85
6515--NX EQ Lift: Patient Transfer: Clip Based Standard - Amedment,SAM-3OMEE,https://sam.gov/search/?index=opp&keywords=36C10G26R0006,Requirements contract (12-month base period + 4 one-year options),Safe Working Load: 227 kg (500 lbs); Lifting Range: 225 mm - 1575 mm (8.75 in - 62 in); Unit Weight: 70 kg (154 lbs); External Width (Closed): 718 mm (28.25 in); External Width (Open): 1196 mm (47 in),Powder-coated Aluminum and Stainless Steel chassis with high-grade plastic covers,Lopital,info@lopital.nl,https://www.lopital.com,Netherlands,Manufacturer of hygiene and patient transfer equipment.,0.9
6515--NX EQ Lift: Patient Transfer: Clip Based Standard - Amedment,SAM-3OMEE,https://sam.gov/search/?index=opp&keywords=36C10G26R0006,Requirements contract (12-month base period + 4 one-year options),Safe Working Load: 227 kg (500 lbs); Lifting Range: 225 mm - 1575 mm (8.75 in - 62 in); Unit Weight: 70 kg (154 lbs); External Width (Closed): 718 mm (28.25 in); External Width (Open): 1196 mm (47 in),Powder-coated Aluminum and Stainless Steel chassis with high-grade plastic covers,Amico Corporation,info@amico.com,https://www.amico.com,"ON, Canada",Manufacturer of a broad range of medical equipment including patient lifts and booms.,0.9
6515--NX EQ Lift: Patient Transfer: Clip Based Standard - Amedment,SAM-3OMEE,https://sam.gov/search/?index=opp&keywords=36C10G26R0006,Requirements contract (12-month base period + 4 one-year options),Safe Working Load: 227 kg (500 lbs); Lifting Range: 225 mm - 1575 mm (8.75 in - 62 in); Unit Weight: 70 kg (154 lbs); External Width (Closed): 718 mm (28.25 in); External Width (Open): 1196 mm (47 in),Powder-coated Aluminum and Stainless Steel chassis with high-grade plastic covers,"EZ Way, Inc.",ezway@ezlifts.com,https://www.ezlifts.com,"IA, USA",Manufacturer of safe patient handling equipment including lifts and stands.,0.95
6515--NX EQ Lift: Patient Transfer: Clip Based Standard - Amedment,SAM-3OMEE,https://sam.gov/search/?index=opp&keywords=36C10G26R0006,Requirements contract (12-month base period + 4 one-year options),Safe Working Load: 227 kg (500 lbs); Lifting Range: 225 mm - 1575 mm (8.75 in - 62 in); Unit Weight: 70 kg (154 lbs); External Width (Closed): 718 mm (28.25 in); External Width (Open): 1196 mm (47 in),Powder-coated Aluminum and Stainless Steel chassis with high-grade plastic covers,Tollos,customerservice@tollos.com,https://www.tollos.com,"MD, USA","Manufacturer of ceiling and floor lifts, focusing on injury reduction.",0.95
6515--NX EQ Lift: Patient Transfer: Clip Based Standard - Amedment,SAM-3OMEE,https://sam.gov/search/?index=opp&keywords=36C10G26R0006,Requirements contract (12-month base period + 4 one-year options),Safe Working Load: 227 kg (500 lbs); Lifting Range: 225 mm - 1575 mm (8.75 in - 62 in); Unit Weight: 70 kg (154 lbs); External Width (Closed): 718 mm (28.25 in); External Width (Open): 1196 mm (47 in),Powder-coated Aluminum and Stainless Steel chassis with high-grade plastic covers,Vancare,info@vancare.com,https://www.vancare.com,"NE, USA",Manufacturer of Safe Patient Handling equipment including mobile lifts and slings.,0.95
6515--NX EQ Lift: Patient Transfer: Clip Based Standard - Amedment,SAM-3OMEE,https://sam.gov/search/?index=opp&keywords=36C10G26R0006,Requirements contract (12-month base period + 4 one-year options),Safe Working Load: 227 kg (500 lbs); Lifting Range: 225 mm - 1575 mm (8.75 in - 62 in); Unit Weight: 70 kg (154 lbs); External Width (Closed): 718 mm (28.25 in); External Width (Open): 1196 mm (47 in),Powder-coated Aluminum and Stainless Steel chassis with high-grade plastic covers,Prism Health Care Services,orders@prismhc.com,https://www.prismhc.com,"IL, USA",Distributor and service provider for durable medical equipment and patient lifts.,0.9
6515--NX EQ Lift: Patient Transfer: Clip Based Standard - Amedment,SAM-3OMEE,https://sam.gov/search/?index=opp&keywords=36C10G26R0006,Requirements contract (12-month base period + 4 one-year options),Safe Working Load: 227 kg (500 lbs); Lifting Range: 225 mm - 1575 mm (8.75 in - 62 in); Unit Weight: 70 kg (154 lbs); External Width (Closed): 718 mm (28.25 in); External Width (Open): 1196 mm (47 in),Powder-coated Aluminum and Stainless Steel chassis with high-grade plastic covers,Savaria (Handicare),info@savaria.com,https://www.savaria.com,"QC, Canada","Manufacturer of accessibility lifts, patient handling (Handicare brand), and elevators.",0.95
6515--NX EQ Lift: Patient Transfer: Clip Based Standard - Amedment,SAM-3OMEE,https://sam.gov/search/?index=opp&keywords=36C10G26R0006,Requirements contract (12-month base period + 4 one-year options),Safe Working Load: 227 kg (500 lbs); Lifting Range: 225 mm - 1575 mm (8.75 in - 62 in); Unit Weight: 70 kg (154 lbs); External Width (Closed): 718 mm (28.25 in); External Width (Open): 1196 mm (47 in),Powder-coated Aluminum and Stainless Steel chassis with high-grade plastic covers,Etac,sales.us@etac.com,https://www.etac.com,"NC, USA",Manufacturer of Molift patient lifts and other mobility aids.,0.95
6515--NX EQ Lift: Patient Transfer: Clip Based Standard - Amedment,SAM-3OMEE,https://sam.gov/search/?index=opp&keywords=36C10G26R0006,Requirements contract (12-month base period + 4 one-year options),Safe Working Load: 227 kg (500 lbs); Lifting Range: 225 mm - 1575 mm (8.75 in - 62 in); Unit Weight: 70 kg (154 lbs); External Width (Closed): 718 mm (28.25 in); External Width (Open): 1196 mm (47 in),Powder-coated Aluminum and Stainless Steel chassis with high-grade plastic covers,Detecto,detecto@cardet.com,https://www.detecto.com,"MO, USA","Manufacturer of medical scales, often integrated with patient lifts.",0.85
6515--NX EQ Lift: Patient Transfer: Clip Based Standard - Amedment,SAM-3OMEE,https://sam.gov/search/?index=opp&keywords=36C10G26R0006,Requirements contract (12-month base period + 4 one-year options),Safe Working Load: 227 kg (500 lbs); Lifting Range: 225 mm - 1575 mm (8.75 in - 62 in); Unit Weight: 70 kg (154 lbs); External Width (Closed): 718 mm (28.25 in); External Width (Open): 1196 mm (47 in),Powder-coated Aluminum and Stainless Steel chassis with high-grade plastic covers,Bemis Manufacturing Health Care,corp@bemismfg.com,https://www.bemishealthcare.com,"WI, USA",Manufacturer of medical plastic products and waste management systems.,0.8
6515--NX EQ Lift: Patient Transfer: Clip Based Standard - Amedment,SAM-3OMEE,https://sam.gov/search/?index=opp&keywords=36C10G26R0006,Requirements contract (12-month base period + 4 one-year options),Safe Working Load: 227 kg (500 lbs); Lifting Range: 225 mm - 1575 mm (8.75 in - 62 in); Unit Weight: 70 kg (154 lbs); External Width (Closed): 718 mm (28.25 in); External Width (Open): 1196 mm (47 in),Powder-coated Aluminum and Stainless Steel chassis with high-grade plastic covers,Pedigo Products,support@pedigo-usa.com,https://www.pedigo-usa.com,"WA, USA","Manufacturer of stainless steel medical equipment, stretchers, and transport aids.",0.8
6515--NX EQ Lift: Patient Transfer: Clip Based Standard - Amedment,SAM-3OMEE,https://sam.gov/search/?index=opp&keywords=36C10G26R0006,Requirements contract (12-month base period + 4 one-year options),Safe Working Load: 227 kg (500 lbs); Lifting Range: 225 mm - 1575 mm (8.75 in - 62 in); Unit Weight: 70 kg (154 lbs); External Width (Closed): 718 mm (28.25 in); External Width (Open): 1196 mm (47 in),Powder-coated Aluminum and Stainless Steel chassis with high-grade plastic covers,Healthline Medical Products,pvcdmeds1@aol.com,https://www.healthlinemedical.com,"FL, USA",Manufacturer of PVC medical equipment including shower chairs and carts.,0.85
6515--NX EQ Lift: Patient Transfer: Clip Based Standard - Amedment,SAM-3OMEE,https://sam.gov/search/?index=opp&keywords=36C10G26R0006,Requirements contract (12-month base period + 4 one-year options),Safe Working Load: 227 kg (500 lbs); Lifting Range: 225 mm - 1575 mm (8.75 in - 62 in); Unit Weight: 70 kg (154 lbs); External Width (Closed): 718 mm (28.25 in); External Width (Open): 1196 mm (47 in),Powder-coated Aluminum and Stainless Steel chassis with high-grade plastic covers,Agiliti Health,info@agilitihealth.com,https://www.agilitihealth.com,"MN, USA","Provider of medical equipment management, rental, and clinical engineering services.",0.9
N0016425SC001 CSO,SAM-YD6C4,https://sam.gov/search/?index=opp&keywords=N0016425SC001,Solution Briefs (Prototype/Indefinite Quantity),"MAS MGO: Max weight 40 oz, Min exit pupil 5mm; SMOLDr: Max weight 6.5 lbs, Max dimensions 21 inches","Aluminum alloy (housing), Optical glass, Rare earth elements (Erbium for lasers), Electronics",Smart Shooter Inc.,scott@smart-shooter.com,https://www.smart-shooter.com,"Herndon, VA, USA","Fire Control Systems, SMASH optics, drone engagement, small arms fire control integration (MAS MGO context). @scott@smart-shooter.com is VP US Ops or info@smart-shooter.com for general inquiries including N00164 solicitation interest for SMOLDr/MGO systems integration with advanced tracking algorithms and ruggedized electronics manufacturing capability verification confidence: High (Direct match to 'Fire control system manufacturing' and 'MAS MGO' context). Use: scott@smart-shooter.com or info@smart-shooter.com (Verified US contact). Specialty: Advanced Fire Control Systems for Small Arms. Confidence: 0.98.",
N0016425SC001 CSO,SAM-YD6C4,https://sam.gov/search/?index=opp&keywords=N0016425SC001,Solution Briefs (Prototype/Indefinite Quantity),"MAS MGO: Max weight 40 oz, Min exit pupil 5mm; SMOLDr: Max weight 6.5 lbs, Max dimensions 21 inches","Aluminum alloy (housing), Optical glass, Rare earth elements (Erbium for lasers), Electronics",Wilcox Industries Corp.,contact@wilcoxind.com,https://www.wilcoxind.com,"Newington, NH, USA","Tactical electro-optics, fire control systems, laser aiming devices, and mounting systems. High relevance for SMOLDr and MAS MGO ruggedized requirements. Specialty: Defense Optoelectronics & Laser Systems. Confidence: 0.95.",
N0016425SC001 CSO,SAM-YD6C4,https://sam.gov/search/?index=opp&keywords=N0016425SC001,Solution Briefs (Prototype/Indefinite Quantity),"MAS MGO: Max weight 40 oz, Min exit pupil 5mm; SMOLDr: Max weight 6.5 lbs, Max dimensions 21 inches","Aluminum alloy (housing), Optical glass, Rare earth elements (Erbium for lasers), Electronics",Vortex Optics,govsales@vortexoptics.com,https://vortexoptics.com,"Barneveld, WI, USA","Manufacturer of ruggedized optics, riflescopes, and fire control systems (NGSW-FC participant). Excellent match for MAS MGO 3.4x optic and aluminum housing requirements. Specialty: Ruggedized Optical Sights. Confidence: 0.92.",
N0016425SC001 CSO,SAM-YD6C4,https://sam.gov/search/?index=opp&keywords=N0016425SC001,Solution Briefs (Prototype/Indefinite Quantity),"MAS MGO: Max weight 40 oz, Min exit pupil 5mm; SMOLDr: Max weight 6.5 lbs, Max dimensions 21 inches","Aluminum alloy (housing), Optical glass, Rare earth elements (Erbium for lasers), Electronics",Rochester Precision Optics (RPO),bd@rpoptics.com,https://rpoptics.com,"West Henrietta, NY, USA","Precision optical assembly, night vision optics, and electro-optical manufacturing. High capability in molding optical glass and ruggedizing for defense. Specialty: Precision Optical Assembly. Confidence: 0.96.",
N0016425SC001 CSO,SAM-YD6C4,https://sam.gov/search/?index=opp&keywords=N0016425SC001,Solution Briefs (Prototype/Indefinite Quantity),"MAS MGO: Max weight 40 oz, Min exit pupil 5mm; SMOLDr: Max weight 6.5 lbs, Max dimensions 21 inches","Aluminum alloy (housing), Optical glass, Rare earth elements (Erbium for lasers), Electronics","Optimax Systems, Inc.",sales@optimaxsi.com,https://www.optimaxsi.com,"Ontario, NY, USA","Manufacturer of precision optics, optical glass components, and lenses for defense and aerospace. Key supplier for 'Optical glass' requirement. Specialty: Precision Optical Components. Confidence: 0.90.",
N0016425SC001 CSO,SAM-YD6C4,https://sam.gov/search/?index=opp&keywords=N0016425SC001,Solution Briefs (Prototype/Indefinite Quantity),"MAS MGO: Max weight 40 oz, Min exit pupil 5mm; SMOLDr: Max weight 6.5 lbs, Max dimensions 21 inches","Aluminum alloy (housing), Optical glass, Rare earth elements (Erbium for lasers), Electronics",Clear Align,info@clearalign.com,https://www.clearalign.com,"Eagleville, PA, USA","Design and manufacture of EO/IR systems, surveillance, and ruggedized optical assemblies. High match for 'Electro-optical manufacturing'. Specialty: EO/IR Systems Integration. Confidence: 0.94.",
N0016425SC001 CSO,SAM-YD6C4,https://sam.gov/search/?index=opp&keywords=N0016425SC001,Solution Briefs (Prototype/Indefinite Quantity),"MAS MGO: Max weight 40 oz, Min exit pupil 5mm; SMOLDr: Max weight 6.5 lbs, Max dimensions 21 inches","Aluminum alloy (housing), Optical glass, Rare earth elements (Erbium for lasers), Electronics",Optex Systems,info@optexsys.com,http://www.optexsys.com,"Richardson, TX, USA","Manufacturing of optical sighting systems, periscopes, and assembly for military vehicles and small arms. Specialty: Defense Sighting Systems. Confidence: 0.93.",
N0016425SC001 CSO,SAM-YD6C4,https://sam.gov/search/?index=opp&keywords=N0016425SC001,Solution Briefs (Prototype/Indefinite Quantity),"MAS MGO: Max weight 40 oz, Min exit pupil 5mm; SMOLDr: Max weight 6.5 lbs, Max dimensions 21 inches","Aluminum alloy (housing), Optical glass, Rare earth elements (Erbium for lasers), Electronics",Photonis Defense,info@photonisdefense.com,https://www.photonisdefense.com,"Lancaster, PA, USA","Night vision, digital vision sensors, and ruggedized defense electronics. Specialty: Night Vision & Sensors. Confidence: 0.89.",
N0016425SC001 CSO,SAM-YD6C4,https://sam.gov/search/?index=opp&keywords=N0016425SC001,Solution Briefs (Prototype/Indefinite Quantity),"MAS MGO: Max weight 40 oz, Min exit pupil 5mm; SMOLDr: Max weight 6.5 lbs, Max dimensions 21 inches","Aluminum alloy (housing), Optical glass, Rare earth elements (Erbium for lasers), Electronics",American Rheinmetall Systems,danielle.callender@rheinmetall-us.com,https://www.rheinmetall-arv-us.com,"Biddeford, ME, USA","Provider of fire control systems, laser rangefinders, and soldier systems. High relevance for SMOLDr laser designator integration. Specialty: Laser Systems & Fire Control. Confidence: 0.95.",
N0016425SC001 CSO,SAM-YD6C4,https://sam.gov/search/?index=opp&keywords=N0016425SC001,Solution Briefs (Prototype/Indefinite Quantity),"MAS MGO: Max weight 40 oz, Min exit pupil 5mm; SMOLDr: Max weight 6.5 lbs, Max dimensions 21 inches","Aluminum alloy (housing), Optical glass, Rare earth elements (Erbium for lasers), Electronics",IBC Advanced Alloys,coppersales@ibcadvancedalloys.com,https://www.ibcadvancedalloys.com,"Franklin, IN, USA","Manufacturer of Beryllium-Aluminum alloys used in high-performance optical housings (e.g., F-35 EOTS). Critical for 'Aluminum alloy (housing)' requirement. Specialty: Advanced Alloy Housings. Confidence: 0.91.",
N0016425SC001 CSO,SAM-YD6C4,https://sam.gov/search/?index=opp&keywords=N0016425SC001,Solution Briefs (Prototype/Indefinite Quantity),"MAS MGO: Max weight 40 oz, Min exit pupil 5mm; SMOLDr: Max weight 6.5 lbs, Max dimensions 21 inches","Aluminum alloy (housing), Optical glass, Rare earth elements (Erbium for lasers), Electronics",B.E. Meyers & Co.,info@bemeyers.com,https://bemeyers.com,"Redmond, WA, USA","Manufacturer of advanced laser systems, pointers, and illuminators (VCSEL/Erbium). Direct match for SMOLDr laser designator context. Specialty: Defense Laser Systems. Confidence: 0.97.",
N0016425SC001 CSO,SAM-YD6C4,https://sam.gov/search/?index=opp&keywords=N0016425SC001,Solution Briefs (Prototype/Indefinite Quantity),"MAS MGO: Max weight 40 oz, Min exit pupil 5mm; SMOLDr: Max weight 6.5 lbs, Max dimensions 21 inches","Aluminum alloy (housing), Optical glass, Rare earth elements (Erbium for lasers), Electronics",Steiner eOptics,apickett@steiner-eoptics.com,https://www.steiner-defense.com,"Miamisburg, OH, USA","Manufacturer of laser aiming solutions, tactical lights, and battle-hardened optics for military use. Specialty: Laser Aiming & Tactical Optics. Confidence: 0.96.",
N0016425SC001 CSO,SAM-YD6C4,https://sam.gov/search/?index=opp&keywords=N0016425SC001,Solution Briefs (Prototype/Indefinite Quantity),"MAS MGO: Max weight 40 oz, Min exit pupil 5mm; SMOLDr: Max weight 6.5 lbs, Max dimensions 21 inches","Aluminum alloy (housing), Optical glass, Rare earth elements (Erbium for lasers), Electronics",Aimpoint Inc.,professional.sales@aimpoint.us,https://www.aimpoint.us,"Manassas, VA, USA","Originator of red dot sighting technology, ruggedized fire control optics. High relevance for MAS MGO. Specialty: Reflex Sights & Fire Control. Confidence: 0.94.",
N0016425SC001 CSO,SAM-YD6C4,https://sam.gov/search/?index=opp&keywords=N0016425SC001,Solution Briefs (Prototype/Indefinite Quantity),"MAS MGO: Max weight 40 oz, Min exit pupil 5mm; SMOLDr: Max weight 6.5 lbs, Max dimensions 21 inches","Aluminum alloy (housing), Optical glass, Rare earth elements (Erbium for lasers), Electronics","Trijicon, Inc.",sales@trijicon.com,https://www.trijicon.com,"Wixom, MI, USA","Manufacturer of ACOG, RMR, and machine gun optics (MGO) with rugged aluminum housings. Specialty: Machine Gun Optics. Confidence: 0.98.",
N0016425SC001 CSO,SAM-YD6C4,https://sam.gov/search/?index=opp&keywords=N0016425SC001,Solution Briefs (Prototype/Indefinite Quantity),"MAS MGO: Max weight 40 oz, Min exit pupil 5mm; SMOLDr: Max weight 6.5 lbs, Max dimensions 21 inches","Aluminum alloy (housing), Optical glass, Rare earth elements (Erbium for lasers), Electronics",EOTECH,Rudy.Benz@eotechgov.com,https://www.eotechinc.com,"Plymouth, MI, USA",Holographic weapon sights and laser systems. High confidence for ruggedized electronics and optics. Specialty: Holographic Sights. Confidence: 0.93.,
N0016425SC001 CSO,SAM-YD6C4,https://sam.gov/search/?index=opp&keywords=N0016425SC001,Solution Briefs (Prototype/Indefinite Quantity),"MAS MGO: Max weight 40 oz, Min exit pupil 5mm; SMOLDr: Max weight 6.5 lbs, Max dimensions 21 inches","Aluminum alloy (housing), Optical glass, Rare earth elements (Erbium for lasers), Electronics","Leupold & Stevens, Inc.",govsales@leupold.com,https://www.leupold.com,"Beaverton, OR, USA","Manufacturer of high-performance tactical optics, spotting scopes, and mounts. Specialty: Tactical Optics Manufacturing. Confidence: 0.92.",
N0016425SC001 CSO,SAM-YD6C4,https://sam.gov/search/?index=opp&keywords=N0016425SC001,Solution Briefs (Prototype/Indefinite Quantity),"MAS MGO: Max weight 40 oz, Min exit pupil 5mm; SMOLDr: Max weight 6.5 lbs, Max dimensions 21 inches","Aluminum alloy (housing), Optical glass, Rare earth elements (Erbium for lasers), Electronics",Elbit Systems of America,douglas.schoen@elbitsystems-us.com,https://www.elbitamerica.com,"Fort Worth, TX, USA","Major defense contractor for EO/IR systems, laser rangefinders, and fire control. Specialty: EO/IR & Fire Control Systems. Confidence: 0.97.",
N0016425SC001 CSO,SAM-YD6C4,https://sam.gov/search/?index=opp&keywords=N0016425SC001,Solution Briefs (Prototype/Indefinite Quantity),"MAS MGO: Max weight 40 oz, Min exit pupil 5mm; SMOLDr: Max weight 6.5 lbs, Max dimensions 21 inches","Aluminum alloy (housing), Optical glass, Rare earth elements (Erbium for lasers), Electronics",Teledyne FLIR,defense@flir.com,https://www.flir.com,"Wilsonville, OR, USA","Leader in thermal imaging, EO/IR sensors, and laser designation systems. Specialty: Thermal & EO/IR Systems. Confidence: 0.96.",
N0016425SC001 CSO,SAM-YD6C4,https://sam.gov/search/?index=opp&keywords=N0016425SC001,Solution Briefs (Prototype/Indefinite Quantity),"MAS MGO: Max weight 40 oz, Min exit pupil 5mm; SMOLDr: Max weight 6.5 lbs, Max dimensions 21 inches","Aluminum alloy (housing), Optical glass, Rare earth elements (Erbium for lasers), Electronics",L3Harris Technologies,info@l3harris.com,https://www.l3harris.com,"Melbourne, FL, USA","Global leader in defense technologies, including laser rangefinders and electro-optical systems. Specialty: Major Defense Systems Integrator. Confidence: 0.99.",
N0016425SC001 CSO,SAM-YD6C4,https://sam.gov/search/?index=opp&keywords=N0016425SC001,Solution Briefs (Prototype/Indefinite Quantity),"MAS MGO: Max weight 40 oz, Min exit pupil 5mm; SMOLDr: Max weight 6.5 lbs, Max dimensions 21 inches","Aluminum alloy (housing), Optical glass, Rare earth elements (Erbium for lasers), Electronics",Raytheon (RTX),corporatepr@rtx.com,https://www.rtx.com,"Arlington, VA, USA","Major producer of EO/IR systems, ELCAN sights, and laser technologies. Specialty: Major Defense Systems Integrator. Confidence: 0.99.",
N0016425SC001 CSO,SAM-YD6C4,https://sam.gov/search/?index=opp&keywords=N0016425SC001,Solution Briefs (Prototype/Indefinite Quantity),"MAS MGO: Max weight 40 oz, Min exit pupil 5mm; SMOLDr: Max weight 6.5 lbs, Max dimensions 21 inches","Aluminum alloy (housing), Optical glass, Rare earth elements (Erbium for lasers), Electronics",BAE Systems,inc.communications@baesystems.com,https://www.baesystems.com,"Falls Church, VA, USA",Advanced precision guidance and optical systems for defense. Specialty: Defense Electronics & Systems. Confidence: 0.95.,
N0016425SC001 CSO,SAM-YD6C4,https://sam.gov/search/?index=opp&keywords=N0016425SC001,Solution Briefs (Prototype/Indefinite Quantity),"MAS MGO: Max weight 40 oz, Min exit pupil 5mm; SMOLDr: Max weight 6.5 lbs, Max dimensions 21 inches","Aluminum alloy (housing), Optical glass, Rare earth elements (Erbium for lasers), Electronics",Leonardo DRS,corpcomm@drs.com,https://www.leonardodrs.com,"Arlington, VA, USA",Provider of electro-optical/infrared systems and ruggedized defense electronics. Specialty: EO/IR Defense Technology. Confidence: 0.94.,
N0016425SC001 CSO,SAM-YD6C4,https://sam.gov/search/?index=opp&keywords=N0016425SC001,Solution Briefs (Prototype/Indefinite Quantity),"MAS MGO: Max weight 40 oz, Min exit pupil 5mm; SMOLDr: Max weight 6.5 lbs, Max dimensions 21 inches","Aluminum alloy (housing), Optical glass, Rare earth elements (Erbium for lasers), Electronics","Analog Modules, Inc.",sales@analogmodules.com,https://analogmodules.com,"Longwood, FL, USA",Manufacturer of laser rangefinder receivers and power systems. Critical supplier for SMOLDr electronics. Specialty: Laser Electronics. Confidence: 0.92.,
N0016425SC001 CSO,SAM-YD6C4,https://sam.gov/search/?index=opp&keywords=N0016425SC001,Solution Briefs (Prototype/Indefinite Quantity),"MAS MGO: Max weight 40 oz, Min exit pupil 5mm; SMOLDr: Max weight 6.5 lbs, Max dimensions 21 inches","Aluminum alloy (housing), Optical glass, Rare earth elements (Erbium for lasers), Electronics",Edmund Optics,sales@edmundoptics.com,https://www.edmundoptics.com,"Barrington, NJ, USA","Supplier of precision optical components, assemblies, and glass. Specialty: Optical Components & Assembly. Confidence: 0.88.",
N0016425SC001 CSO,SAM-YD6C4,https://sam.gov/search/?index=opp&keywords=N0016425SC001,Solution Briefs (Prototype/Indefinite Quantity),"MAS MGO: Max weight 40 oz, Min exit pupil 5mm; SMOLDr: Max weight 6.5 lbs, Max dimensions 21 inches","Aluminum alloy (housing), Optical glass, Rare earth elements (Erbium for lasers), Electronics",Thorlabs,sales@thorlabs.com,https://www.thorlabs.com,"Newton, NJ, USA","Manufacturer of photonics equipment, optical glass, and laser components. Specialty: Photonics & Optical Components. Confidence: 0.87.",
N0016425SC001 CSO,SAM-YD6C4,https://sam.gov/search/?index=opp&keywords=N0016425SC001,Solution Briefs (Prototype/Indefinite Quantity),"MAS MGO: Max weight 40 oz, Min exit pupil 5mm; SMOLDr: Max weight 6.5 lbs, Max dimensions 21 inches","Aluminum alloy (housing), Optical glass, Rare earth elements (Erbium for lasers), Electronics",Zygo Corporation,zygo@zygo-usa.com,https://www.zygo.com,"Middlefield, CT, USA",High-precision optical metrology and optical assembly services. Specialty: Precision Optics & Metrology. Confidence: 0.86.,
N0016425SC001 CSO,SAM-YD6C4,https://sam.gov/search/?index=opp&keywords=N0016425SC001,Solution Briefs (Prototype/Indefinite Quantity),"MAS MGO: Max weight 40 oz, Min exit pupil 5mm; SMOLDr: Max weight 6.5 lbs, Max dimensions 21 inches","Aluminum alloy (housing), Optical glass, Rare earth elements (Erbium for lasers), Electronics",Jenoptik,sales@jenoptik.com,https://www.jenoptik.us,"Jupiter, FL, USA","Manufacturer of laser rangefinders, laser diodes, and optical systems. Specialty: Laser Rangefinding & Optics. Confidence: 0.93.",
N0016425SC001 CSO,SAM-YD6C4,https://sam.gov/search/?index=opp&keywords=N0016425SC001,Solution Briefs (Prototype/Indefinite Quantity),"MAS MGO: Max weight 40 oz, Min exit pupil 5mm; SMOLDr: Max weight 6.5 lbs, Max dimensions 21 inches","Aluminum alloy (housing), Optical glass, Rare earth elements (Erbium for lasers), Electronics",Excelitas Technologies,defense@excelitas.com,https://www.excelitas.com,"Waltham, MA, USA","Provider of photonic solutions, energetic sensors, and defense optronics (Qioptiq). Specialty: Defense Optronics. Confidence: 0.91.",
N0016425SC001 CSO,SAM-YD6C4,https://sam.gov/search/?index=opp&keywords=N0016425SC001,Solution Briefs (Prototype/Indefinite Quantity),"MAS MGO: Max weight 40 oz, Min exit pupil 5mm; SMOLDr: Max weight 6.5 lbs, Max dimensions 21 inches","Aluminum alloy (housing), Optical glass, Rare earth elements (Erbium for lasers), Electronics",Schott North America,info.optics@schott.com,https://www.schott.com,"Rye Brook, NY, USA",Manufacturer of high-quality optical glass and glass-ceramic materials. Specialty: Optical Glass. Confidence: 0.90.,
N0016425SC001 CSO,SAM-YD6C4,https://sam.gov/search/?index=opp&keywords=N0016425SC001,Solution Briefs (Prototype/Indefinite Quantity),"MAS MGO: Max weight 40 oz, Min exit pupil 5mm; SMOLDr: Max weight 6.5 lbs, Max dimensions 21 inches","Aluminum alloy (housing), Optical glass, Rare earth elements (Erbium for lasers), Electronics",Corning Incorporated,specialtymaterials@corning.com,https://www.corning.com,"Corning, NY, USA",Advanced optical glass and ceramic materials for defense applications. Specialty: Advanced Materials & Glass. Confidence: 0.90.,
N0016425SC001 CSO,SAM-YD6C4,https://sam.gov/search/?index=opp&keywords=N0016425SC001,Solution Briefs (Prototype/Indefinite Quantity),"MAS MGO: Max weight 40 oz, Min exit pupil 5mm; SMOLDr: Max weight 6.5 lbs, Max dimensions 21 inches","Aluminum alloy (housing), Optical glass, Rare earth elements (Erbium for lasers), Electronics",GSCI Advanced Photonics,gsci@gsci.net,https://gsci.net,"King City, ON, Canada",Manufacturer of laser rangefinders and night vision systems (ITAR-free options). Specialty: Laser Rangefinders. Confidence: 0.88.,
N0016425SC001 CSO,SAM-YD6C4,https://sam.gov/search/?index=opp&keywords=N0016425SC001,Solution Briefs (Prototype/Indefinite Quantity),"MAS MGO: Max weight 40 oz, Min exit pupil 5mm; SMOLDr: Max weight 6.5 lbs, Max dimensions 21 inches","Aluminum alloy (housing), Optical glass, Rare earth elements (Erbium for lasers), Electronics",Lumispot Tech,sales@lumispot-tech.com,https://www.lumispot-tech.com,"Suzhou, China (Wholesaler/Supplier)",Manufacturer of laser rangefinder modules (Erbium glass 1535nm). Specialty: Laser Rangefinder Modules. Confidence: 0.85.,
N0016425SC001 CSO,SAM-YD6C4,https://sam.gov/search/?index=opp&keywords=N0016425SC001,Solution Briefs (Prototype/Indefinite Quantity),"MAS MGO: Max weight 40 oz, Min exit pupil 5mm; SMOLDr: Max weight 6.5 lbs, Max dimensions 21 inches","Aluminum alloy (housing), Optical glass, Rare earth elements (Erbium for lasers), Electronics",JIOPTICS (Jiangsu Jioptics),sales@jioptics.com,https://www.jioptics.com,"Nanjing, China (Wholesaler/Supplier)",OEM manufacturer of laser rangefinder modules and optical components. Specialty: OEM Optical Modules. Confidence: 0.82.,
N0016425SC001 CSO,SAM-YD6C4,https://sam.gov/search/?index=opp&keywords=N0016425SC001,Solution Briefs (Prototype/Indefinite Quantity),"MAS MGO: Max weight 40 oz, Min exit pupil 5mm; SMOLDr: Max weight 6.5 lbs, Max dimensions 21 inches","Aluminum alloy (housing), Optical glass, Rare earth elements (Erbium for lasers), Electronics",Elimold,sales@elimold.com,https://elimold.com,"Shenzhen, China (Wholesaler/Supplier)",Specializes in optics die casting and aluminum alloy housings. Specialty: Optics Die Casting. Confidence: 0.84.,
N0016425SC001 CSO,SAM-YD6C4,https://sam.gov/search/?index=opp&keywords=N0016425SC001,Solution Briefs (Prototype/Indefinite Quantity),"MAS MGO: Max weight 40 oz, Min exit pupil 5mm; SMOLDr: Max weight 6.5 lbs, Max dimensions 21 inches","Aluminum alloy (housing), Optical glass, Rare earth elements (Erbium for lasers), Electronics",Mountain Secure Systems,info@mountainsecuresystems.com,https://www.mountainsecuresystems.com,"Longmont, CO, USA",Ruggedized electronics and sealed hard drives for defense applications. Specialty: Ruggedized Electronics. Confidence: 0.89.,
N0016425SC001 CSO,SAM-YD6C4,https://sam.gov/search/?index=opp&keywords=N0016425SC001,Solution Briefs (Prototype/Indefinite Quantity),"MAS MGO: Max weight 40 oz, Min exit pupil 5mm; SMOLDr: Max weight 6.5 lbs, Max dimensions 21 inches","Aluminum alloy (housing), Optical glass, Rare earth elements (Erbium for lasers), Electronics",TT Electronics,info@ttelectronics.com,https://www.ttelectronics.com,"Woking, UK / Plano, TX, USA",Manufacturer of optoelectronics and ruggedized power solutions for defense. Specialty: Defense Optoelectronics. Confidence: 0.88.,
N0016425SC001 CSO,SAM-YD6C4,https://sam.gov/search/?index=opp&keywords=N0016425SC001,Solution Briefs (Prototype/Indefinite Quantity),"MAS MGO: Max weight 40 oz, Min exit pupil 5mm; SMOLDr: Max weight 6.5 lbs, Max dimensions 21 inches","Aluminum alloy (housing), Optical glass, Rare earth elements (Erbium for lasers), Electronics",Distron,sales@distron.com,https://www.distron.com,"North Attleboro, MA, USA",Manufacturing of ruggedized electronic assemblies and circuit boards. Specialty: Ruggedized Electronics Assembly. Confidence: 0.87.,
N0016425SC001 CSO,SAM-YD6C4,https://sam.gov/search/?index=opp&keywords=N0016425SC001,Solution Briefs (Prototype/Indefinite Quantity),"MAS MGO: Max weight 40 oz, Min exit pupil 5mm; SMOLDr: Max weight 6.5 lbs, Max dimensions 21 inches","Aluminum alloy (housing), Optical glass, Rare earth elements (Erbium for lasers), Electronics",Able Technical Solutions,info@abletechnicalsolutions.com,https://www.abletechnicalsolutions.com,"Ottawa, ON, Canada",Distributor and rep for ruggedized electronics and optical components. Specialty: Ruggedized Component Distribution. Confidence: 0.80.,
N0016425SC001 CSO,SAM-YD6C4,https://sam.gov/search/?index=opp&keywords=N0016425SC001,Solution Briefs (Prototype/Indefinite Quantity),"MAS MGO: Max weight 40 oz, Min exit pupil 5mm; SMOLDr: Max weight 6.5 lbs, Max dimensions 21 inches","Aluminum alloy (housing), Optical glass, Rare earth elements (Erbium for lasers), Electronics",Navitar,info@navitar.com,https://navitar.com,"Rochester, NY, USA",Design and manufacture of high-precision optical lenses and assemblies. Specialty: Optical Lenses. Confidence: 0.86.,
N0016425SC001 CSO,SAM-YD6C4,https://sam.gov/search/?index=opp&keywords=N0016425SC001,Solution Briefs (Prototype/Indefinite Quantity),"MAS MGO: Max weight 40 oz, Min exit pupil 5mm; SMOLDr: Max weight 6.5 lbs, Max dimensions 21 inches","Aluminum alloy (housing), Optical glass, Rare earth elements (Erbium for lasers), Electronics",Newport (MKS Instruments),sales@newport.com,https://www.newport.com,"Irvine, CA, USA","Precision optical assembly, motion control, and photonics solutions. Specialty: Precision Optical Assembly. Confidence: 0.88.",
44--Thrust Bearing Oil Cooler,SAM-LYUQ8,https://sam.gov/search/?page=1&pageSize=25&sort=-modifiedDate&sfm%5BsimpleSearch%5D%5Bkeyword%5D=140R2026Q0005,10 units,Custom drop-in replacement (must match original dimensions); 3/4 inch NPS Flat Face Slip-On Class 150 Flanges; 8 fins per inch spacing; 0.049 inch fin thickness; Max working pressure >= 100 psi,Tubes: C70600 (90/10 Copper-Nickel); Fins: Extruded Aluminum; Flanges: 90/10 Copper-Nickel,Unifin (Wabtec Corporation),unifin.sales@wabtec.com,https://www.wabteccorp.com/unifin,"London, Ontario, Canada","Manufacturer of Hydro Generator Coolers, Thrust Bearing Oil Coolers with extruded aluminum finned tubes and 90/10 CuNi capability. Offers drop-in replacements.",0.98
44--Thrust Bearing Oil Cooler,SAM-LYUQ8,https://sam.gov/search/?page=1&pageSize=25&sort=-modifiedDate&sfm%5BsimpleSearch%5D%5Bkeyword%5D=140R2026Q0005,10 units,Custom drop-in replacement (must match original dimensions); 3/4 inch NPS Flat Face Slip-On Class 150 Flanges; 8 fins per inch spacing; 0.049 inch fin thickness; Max working pressure >= 100 psi,Tubes: C70600 (90/10 Copper-Nickel); Fins: Extruded Aluminum; Flanges: 90/10 Copper-Nickel,Thermofin,info@thermofin.net,https://www.thermofin.net,"Candiac, Quebec, Canada",Specializes in 'Hydrocool' Guide and Thrust Bearing Oil Coolers using 90/10 CuNi and extruded aluminum fins (Powerfin).,0.98
44--Thrust Bearing Oil Cooler,SAM-LYUQ8,https://sam.gov/search/?page=1&pageSize=25&sort=-modifiedDate&sfm%5BsimpleSearch%5D%5Bkeyword%5D=140R2026Q0005,10 units,Custom drop-in replacement (must match original dimensions); 3/4 inch NPS Flat Face Slip-On Class 150 Flanges; 8 fins per inch spacing; 0.049 inch fin thickness; Max working pressure >= 100 psi,Tubes: C70600 (90/10 Copper-Nickel); Fins: Extruded Aluminum; Flanges: 90/10 Copper-Nickel,Enerfin Inc.,sales@enerfin-inc.com,https://www.enerfin-inc.com,"St-Hubert, Quebec, Canada",Manufacturer of extruded aluminum finned tubes with 90/10 copper-nickel liners for hydro generator and bearing coolers.,0.98
44--Thrust Bearing Oil Cooler,SAM-LYUQ8,https://sam.gov/search/?page=1&pageSize=25&sort=-modifiedDate&sfm%5BsimpleSearch%5D%5Bkeyword%5D=140R2026Q0005,10 units,Custom drop-in replacement (must match original dimensions); 3/4 inch NPS Flat Face Slip-On Class 150 Flanges; 8 fins per inch spacing; 0.049 inch fin thickness; Max working pressure >= 100 psi,Tubes: C70600 (90/10 Copper-Nickel); Fins: Extruded Aluminum; Flanges: 90/10 Copper-Nickel,"Tex-Fin, Inc.",sales@tex-fin.com,https://www.tex-fin.com,"Houston, Texas, USA",Custom manufacturer of extruded aluminum finned tubes and heat exchangers for industrial applications.,0.95
44--Thrust Bearing Oil Cooler,SAM-LYUQ8,https://sam.gov/search/?page=1&pageSize=25&sort=-modifiedDate&sfm%5BsimpleSearch%5D%5Bkeyword%5D=140R2026Q0005,10 units,Custom drop-in replacement (must match original dimensions); 3/4 inch NPS Flat Face Slip-On Class 150 Flanges; 8 fins per inch spacing; 0.049 inch fin thickness; Max working pressure >= 100 psi,Tubes: C70600 (90/10 Copper-Nickel); Fins: Extruded Aluminum; Flanges: 90/10 Copper-Nickel,Spiro-Gills Thermal Products Ltd,sales@spiro-gills.com,https://www.spiro-gills.com,"Stafford, UK",Manufactures extruded finned tube heat exchangers with 90/10 CuNi tubing options for oil refinery and power generation.,0.9
44--Thrust Bearing Oil Cooler,SAM-LYUQ8,https://sam.gov/search/?page=1&pageSize=25&sort=-modifiedDate&sfm%5BsimpleSearch%5D%5Bkeyword%5D=140R2026Q0005,10 units,Custom drop-in replacement (must match original dimensions); 3/4 inch NPS Flat Face Slip-On Class 150 Flanges; 8 fins per inch spacing; 0.049 inch fin thickness; Max working pressure >= 100 psi,Tubes: C70600 (90/10 Copper-Nickel); Fins: Extruded Aluminum; Flanges: 90/10 Copper-Nickel,Kelvion Inc.,contact@kelvion.com,https://www.kelvion.com,"Tulsa, Oklahoma, USA",Global manufacturer of heat exchangers including custom finned tube replacement bundles with extruded fins.,0.9
44--Thrust Bearing Oil Cooler,SAM-LYUQ8,https://sam.gov/search/?page=1&pageSize=25&sort=-modifiedDate&sfm%5BsimpleSearch%5D%5Bkeyword%5D=140R2026Q0005,10 units,Custom drop-in replacement (must match original dimensions); 3/4 inch NPS Flat Face Slip-On Class 150 Flanges; 8 fins per inch spacing; 0.049 inch fin thickness; Max working pressure >= 100 psi,Tubes: C70600 (90/10 Copper-Nickel); Fins: Extruded Aluminum; Flanges: 90/10 Copper-Nickel,Super Radiator Coils,sales@superradiatorcoils.com,https://www.superradiatorcoils.com,"Chaska, Minnesota, USA",Custom engineered fin-and-tube heat exchangers with copper-nickel tube capabilities for industrial cooling.,0.9
44--Thrust Bearing Oil Cooler,SAM-LYUQ8,https://sam.gov/search/?page=1&pageSize=25&sort=-modifiedDate&sfm%5BsimpleSearch%5D%5Bkeyword%5D=140R2026Q0005,10 units,Custom drop-in replacement (must match original dimensions); 3/4 inch NPS Flat Face Slip-On Class 150 Flanges; 8 fins per inch spacing; 0.049 inch fin thickness; Max working pressure >= 100 psi,Tubes: C70600 (90/10 Copper-Nickel); Fins: Extruded Aluminum; Flanges: 90/10 Copper-Nickel,VRCooler Technologies,info@vrcooler.com,https://www.vrcoolertech.com,"Changzhou, China",Specializes in Air Coolers for Hydroelectric Generators and Thrust Bearing Oil Coolers with 90/10 CuNi options.,0.9
44--Thrust Bearing Oil Cooler,SAM-LYUQ8,https://sam.gov/search/?page=1&pageSize=25&sort=-modifiedDate&sfm%5BsimpleSearch%5D%5Bkeyword%5D=140R2026Q0005,10 units,Custom drop-in replacement (must match original dimensions); 3/4 inch NPS Flat Face Slip-On Class 150 Flanges; 8 fins per inch spacing; 0.049 inch fin thickness; Max working pressure >= 100 psi,Tubes: C70600 (90/10 Copper-Nickel); Fins: Extruded Aluminum; Flanges: 90/10 Copper-Nickel,Standard Xchange (Xylem),sales@standard-xchange.com,https://www.xylem.com/en-us/brands/standard-xchange,"Cheektowaga, New York, USA",Major manufacturer of shell and tube heat exchangers with extensive custom material options including C70600.,0.88
44--Thrust Bearing Oil Cooler,SAM-LYUQ8,https://sam.gov/search/?page=1&pageSize=25&sort=-modifiedDate&sfm%5BsimpleSearch%5D%5Bkeyword%5D=140R2026Q0005,10 units,Custom drop-in replacement (must match original dimensions); 3/4 inch NPS Flat Face Slip-On Class 150 Flanges; 8 fins per inch spacing; 0.049 inch fin thickness; Max working pressure >= 100 psi,Tubes: C70600 (90/10 Copper-Nickel); Fins: Extruded Aluminum; Flanges: 90/10 Copper-Nickel,Industrial Radiator Service,sales@industrialradiator.com,https://industrialradiator.com,"Phoenix, Arizona, USA","Custom industrial radiator manufacturing and repair, explicitly mentions 90/10 CuNi and thrust bearing oil cooling.",0.88
44--Thrust Bearing Oil Cooler,SAM-LYUQ8,https://sam.gov/search/?page=1&pageSize=25&sort=-modifiedDate&sfm%5BsimpleSearch%5D%5Bkeyword%5D=140R2026Q0005,10 units,Custom drop-in replacement (must match original dimensions); 3/4 inch NPS Flat Face Slip-On Class 150 Flanges; 8 fins per inch spacing; 0.049 inch fin thickness; Max working pressure >= 100 psi,Tubes: C70600 (90/10 Copper-Nickel); Fins: Extruded Aluminum; Flanges: 90/10 Copper-Nickel,Hayden Industrial Products,sales@haydenindustrial.com,https://www.haydenindustrial.com,"San Bernardino, California, USA",Manufacturer of standard and custom finned tube heat exchangers and oil coolers for power generation.,0.85
44--Thrust Bearing Oil Cooler,SAM-LYUQ8,https://sam.gov/search/?page=1&pageSize=25&sort=-modifiedDate&sfm%5BsimpleSearch%5D%5Bkeyword%5D=140R2026Q0005,10 units,Custom drop-in replacement (must match original dimensions); 3/4 inch NPS Flat Face Slip-On Class 150 Flanges; 8 fins per inch spacing; 0.049 inch fin thickness; Max working pressure >= 100 psi,Tubes: C70600 (90/10 Copper-Nickel); Fins: Extruded Aluminum; Flanges: 90/10 Copper-Nickel,Cain Industries,sales@cainind.com,https://www.cainind.com,"Brantford, Ontario, Canada","Manufactures heat recovery systems and finned tubing, offers CuNi tube to copper fin combinations.",0.85
44--Thrust Bearing Oil Cooler,SAM-LYUQ8,https://sam.gov/search/?page=1&pageSize=25&sort=-modifiedDate&sfm%5BsimpleSearch%5D%5Bkeyword%5D=140R2026Q0005,10 units,Custom drop-in replacement (must match original dimensions); 3/4 inch NPS Flat Face Slip-On Class 150 Flanges; 8 fins per inch spacing; 0.049 inch fin thickness; Max working pressure >= 100 psi,Tubes: C70600 (90/10 Copper-Nickel); Fins: Extruded Aluminum; Flanges: 90/10 Copper-Nickel,Delta T Heat Exchangers,info@deltathx.com,https://www.deltathx.com,"Hensall, Ontario, Canada","Supplier of motor and generator coolers, thrust bearing oil coolers, and replacement heat exchangers.",0.9
44--Thrust Bearing Oil Cooler,SAM-LYUQ8,https://sam.gov/search/?page=1&pageSize=25&sort=-modifiedDate&sfm%5BsimpleSearch%5D%5Bkeyword%5D=140R2026Q0005,10 units,Custom drop-in replacement (must match original dimensions); 3/4 inch NPS Flat Face Slip-On Class 150 Flanges; 8 fins per inch spacing; 0.049 inch fin thickness; Max working pressure >= 100 psi,Tubes: C70600 (90/10 Copper-Nickel); Fins: Extruded Aluminum; Flanges: 90/10 Copper-Nickel,Condenser & Chiller Services (CCS),sales@ccs-tubes.com,https://www.ccs-tubes.com,"Chino, California, USA",Specializes in heat exchanger retubing using 90/10 CuNi tubes and custom finned tube fabrication.,0.85
44--Thrust Bearing Oil Cooler,SAM-LYUQ8,https://sam.gov/search/?page=1&pageSize=25&sort=-modifiedDate&sfm%5BsimpleSearch%5D%5Bkeyword%5D=140R2026Q0005,10 units,Custom drop-in replacement (must match original dimensions); 3/4 inch NPS Flat Face Slip-On Class 150 Flanges; 8 fins per inch spacing; 0.049 inch fin thickness; Max working pressure >= 100 psi,Tubes: C70600 (90/10 Copper-Nickel); Fins: Extruded Aluminum; Flanges: 90/10 Copper-Nickel,"Projectile Tube Cleaning, Inc.",info@projectiletube.com,https://www.projectiletube.com,"Ford City, Pennsylvania, USA",Provides heat exchanger retubing services with 90/10 CuNi for power generation and industrial clients.,0.85
44--Thrust Bearing Oil Cooler,SAM-LYUQ8,https://sam.gov/search/?page=1&pageSize=25&sort=-modifiedDate&sfm%5BsimpleSearch%5D%5Bkeyword%5D=140R2026Q0005,10 units,Custom drop-in replacement (must match original dimensions); 3/4 inch NPS Flat Face Slip-On Class 150 Flanges; 8 fins per inch spacing; 0.049 inch fin thickness; Max working pressure >= 100 psi,Tubes: C70600 (90/10 Copper-Nickel); Fins: Extruded Aluminum; Flanges: 90/10 Copper-Nickel,"Flotech, Inc.",sales@flotechinc.com,https://www.flotechinc.com,"Jacksonville, Florida, USA",Offers repair and retubing of shell and tube heat exchangers using 90/10 Copper-Nickel tubing.,0.85
44--Thrust Bearing Oil Cooler,SAM-LYUQ8,https://sam.gov/search/?page=1&pageSize=25&sort=-modifiedDate&sfm%5BsimpleSearch%5D%5Bkeyword%5D=140R2026Q0005,10 units,Custom drop-in replacement (must match original dimensions); 3/4 inch NPS Flat Face Slip-On Class 150 Flanges; 8 fins per inch spacing; 0.049 inch fin thickness; Max working pressure >= 100 psi,Tubes: C70600 (90/10 Copper-Nickel); Fins: Extruded Aluminum; Flanges: 90/10 Copper-Nickel,AKS Heat Transfer,info@aksheattransfer.com,https://www.aksheattransfer.com,"Sheffield, UK","Services and retubes heat exchangers, explicitly mentions use of Cupro-Nickel (90/10) tubes.",0.8
44--Thrust Bearing Oil Cooler,SAM-LYUQ8,https://sam.gov/search/?page=1&pageSize=25&sort=-modifiedDate&sfm%5BsimpleSearch%5D%5Bkeyword%5D=140R2026Q0005,10 units,Custom drop-in replacement (must match original dimensions); 3/4 inch NPS Flat Face Slip-On Class 150 Flanges; 8 fins per inch spacing; 0.049 inch fin thickness; Max working pressure >= 100 psi,Tubes: C70600 (90/10 Copper-Nickel); Fins: Extruded Aluminum; Flanges: 90/10 Copper-Nickel,"Fin Tube Products, Inc.",sales@fintube.com,https://www.fintube.com,"Wadsworth, Ohio, USA",Manufacturer of finned tube coils and custom heat exchanger components with various alloy capabilities.,0.88
44--Thrust Bearing Oil Cooler,SAM-LYUQ8,https://sam.gov/search/?page=1&pageSize=25&sort=-modifiedDate&sfm%5BsimpleSearch%5D%5Bkeyword%5D=140R2026Q0005,10 units,Custom drop-in replacement (must match original dimensions); 3/4 inch NPS Flat Face Slip-On Class 150 Flanges; 8 fins per inch spacing; 0.049 inch fin thickness; Max working pressure >= 100 psi,Tubes: C70600 (90/10 Copper-Nickel); Fins: Extruded Aluminum; Flanges: 90/10 Copper-Nickel,HeatEX Technologies,sales@heatextech.com,https://www.heatextech.com,"South Houston, Texas, USA",Manufactures custom and OEM replacement finned tubes for industrial heat exchangers.,0.85
44--Thrust Bearing Oil Cooler,SAM-LYUQ8,https://sam.gov/search/?page=1&pageSize=25&sort=-modifiedDate&sfm%5BsimpleSearch%5D%5Bkeyword%5D=140R2026Q0005,10 units,Custom drop-in replacement (must match original dimensions); 3/4 inch NPS Flat Face Slip-On Class 150 Flanges; 8 fins per inch spacing; 0.049 inch fin thickness; Max working pressure >= 100 psi,Tubes: C70600 (90/10 Copper-Nickel); Fins: Extruded Aluminum; Flanges: 90/10 Copper-Nickel,Profins Ltd,sales@profins.com,https://www.profins.com,"Burton-on-Trent, UK",Manufacturer of finned tubes including extruded aluminum fins for heat exchangers.,0.85
44--Thrust Bearing Oil Cooler,SAM-LYUQ8,https://sam.gov/search/?page=1&pageSize=25&sort=-modifiedDate&sfm%5BsimpleSearch%5D%5Bkeyword%5D=140R2026Q0005,10 units,Custom drop-in replacement (must match original dimensions); 3/4 inch NPS Flat Face Slip-On Class 150 Flanges; 8 fins per inch spacing; 0.049 inch fin thickness; Max working pressure >= 100 psi,Tubes: C70600 (90/10 Copper-Nickel); Fins: Extruded Aluminum; Flanges: 90/10 Copper-Nickel,Chemiquip Industries,info@chemiquip.in,https://www.chemiquip.in,"Vadodara, India",Manufactures Turbine Oil Coolers using Cupro-Nickel (90:10) tubes for power plants.,0.85
44--Thrust Bearing Oil Cooler,SAM-LYUQ8,https://sam.gov/search/?page=1&pageSize=25&sort=-modifiedDate&sfm%5BsimpleSearch%5D%5Bkeyword%5D=140R2026Q0005,10 units,Custom drop-in replacement (must match original dimensions); 3/4 inch NPS Flat Face Slip-On Class 150 Flanges; 8 fins per inch spacing; 0.049 inch fin thickness; Max working pressure >= 100 psi,Tubes: C70600 (90/10 Copper-Nickel); Fins: Extruded Aluminum; Flanges: 90/10 Copper-Nickel,Grand Fin Tube,sales@grandfintube.com,https://www.grandfintube.com,"Jiangsu, China",Manufacturer of high finned tubes and extruded fin tubes in Copper-Nickel alloys.,0.8
44--Thrust Bearing Oil Cooler,SAM-LYUQ8,https://sam.gov/search/?page=1&pageSize=25&sort=-modifiedDate&sfm%5BsimpleSearch%5D%5Bkeyword%5D=140R2026Q0005,10 units,Custom drop-in replacement (must match original dimensions); 3/4 inch NPS Flat Face Slip-On Class 150 Flanges; 8 fins per inch spacing; 0.049 inch fin thickness; Max working pressure >= 100 psi,Tubes: C70600 (90/10 Copper-Nickel); Fins: Extruded Aluminum; Flanges: 90/10 Copper-Nickel,Shihang,sales@shihangpipes.com,https://www.shihangpipes.com,"Shanghai, China",Supplier of Cupro Nickel 90/10 heat exchanger and condenser tubes.,0.8
44--Thrust Bearing Oil Cooler,SAM-LYUQ8,https://sam.gov/search/?page=1&pageSize=25&sort=-modifiedDate&sfm%5BsimpleSearch%5D%5Bkeyword%5D=140R2026Q0005,10 units,Custom drop-in replacement (must match original dimensions); 3/4 inch NPS Flat Face Slip-On Class 150 Flanges; 8 fins per inch spacing; 0.049 inch fin thickness; Max working pressure >= 100 psi,Tubes: C70600 (90/10 Copper-Nickel); Fins: Extruded Aluminum; Flanges: 90/10 Copper-Nickel,Air Radiators,sales@airradiators.com,https://www.airradiators.com,"Lara, Victoria, Australia",Industrial radiator manufacturer offering copper-nickel tube and copper fin configurations.,0.8
44--Thrust Bearing Oil Cooler,SAM-LYUQ8,https://sam.gov/search/?page=1&pageSize=25&sort=-modifiedDate&sfm%5BsimpleSearch%5D%5Bkeyword%5D=140R2026Q0005,10 units,Custom drop-in replacement (must match original dimensions); 3/4 inch NPS Flat Face Slip-On Class 150 Flanges; 8 fins per inch spacing; 0.049 inch fin thickness; Max working pressure >= 100 psi,Tubes: C70600 (90/10 Copper-Nickel); Fins: Extruded Aluminum; Flanges: 90/10 Copper-Nickel,Marmetal Industries,sales@marmetal.com,https://www.marmetal.com,"Horsham, Pennsylvania, USA",Distributor/Manufacturer of C70600 90/10 Copper Nickel tubes and sheets for heat exchangers.,0.75
44--Thrust Bearing Oil Cooler,SAM-LYUQ8,https://sam.gov/search/?page=1&pageSize=25&sort=-modifiedDate&sfm%5BsimpleSearch%5D%5Bkeyword%5D=140R2026Q0005,10 units,Custom drop-in replacement (must match original dimensions); 3/4 inch NPS Flat Face Slip-On Class 150 Flanges; 8 fins per inch spacing; 0.049 inch fin thickness; Max working pressure >= 100 psi,Tubes: C70600 (90/10 Copper-Nickel); Fins: Extruded Aluminum; Flanges: 90/10 Copper-Nickel,Lakshya Steel,sales@lakshyasteel.com,https://www.lakshyasteel.com,"Mumbai, India",Manufacturer and exporter of Copper Nickel 90/10 tubes for heat exchangers.,0.75
44--Thrust Bearing Oil Cooler,SAM-LYUQ8,https://sam.gov/search/?page=1&pageSize=25&sort=-modifiedDate&sfm%5BsimpleSearch%5D%5Bkeyword%5D=140R2026Q0005,10 units,Custom drop-in replacement (must match original dimensions); 3/4 inch NPS Flat Face Slip-On Class 150 Flanges; 8 fins per inch spacing; 0.049 inch fin thickness; Max working pressure >= 100 psi,Tubes: C70600 (90/10 Copper-Nickel); Fins: Extruded Aluminum; Flanges: 90/10 Copper-Nickel,Solitaire Overseas,sales@solitaire-overseas.com,https://www.solitaire-overseas.com,"Mumbai, India",Manufacturer of CuNi 90/10 shell and tube heat exchanger tubes.,0.75
44--Thrust Bearing Oil Cooler,SAM-LYUQ8,https://sam.gov/search/?page=1&pageSize=25&sort=-modifiedDate&sfm%5BsimpleSearch%5D%5Bkeyword%5D=140R2026Q0005,10 units,Custom drop-in replacement (must match original dimensions); 3/4 inch NPS Flat Face Slip-On Class 150 Flanges; 8 fins per inch spacing; 0.049 inch fin thickness; Max working pressure >= 100 psi,Tubes: C70600 (90/10 Copper-Nickel); Fins: Extruded Aluminum; Flanges: 90/10 Copper-Nickel,SMI Copper,sales@smicopper.com,https://www.smicopper.com,"Mumbai, India",Specializes in C706 90/10 Copper-Nickel heater tubes and condenser tubes.,0.75
44--Thrust Bearing Oil Cooler,SAM-LYUQ8,https://sam.gov/search/?page=1&pageSize=25&sort=-modifiedDate&sfm%5BsimpleSearch%5D%5Bkeyword%5D=140R2026Q0005,10 units,Custom drop-in replacement (must match original dimensions); 3/4 inch NPS Flat Face Slip-On Class 150 Flanges; 8 fins per inch spacing; 0.049 inch fin thickness; Max working pressure >= 100 psi,Tubes: C70600 (90/10 Copper-Nickel); Fins: Extruded Aluminum; Flanges: 90/10 Copper-Nickel,Abc Tube Company,sales@abctubecompany.com,https://www.abctubecompany.com,"Mumbai, India",Manufacturer of Copper Nickel 90/10 seamless pipes and tubes for heat exchangers.,0.75
44--Thrust Bearing Oil Cooler,SAM-LYUQ8,https://sam.gov/search/?page=1&pageSize=25&sort=-modifiedDate&sfm%5BsimpleSearch%5D%5Bkeyword%5D=140R2026Q0005,10 units,Custom drop-in replacement (must match original dimensions); 3/4 inch NPS Flat Face Slip-On Class 150 Flanges; 8 fins per inch spacing; 0.049 inch fin thickness; Max working pressure >= 100 psi,Tubes: C70600 (90/10 Copper-Nickel); Fins: Extruded Aluminum; Flanges: 90/10 Copper-Nickel,Shalco Industries,sales@shalco.com,https://www.shalco.com,"Mumbai, India",Manufacturer of Copper Nickel 90/10 tubes for condensers and heat exchangers.,0.75
44--Thrust Bearing Oil Cooler,SAM-LYUQ8,https://sam.gov/search/?page=1&pageSize=25&sort=-modifiedDate&sfm%5BsimpleSearch%5D%5Bkeyword%5D=140R2026Q0005,10 units,Custom drop-in replacement (must match original dimensions); 3/4 inch NPS Flat Face Slip-On Class 150 Flanges; 8 fins per inch spacing; 0.049 inch fin thickness; Max working pressure >= 100 psi,Tubes: C70600 (90/10 Copper-Nickel); Fins: Extruded Aluminum; Flanges: 90/10 Copper-Nickel,Sterling TT,sales@sterlingtt.com,https://www.sterlingtt.com,"Aylesbury, UK",Designs and manufactures fin and tube heat exchangers for industrial and power generation.,0.85
44--Thrust Bearing Oil Cooler,SAM-LYUQ8,https://sam.gov/search/?page=1&pageSize=25&sort=-modifiedDate&sfm%5BsimpleSearch%5D%5Bkeyword%5D=140R2026Q0005,10 units,Custom drop-in replacement (must match original dimensions); 3/4 inch NPS Flat Face Slip-On Class 150 Flanges; 8 fins per inch spacing; 0.049 inch fin thickness; Max working pressure >= 100 psi,Tubes: C70600 (90/10 Copper-Nickel); Fins: Extruded Aluminum; Flanges: 90/10 Copper-Nickel,Thermex Ltd,sales@thermex.co.uk,https://www.thermex.co.uk,"Redditch, UK",Manufacturer of shell and tube and air cooled heat exchangers with custom material options.,0.85
44--Thrust Bearing Oil Cooler,SAM-LYUQ8,https://sam.gov/search/?page=1&pageSize=25&sort=-modifiedDate&sfm%5BsimpleSearch%5D%5Bkeyword%5D=140R2026Q0005,10 units,Custom drop-in replacement (must match original dimensions); 3/4 inch NPS Flat Face Slip-On Class 150 Flanges; 8 fins per inch spacing; 0.049 inch fin thickness; Max working pressure >= 100 psi,Tubes: C70600 (90/10 Copper-Nickel); Fins: Extruded Aluminum; Flanges: 90/10 Copper-Nickel,Neotiss,contact@neotiss.com,https://www.neotiss.com,"Morangis, France","Global leader in welded tubes for heat exchangers, including titanium and stainless, applicable to power gen.",0.8
44--Thrust Bearing Oil Cooler,SAM-LYUQ8,https://sam.gov/search/?page=1&pageSize=25&sort=-modifiedDate&sfm%5BsimpleSearch%5D%5Bkeyword%5D=140R2026Q0005,10 units,Custom drop-in replacement (must match original dimensions); 3/4 inch NPS Flat Face Slip-On Class 150 Flanges; 8 fins per inch spacing; 0.049 inch fin thickness; Max working pressure >= 100 psi,Tubes: C70600 (90/10 Copper-Nickel); Fins: Extruded Aluminum; Flanges: 90/10 Copper-Nickel,Schmöle GmbH,info@schmoele.de,https://www.schmoele.de,"Menden, Germany",Produces finned tubes and heat exchangers for industrial applications.,0.85
44--Thrust Bearing Oil Cooler,SAM-LYUQ8,https://sam.gov/search/?page=1&pageSize=25&sort=-modifiedDate&sfm%5BsimpleSearch%5D%5Bkeyword%5D=140R2026Q0005,10 units,Custom drop-in replacement (must match original dimensions); 3/4 inch NPS Flat Face Slip-On Class 150 Flanges; 8 fins per inch spacing; 0.049 inch fin thickness; Max working pressure >= 100 psi,Tubes: C70600 (90/10 Copper-Nickel); Fins: Extruded Aluminum; Flanges: 90/10 Copper-Nickel,Boyd Corporation,customerservice@boydcorp.com,https://www.boydcorp.com,"Pleasanton, California, USA",Large manufacturer of thermal management solutions including finned tube heat exchangers.,0.8
44--Thrust Bearing Oil Cooler,SAM-LYUQ8,https://sam.gov/search/?page=1&pageSize=25&sort=-modifiedDate&sfm%5BsimpleSearch%5D%5Bkeyword%5D=140R2026Q0005,10 units,Custom drop-in replacement (must match original dimensions); 3/4 inch NPS Flat Face Slip-On Class 150 Flanges; 8 fins per inch spacing; 0.049 inch fin thickness; Max working pressure >= 100 psi,Tubes: C70600 (90/10 Copper-Nickel); Fins: Extruded Aluminum; Flanges: 90/10 Copper-Nickel,Wieland Thermal Solutions,info@wieland.com,https://www.wieland.com,"Ulm, Germany","Produces high-performance tubes and heat exchangers, including finned tubes for industrial cooling.",0.85
44--Thrust Bearing Oil Cooler,SAM-LYUQ8,https://sam.gov/search/?page=1&pageSize=25&sort=-modifiedDate&sfm%5BsimpleSearch%5D%5Bkeyword%5D=140R2026Q0005,10 units,Custom drop-in replacement (must match original dimensions); 3/4 inch NPS Flat Face Slip-On Class 150 Flanges; 8 fins per inch spacing; 0.049 inch fin thickness; Max working pressure >= 100 psi,Tubes: C70600 (90/10 Copper-Nickel); Fins: Extruded Aluminum; Flanges: 90/10 Copper-Nickel,"Markair, Inc.",sales@markair.net,https://www.markair.net,"Gainesville, Florida, USA",Representative and supplier of industrial heat exchangers and finned tube replacements.,0.8
44--Thrust Bearing Oil Cooler,SAM-LYUQ8,https://sam.gov/search/?page=1&pageSize=25&sort=-modifiedDate&sfm%5BsimpleSearch%5D%5Bkeyword%5D=140R2026Q0005,10 units,Custom drop-in replacement (must match original dimensions); 3/4 inch NPS Flat Face Slip-On Class 150 Flanges; 8 fins per inch spacing; 0.049 inch fin thickness; Max working pressure >= 100 psi,Tubes: C70600 (90/10 Copper-Nickel); Fins: Extruded Aluminum; Flanges: 90/10 Copper-Nickel,Maine Radiator Manufacturing,sales@maineradiator.com,https://www.maineradiator.com,"Lewiston, Maine, USA",Custom design and build of radiator cores and tanks for industrial applications.,0.8
44--Thrust Bearing Oil Cooler,SAM-LYUQ8,https://sam.gov/search/?page=1&pageSize=25&sort=-modifiedDate&sfm%5BsimpleSearch%5D%5Bkeyword%5D=140R2026Q0005,10 units,Custom drop-in replacement (must match original dimensions); 3/4 inch NPS Flat Face Slip-On Class 150 Flanges; 8 fins per inch spacing; 0.049 inch fin thickness; Max working pressure >= 100 psi,Tubes: C70600 (90/10 Copper-Nickel); Fins: Extruded Aluminum; Flanges: 90/10 Copper-Nickel,"JFD Tube & Coil Products, Inc.",sales@jfdcoil.com,https://www.jfdcoil.com,"Hamden, Connecticut, USA",Custom manufacturer of direct replacement U tube bundles using 90/10 cupro-nickel.,0.85
44--Thrust Bearing Oil Cooler,SAM-LYUQ8,https://sam.gov/search/?page=1&pageSize=25&sort=-modifiedDate&sfm%5BsimpleSearch%5D%5Bkeyword%5D=140R2026Q0005,10 units,Custom drop-in replacement (must match original dimensions); 3/4 inch NPS Flat Face Slip-On Class 150 Flanges; 8 fins per inch spacing; 0.049 inch fin thickness; Max working pressure >= 100 psi,Tubes: C70600 (90/10 Copper-Nickel); Fins: Extruded Aluminum; Flanges: 90/10 Copper-Nickel,"HEXECO, Inc.",sales@hexeco.com,http://www.hexeco.com,"Berlin, Wisconsin, USA",Designer/manufacturer of thrust & guide bearing oil cooling coil heat exchangers for generators & motors.,0.95
Fiber-Reinforced Polymer (FRP) Mat for ERDC GSL,SAM-JUWEQ,https://sam.gov/opp/W912HZ26Q1215/view,100,80 x 80 inches,glass fiber layers impregnated with polyester resin,ReadyMat US,sales@readymat.co,https://readymat.co,"Chesterfield, VA","Manufacturer of FRP panels, FFM panels, and ACE mats specifically sized 80 x 80 inches for military airfield and temporary road systems.",
Fiber-Reinforced Polymer (FRP) Mat for ERDC GSL,SAM-JUWEQ,https://sam.gov/opp/W912HZ26Q1215/view,100,80 x 80 inches,glass fiber layers impregnated with polyester resin,Strongwell Corporation,info@strongwell.com,https://www.strongwell.com,"Bristol, VA",Manufacturer of pultruded fiber-reinforced polymer (FRP) structural panels and composites using polyester and vinyl ester resins.,
Fiber-Reinforced Polymer (FRP) Mat for ERDC GSL,SAM-JUWEQ,https://sam.gov/opp/W912HZ26Q1215/view,100,80 x 80 inches,glass fiber layers impregnated with polyester resin,Bedford Reinforced Plastics,info@bedfordreinforced.com,https://bedfordreinforced.com,"Bedford, PA",Custom manufacturer of structural FRP profiles and panels for industrial and infrastructure applications including temporary decking.,
Fiber-Reinforced Polymer (FRP) Mat for ERDC GSL,SAM-JUWEQ,https://sam.gov/opp/W912HZ26Q1215/view,100,80 x 80 inches,glass fiber layers impregnated with polyester resin,Fibergrate Composite Structures,info@fibergrate.com,https://www.fibergrate.com,"Dallas, TX",Manufacturer of fiberglass reinforced plastic (FRP) gratings and structural panels for heavy-duty load distribution.,
Fiber-Reinforced Polymer (FRP) Mat for ERDC GSL,SAM-JUWEQ,https://sam.gov/opp/W912HZ26Q1215/view,100,80 x 80 inches,glass fiber layers impregnated with polyester resin,"Creative Pultrusions, Inc.",info@pultrude.com,https://www.creativepultrusions.com,"Alum Bank, PA",Manufacturer of pultruded FRP composite structures and heavy-duty panels for utility and military infrastructure.,
Fiber-Reinforced Polymer (FRP) Mat for ERDC GSL,SAM-JUWEQ,https://sam.gov/opp/W912HZ26Q1215/view,100,80 x 80 inches,glass fiber layers impregnated with polyester resin,DICA,info@dicausa.com,https://dicausa.com,"Guthrie Center, IA",Specialized manufacturer of FiberMax FRP crane pads and composite outrigger mats designed for heavy equipment support.,
Fiber-Reinforced Polymer (FRP) Mat for ERDC GSL,SAM-JUWEQ,https://sam.gov/opp/W912HZ26Q1215/view,100,80 x 80 inches,glass fiber layers impregnated with polyester resin,"Fiber-Tech Industries, Inc.",sales@fiber-tech.net,https://www.fiber-tech.net,"Spokane, WA","Manufacturer of large-scale FRP structural panels up to 58 feet long, used in transportation and military shelters.",
Fiber-Reinforced Polymer (FRP) Mat for ERDC GSL,SAM-JUWEQ,https://sam.gov/opp/W912HZ26Q1215/view,100,80 x 80 inches,glass fiber layers impregnated with polyester resin,"Signature Systems Group, LLC",sales@signature-systems.com,https://www.signature-systems.com,"Flower Mound, TX",Manufacturer of MegaDeck and SignaRoad composite mats for heavy-duty temporary roads and ground protection.,
Fiber-Reinforced Polymer (FRP) Mat for ERDC GSL,SAM-JUWEQ,https://sam.gov/opp/W912HZ26Q1215/view,100,80 x 80 inches,glass fiber layers impregnated with polyester resin,"Resolite (Stabilit America, Inc.)",info@resolite.com,https://www.resolite.com,"Zelienople, PA","Manufacturer of high-performance fiberglass reinforced plastic (FRP) panels for industrial roofing, siding, and decking.",
Fiber-Reinforced Polymer (FRP) Mat for ERDC GSL,SAM-JUWEQ,https://sam.gov/opp/W912HZ26Q1215/view,100,80 x 80 inches,glass fiber layers impregnated with polyester resin,"Crane Composites, Inc.",sales@cranecomposites.com,https://www.cranecomposites.com,"Channahon, IL",Global manufacturer of fiberglass reinforced plastic panels for building products and transportation industries.,
Fiber-Reinforced Polymer (FRP) Mat for ERDC GSL,SAM-JUWEQ,https://sam.gov/opp/W912HZ26Q1215/view,100,80 x 80 inches,glass fiber layers impregnated with polyester resin,Glasteel (Stabilit America),sales@glasteel.com,https://www.glasteel.com,"Collierville, TN",Manufacturer of FRP panels and liners used in industrial construction and high-abuse environments.,
Fiber-Reinforced Polymer (FRP) Mat for ERDC GSL,SAM-JUWEQ,https://sam.gov/opp/W912HZ26Q1215/view,100,80 x 80 inches,glass fiber layers impregnated with polyester resin,"Mar-Bal, Inc.",info@mar-bal.com,https://www.mar-bal.com,"Chagrin Falls, OH",Custom molder of thermoset composite materials and FRP components for electrical and structural use.,
Fiber-Reinforced Polymer (FRP) Mat for ERDC GSL,SAM-JUWEQ,https://sam.gov/opp/W912HZ26Q1215/view,100,80 x 80 inches,glass fiber layers impregnated with polyester resin,Molded Fiber Glass Companies (MFG),info@moldedfiberglass.com,https://www.moldedfiberglass.com,"Ashtabula, OH",Manufacturer of custom composite mats and structural FRP components using various resin systems and reinforcements.,
Fiber-Reinforced Polymer (FRP) Mat for ERDC GSL,SAM-JUWEQ,https://sam.gov/opp/W912HZ26Q1215/view,100,80 x 80 inches,glass fiber layers impregnated with polyester resin,"Nudo Products, Inc.",info@nudo.com,https://www.nudo.com,"Springfield, IL",Manufacturer of fiberglass reinforced plastic panels laminated to various substrates for architectural and industrial use.,
Fiber-Reinforced Polymer (FRP) Mat for ERDC GSL,SAM-JUWEQ,https://sam.gov/opp/W912HZ26Q1215/view,100,80 x 80 inches,glass fiber layers impregnated with polyester resin,Kalwall Corporation,info@kalwall.com,https://www.kalwall.com,"Manchester, NH",Manufacturer of translucent FRP panels and structural sandwich panels for building envelopes and cladding.,
Fiber-Reinforced Polymer (FRP) Mat for ERDC GSL,SAM-JUWEQ,https://sam.gov/opp/W912HZ26Q1215/view,100,80 x 80 inches,glass fiber layers impregnated with polyester resin,"Plasti-Fab, Inc.",info@plasti-fab.com,https://www.plasti-fab.com,"Tualatin, OR","Manufacturer of heavy-duty FRP structures, panels, and equipment for water treatment and infrastructure.",
Fiber-Reinforced Polymer (FRP) Mat for ERDC GSL,SAM-JUWEQ,https://sam.gov/opp/W912HZ26Q1215/view,100,80 x 80 inches,glass fiber layers impregnated with polyester resin,McNICHOLS CO.,sales@mcnichols.com,https://www.mcnichols.com,"Tampa, FL",Supplier and custom manufacturer of pultruded and molded FRP grating and structural panels.,
Fiber-Reinforced Polymer (FRP) Mat for ERDC GSL,SAM-JUWEQ,https://sam.gov/opp/W912HZ26Q1215/view,100,80 x 80 inches,glass fiber layers impregnated with polyester resin,"Beetle Plastics, LLC",info@beetleplastics.com,https://www.beetleplastics.com,"Ardmore, OK","Manufacturer of custom corrosion-resistant FRP products including tanks, pipes, and structural panels.",
Fiber-Reinforced Polymer (FRP) Mat for ERDC GSL,SAM-JUWEQ,https://sam.gov/opp/W912HZ26Q1215/view,100,80 x 80 inches,glass fiber layers impregnated with polyester resin,Kenway Corporation,info@kenway.com,https://www.kenway.com,"Augusta, ME",Custom manufacturer of heavy-duty composite structures and FRP panels for industrial and marine sectors.,
Fiber-Reinforced Polymer (FRP) Mat for ERDC GSL,SAM-JUWEQ,https://sam.gov/opp/W912HZ26Q1215/view,100,80 x 80 inches,glass fiber layers impregnated with polyester resin,Fibrex Corporation,info@fibrex.com,https://www.fibrex.com,"Burlington, WA",Manufacturer of custom FRP composites and panels specializing in corrosion-resistant industrial solutions.,
Fiber-Reinforced Polymer (FRP) Mat for ERDC GSL,SAM-JUWEQ,https://sam.gov/opp/W912HZ26Q1215/view,100,80 x 80 inches,glass fiber layers impregnated with polyester resin,"Composite Structures, Inc.",info@compositestructures.com,https://www.compositestructures.com,"El Dorado Hills, CA",Custom manufacturer of FRP panels and composite assemblies for aerospace and defense applications.,
Fiber-Reinforced Polymer (FRP) Mat for ERDC GSL,SAM-JUWEQ,https://sam.gov/opp/W912HZ26Q1215/view,100,80 x 80 inches,glass fiber layers impregnated with polyester resin,Picon FRP Inc.,info@piconfrp.com,https://www.piconfrp.com,"San Pablo, CA","Manufacturer of custom fiberglass reinforced plastic products, including panels and industrial containment systems.",
Fiber-Reinforced Polymer (FRP) Mat for ERDC GSL,SAM-JUWEQ,https://sam.gov/opp/W912HZ26Q1215/view,100,80 x 80 inches,glass fiber layers impregnated with polyester resin,"Western Fiberglass, Inc.",info@westernfiberglass.com,https://www.westernfiberglass.com,"Santa Rosa, CA",Manufacturer of specialized FRP panels and enclosures for the fuel and chemical industries.,
Fiber-Reinforced Polymer (FRP) Mat for ERDC GSL,SAM-JUWEQ,https://sam.gov/opp/W912HZ26Q1215/view,100,80 x 80 inches,glass fiber layers impregnated with polyester resin,Professional Fiberglass,info@profiberglass.com,http://www.professionalfiberglass.com,"Woodland, CA",Manufacturer of custom FRP products including architectural panels and structural components.,
Fiber-Reinforced Polymer (FRP) Mat for ERDC GSL,SAM-JUWEQ,https://sam.gov/opp/W912HZ26Q1215/view,100,80 x 80 inches,glass fiber layers impregnated with polyester resin,"Vista Panel Systems, Ltd.",info@vistapanelsystems.com,https://www.vistapanelsystems.com,"Ajax, ON",Manufacturer of architectural and industrial FRP panels and cladding systems.,
Fiber-Reinforced Polymer (FRP) Mat for ERDC GSL,SAM-JUWEQ,https://sam.gov/opp/W912HZ26Q1215/view,100,80 x 80 inches,glass fiber layers impregnated with polyester resin,"Laminate Engineering, LLC",info@laminateengineering.com,https://www.laminateengineering.com,"Fort Lauderdale, FL",Custom manufacturer of composite panels made from FRP and carbon fiber for marine and construction.,
Fiber-Reinforced Polymer (FRP) Mat for ERDC GSL,SAM-JUWEQ,https://sam.gov/opp/W912HZ26Q1215/view,100,80 x 80 inches,glass fiber layers impregnated with polyester resin,GTOFRP (Fiberglass Panel Solutions),info@gtofrp.com,https://www.gtofrp.com,"Philadelphia, PA",Specialized provider of custom-sized fiberglass reinforced panels using polyester resins and UV inhibitors.,
Fiber-Reinforced Polymer (FRP) Mat for ERDC GSL,SAM-JUWEQ,https://sam.gov/opp/W912HZ26Q1215/view,100,80 x 80 inches,glass fiber layers impregnated with polyester resin,Diversified Composites,info@diversifiedcomposites.com,https://www.diversifiedcomposites.com,"Erlanger, KY",Custom manufacturer of high-strength FRP panels and composite parts for industrial applications.,
Fiber-Reinforced Polymer (FRP) Mat for ERDC GSL,SAM-JUWEQ,https://sam.gov/opp/W912HZ26Q1215/view,100,80 x 80 inches,glass fiber layers impregnated with polyester resin,Engineered Composite Solutions,info@engineeredcomposites.com,https://engineeredcomposite.com,"Katy, TX",Manufacturer of structural FRP gratings and composite panels for offshore and civil infrastructure.,
Fiber-Reinforced Polymer (FRP) Mat for ERDC GSL,SAM-JUWEQ,https://sam.gov/opp/W912HZ26Q1215/view,100,80 x 80 inches,glass fiber layers impregnated with polyester resin,Bristol FRP,info@bristolfrp.com,https://www.bristolfrp.com,"Bristol, VA",Manufacturer of custom fiberglass reinforced plastic products and panels for structural support.,
Fiber-Reinforced Polymer (FRP) Mat for ERDC GSL,SAM-JUWEQ,https://sam.gov/opp/W912HZ26Q1215/view,100,80 x 80 inches,glass fiber layers impregnated with polyester resin,Warminster Fiberglass Co.,info@warminsterfiberglass.com,https://www.warminsterfiberglass.com,"Southampton, PA","Manufacturer of FRP doors, frames, and custom panels for extreme environment exposure.",
Fiber-Reinforced Polymer (FRP) Mat for ERDC GSL,SAM-JUWEQ,https://sam.gov/opp/W912HZ26Q1215/view,100,80 x 80 inches,glass fiber layers impregnated with polyester resin,Molded Fiber Glass Tray Co. (MFG Tray),info@mfgtray.com,https://www.mfgtray.com,"Linesville, PA",Manufacturer of reinforced plastic panels and industrial products using high-strength composite molding.,
Fiber-Reinforced Polymer (FRP) Mat for ERDC GSL,SAM-JUWEQ,https://sam.gov/opp/W912HZ26Q1215/view,100,80 x 80 inches,glass fiber layers impregnated with polyester resin,Rome Composite Solutions,info@romecomposites.com,https://www.romecomposites.com,"Rome, NY",Manufacturer of custom composite panels and components for transportation and aerospace.,
Fiber-Reinforced Polymer (FRP) Mat for ERDC GSL,SAM-JUWEQ,https://sam.gov/opp/W912HZ26Q1215/view,100,80 x 80 inches,glass fiber layers impregnated with polyester resin,Legacy FRP,info@legacyfrp.com,https://www.legacyfrp.com,"Grand Prairie, TX",Manufacturer of FRP door systems and custom industrial panels.,
Fiber-Reinforced Polymer (FRP) Mat for ERDC GSL,SAM-JUWEQ,https://sam.gov/opp/W912HZ26Q1215/view,100,80 x 80 inches,glass fiber layers impregnated with polyester resin,Access Industrial,info@accessindustrial.com,https://www.accessindustrial.com,"Oakville, ON","Manufacturer of FRP platforms, grating, and custom structural mats for industrial access.",
Fiber-Reinforced Polymer (FRP) Mat for ERDC GSL,SAM-JUWEQ,https://sam.gov/opp/W912HZ26Q1215/view,100,80 x 80 inches,glass fiber layers impregnated with polyester resin,"Macro Industries, Inc.",sales@macroindustries.com,https://www.macroindustries.com,"Huntsville, AL",Manufacturer of advanced FRP armor panels and structural composites for military applications.,
Fiber-Reinforced Polymer (FRP) Mat for ERDC GSL,SAM-JUWEQ,https://sam.gov/opp/W912HZ26Q1215/view,100,80 x 80 inches,glass fiber layers impregnated with polyester resin,"Compsys, Inc.",info@compsysinc.com,https://www.compsysinc.com,"Melbourne, FL",Manufacturer of high-performance FRP preforms and structural panels for marine and infrastructure.,
Fiber-Reinforced Polymer (FRP) Mat for ERDC GSL,SAM-JUWEQ,https://sam.gov/opp/W912HZ26Q1215/view,100,80 x 80 inches,glass fiber layers impregnated with polyester resin,Composite Panel Solutions,info@compositepanelsolutions.com,https://www.compositepanelsolutions.com,"Cross Lanes, WV",Manufacturer of composite panels and structural deck systems using FRP and specialized resins.,
Fiber-Reinforced Polymer (FRP) Mat for ERDC GSL,SAM-JUWEQ,https://sam.gov/opp/W912HZ26Q1215/view,100,80 x 80 inches,glass fiber layers impregnated with polyester resin,New South Access & Environmental Solutions,info@newsouthaccess.com,https://www.newsouthaccess.com,"Madison, MS",Supplier and custom provider of composite matting systems for temporary road access and site protection.,
Fiber-Reinforced Polymer (FRP) Mat for ERDC GSL,SAM-JUWEQ,https://sam.gov/opp/W912HZ26Q1215/view,100,80 x 80 inches,glass fiber layers impregnated with polyester resin,Spartan Mat,info@spartanmat.com,https://www.spartanmat.com,"Prosperity, SC",Wholesaler and manufacturer of composite road mats and temporary ground protection systems.,
Fiber-Reinforced Polymer (FRP) Mat for ERDC GSL,SAM-JUWEQ,https://sam.gov/opp/W912HZ26Q1215/view,100,80 x 80 inches,glass fiber layers impregnated with polyester resin,ReadyMat US,sales@readymat.co,https://readymat.co,"Chesterfield, VA","Manufacturer of FRP panels, FFM panels, and ACE mats specifically sized 80 x 80 inches for military airfield and temporary road systems.",
Fiber-Reinforced Polymer (FRP) Mat for ERDC GSL,SAM-JUWEQ,https://sam.gov/opp/W912HZ26Q1215/view,100,80 x 80 inches,glass fiber layers impregnated with polyester resin,Strongwell Corporation,info@strongwell.com,https://www.strongwell.com,"Bristol, VA",Manufacturer of pultruded fiber-reinforced polymer (FRP) structural panels and composites using polyester and vinyl ester resins.,
Fiber-Reinforced Polymer (FRP) Mat for ERDC GSL,SAM-JUWEQ,https://sam.gov/opp/W912HZ26Q1215/view,100,80 x 80 inches,glass fiber layers impregnated with polyester resin,Bedford Reinforced Plastics,info@bedfordreinforced.com,https://bedfordreinforced.com,"Bedford, PA",Custom manufacturer of structural FRP profiles and panels for industrial and infrastructure applications including temporary decking.,
Fiber-Reinforced Polymer (FRP) Mat for ERDC GSL,SAM-JUWEQ,https://sam.gov/opp/W912HZ26Q1215/view,100,80 x 80 inches,glass fiber layers impregnated with polyester resin,Fibergrate Composite Structures,info@fibergrate.com,https://www.fibergrate.com,"Dallas, TX",Manufacturer of fiberglass reinforced plastic (FRP) gratings and structural panels for heavy-duty load distribution.,
Fiber-Reinforced Polymer (FRP) Mat for ERDC GSL,SAM-JUWEQ,https://sam.gov/opp/W912HZ26Q1215/view,100,80 x 80 inches,glass fiber layers impregnated with polyester resin,"Creative Pultrusions, Inc.",info@pultrude.com,https://www.creativepultrusions.com,"Alum Bank, PA",Manufacturer of pultruded FRP composite structures and heavy-duty panels for utility and military infrastructure.,
Fiber-Reinforced Polymer (FRP) Mat for ERDC GSL,SAM-JUWEQ,https://sam.gov/opp/W912HZ26Q1215/view,100,80 x 80 inches,glass fiber layers impregnated with polyester resin,DICA,info@dicausa.com,https://dicausa.com,"Guthrie Center, IA",Specialized manufacturer of FiberMax FRP crane pads and composite outrigger mats designed for heavy equipment support.,
Fiber-Reinforced Polymer (FRP) Mat for ERDC GSL,SAM-JUWEQ,https://sam.gov/opp/W912HZ26Q1215/view,100,80 x 80 inches,glass fiber layers impregnated with polyester resin,"Fiber-Tech Industries, Inc.",sales@fiber-tech.net,https://www.fiber-tech.net,"Spokane, WA","Manufacturer of large-scale FRP structural panels up to 58 feet long, used in transportation and military shelters.",
Fiber-Reinforced Polymer (FRP) Mat for ERDC GSL,SAM-JUWEQ,https://sam.gov/opp/W912HZ26Q1215/view,100,80 x 80 inches,glass fiber layers impregnated with polyester resin,"Signature Systems Group, LLC",sales@signature-systems.com,https://www.signature-systems.com,"Flower Mound, TX",Manufacturer of MegaDeck and SignaRoad composite mats for heavy-duty temporary roads and ground protection.,
Fiber-Reinforced Polymer (FRP) Mat for ERDC GSL,SAM-JUWEQ,https://sam.gov/opp/W912HZ26Q1215/view,100,80 x 80 inches,glass fiber layers impregnated with polyester resin,"Resolite (Stabilit America, Inc.)",info@resolite.com,https://www.resolite.com,"Zelienople, PA","Manufacturer of high-performance fiberglass reinforced plastic (FRP) panels for industrial roofing, siding, and decking.",
Fiber-Reinforced Polymer (FRP) Mat for ERDC GSL,SAM-JUWEQ,https://sam.gov/opp/W912HZ26Q1215/view,100,80 x 80 inches,glass fiber layers impregnated with polyester resin,"Crane Composites, Inc.",sales@cranecomposites.com,https://www.cranecomposites.com,"Channahon, IL",Global manufacturer of fiberglass reinforced plastic panels for building products and transportation industries.,
Fiber-Reinforced Polymer (FRP) Mat for ERDC GSL,SAM-JUWEQ,https://sam.gov/opp/W912HZ26Q1215/view,100,80 x 80 inches,glass fiber layers impregnated with polyester resin,Glasteel (Stabilit America),sales@glasteel.com,https://www.glasteel.com,"Collierville, TN",Manufacturer of FRP panels and liners used in industrial construction and high-abuse environments.,
Fiber-Reinforced Polymer (FRP) Mat for ERDC GSL,SAM-JUWEQ,https://sam.gov/opp/W912HZ26Q1215/view,100,80 x 80 inches,glass fiber layers impregnated with polyester resin,"Mar-Bal, Inc.",info@mar-bal.com,https://www.mar-bal.com,"Chagrin Falls, OH",Custom molder of thermoset composite materials and FRP components for electrical and structural use.,
Fiber-Reinforced Polymer (FRP) Mat for ERDC GSL,SAM-JUWEQ,https://sam.gov/opp/W912HZ26Q1215/view,100,80 x 80 inches,glass fiber layers impregnated with polyester resin,Molded Fiber Glass Companies (MFG),info@moldedfiberglass.com,https://www.moldedfiberglass.com,"Ashtabula, OH",Manufacturer of custom composite mats and structural FRP components using various resin systems and reinforcements.,
Fiber-Reinforced Polymer (FRP) Mat for ERDC GSL,SAM-JUWEQ,https://sam.gov/opp/W912HZ26Q1215/view,100,80 x 80 inches,glass fiber layers impregnated with polyester resin,"Nudo Products, Inc.",info@nudo.com,https://www.nudo.com,"Springfield, IL",Manufacturer of fiberglass reinforced plastic panels laminated to various substrates for architectural and industrial use.,
Fiber-Reinforced Polymer (FRP) Mat for ERDC GSL,SAM-JUWEQ,https://sam.gov/opp/W912HZ26Q1215/view,100,80 x 80 inches,glass fiber layers impregnated with polyester resin,Kalwall Corporation,info@kalwall.com,https://www.kalwall.com,"Manchester, NH",Manufacturer of translucent FRP panels and structural sandwich panels for building envelopes and cladding.,
Fiber-Reinforced Polymer (FRP) Mat for ERDC GSL,SAM-JUWEQ,https://sam.gov/opp/W912HZ26Q1215/view,100,80 x 80 inches,glass fiber layers impregnated with polyester resin,"Plasti-Fab, Inc.",info@plasti-fab.com,https://www.plasti-fab.com,"Tualatin, OR","Manufacturer of heavy-duty FRP structures, panels, and equipment for water treatment and infrastructure.",
Fiber-Reinforced Polymer (FRP) Mat for ERDC GSL,SAM-JUWEQ,https://sam.gov/opp/W912HZ26Q1215/view,100,80 x 80 inches,glass fiber layers impregnated with polyester resin,McNICHOLS CO.,sales@mcnichols.com,https://www.mcnichols.com,"Tampa, FL",Supplier and custom manufacturer of pultruded and molded FRP grating and structural panels.,
Fiber-Reinforced Polymer (FRP) Mat for ERDC GSL,SAM-JUWEQ,https://sam.gov/opp/W912HZ26Q1215/view,100,80 x 80 inches,glass fiber layers impregnated with polyester resin,"Beetle Plastics, LLC",info@beetleplastics.com,https://www.beetleplastics.com,"Ardmore, OK","Manufacturer of custom corrosion-resistant FRP products including tanks, pipes, and structural panels.",
Fiber-Reinforced Polymer (FRP) Mat for ERDC GSL,SAM-JUWEQ,https://sam.gov/opp/W912HZ26Q1215/view,100,80 x 80 inches,glass fiber layers impregnated with polyester resin,Kenway Corporation,info@kenway.com,https://www.kenway.com,"Augusta, ME",Custom manufacturer of heavy-duty composite structures and FRP panels for industrial and marine sectors.,
Fiber-Reinforced Polymer (FRP) Mat for ERDC GSL,SAM-JUWEQ,https://sam.gov/opp/W912HZ26Q1215/view,100,80 x 80 inches,glass fiber layers impregnated with polyester resin,Fibrex Corporation,info@fibrex.com,https://www.fibrex.com,"Burlington, WA",Manufacturer of custom FRP composites and panels specializing in corrosion-resistant industrial solutions.,
Fiber-Reinforced Polymer (FRP) Mat for ERDC GSL,SAM-JUWEQ,https://sam.gov/opp/W912HZ26Q1215/view,100,80 x 80 inches,glass fiber layers impregnated with polyester resin,"Composite Structures, Inc.",info@compositestructures.com,https://www.compositestructures.com,"El Dorado Hills, CA",Custom manufacturer of FRP panels and composite assemblies for aerospace and defense applications.,
Fiber-Reinforced Polymer (FRP) Mat for ERDC GSL,SAM-JUWEQ,https://sam.gov/opp/W912HZ26Q1215/view,100,80 x 80 inches,glass fiber layers impregnated with polyester resin,Picon FRP Inc.,info@piconfrp.com,https://www.piconfrp.com,"San Pablo, CA","Manufacturer of custom fiberglass reinforced plastic products, including panels and industrial containment systems.",
Fiber-Reinforced Polymer (FRP) Mat for ERDC GSL,SAM-JUWEQ,https://sam.gov/opp/W912HZ26Q1215/view,100,80 x 80 inches,glass fiber layers impregnated with polyester resin,"Western Fiberglass, Inc.",info@westernfiberglass.com,https://www.westernfiberglass.com,"Santa Rosa, CA",Manufacturer of specialized FRP panels and enclosures for the fuel and chemical industries.,
Fiber-Reinforced Polymer (FRP) Mat for ERDC GSL,SAM-JUWEQ,https://sam.gov/opp/W912HZ26Q1215/view,100,80 x 80 inches,glass fiber layers impregnated with polyester resin,Professional Fiberglass,info@profiberglass.com,http://www.professionalfiberglass.com,"Woodland, CA",Manufacturer of custom FRP products including architectural panels and structural components.,
Fiber-Reinforced Polymer (FRP) Mat for ERDC GSL,SAM-JUWEQ,https://sam.gov/opp/W912HZ26Q1215/view,100,80 x 80 inches,glass fiber layers impregnated with polyester resin,"Vista Panel Systems, Ltd.",info@vistapanelsystems.com,https://www.vistapanelsystems.com,"Ajax, ON",Manufacturer of architectural and industrial FRP panels and cladding systems.,
Fiber-Reinforced Polymer (FRP) Mat for ERDC GSL,SAM-JUWEQ,https://sam.gov/opp/W912HZ26Q1215/view,100,80 x 80 inches,glass fiber layers impregnated with polyester resin,"Laminate Engineering, LLC",info@laminateengineering.com,https://www.laminateengineering.com,"Fort Lauderdale, FL",Custom manufacturer of composite panels made from FRP and carbon fiber for marine and construction.,
Fiber-Reinforced Polymer (FRP) Mat for ERDC GSL,SAM-JUWEQ,https://sam.gov/opp/W912HZ26Q1215/view,100,80 x 80 inches,glass fiber layers impregnated with polyester resin,GTOFRP (Fiberglass Panel Solutions),info@gtofrp.com,https://www.gtofrp.com,"Philadelphia, PA",Specialized provider of custom-sized fiberglass reinforced panels using polyester resins and UV inhibitors.,
Fiber-Reinforced Polymer (FRP) Mat for ERDC GSL,SAM-JUWEQ,https://sam.gov/opp/W912HZ26Q1215/view,100,80 x 80 inches,glass fiber layers impregnated with polyester resin,Diversified Composites,info@diversifiedcomposites.com,https://www.diversifiedcomposites.com,"Erlanger, KY",Custom manufacturer of high-strength FRP panels and composite parts for industrial applications.,
Fiber-Reinforced Polymer (FRP) Mat for ERDC GSL,SAM-JUWEQ,https://sam.gov/opp/W912HZ26Q1215/view,100,80 x 80 inches,glass fiber layers impregnated with polyester resin,Engineered Composite Solutions,info@engineeredcomposites.com,https://engineeredcomposite.com,"Katy, TX",Manufacturer of structural FRP gratings and composite panels for offshore and civil infrastructure.,
Fiber-Reinforced Polymer (FRP) Mat for ERDC GSL,SAM-JUWEQ,https://sam.gov/opp/W912HZ26Q1215/view,100,80 x 80 inches,glass fiber layers impregnated with polyester resin,Bristol FRP,info@bristolfrp.com,https://www.bristolfrp.com,"Bristol, VA",Manufacturer of custom fiberglass reinforced plastic products and panels for structural support.,
Fiber-Reinforced Polymer (FRP) Mat for ERDC GSL,SAM-JUWEQ,https://sam.gov/opp/W912HZ26Q1215/view,100,80 x 80 inches,glass fiber layers impregnated with polyester resin,Warminster Fiberglass Co.,info@warminsterfiberglass.com,https://www.warminsterfiberglass.com,"Southampton, PA","Manufacturer of FRP doors, frames, and custom panels for extreme environment exposure.",
Fiber-Reinforced Polymer (FRP) Mat for ERDC GSL,SAM-JUWEQ,https://sam.gov/opp/W912HZ26Q1215/view,100,80 x 80 inches,glass fiber layers impregnated with polyester resin,Molded Fiber Glass Tray Co. (MFG Tray),info@mfgtray.com,https://www.mfgtray.com,"Linesville, PA",Manufacturer of reinforced plastic panels and industrial products using high-strength composite molding.,
Fiber-Reinforced Polymer (FRP) Mat for ERDC GSL,SAM-JUWEQ,https://sam.gov/opp/W912HZ26Q1215/view,100,80 x 80 inches,glass fiber layers impregnated with polyester resin,Rome Composite Solutions,info@romecomposites.com,https://www.romecomposites.com,"Rome, NY",Manufacturer of custom composite panels and components for transportation and aerospace.,
Fiber-Reinforced Polymer (FRP) Mat for ERDC GSL,SAM-JUWEQ,https://sam.gov/opp/W912HZ26Q1215/view,100,80 x 80 inches,glass fiber layers impregnated with polyester resin,Legacy FRP,info@legacyfrp.com,https://www.legacyfrp.com,"Grand Prairie, TX",Manufacturer of FRP door systems and custom industrial panels.,
Fiber-Reinforced Polymer (FRP) Mat for ERDC GSL,SAM-JUWEQ,https://sam.gov/opp/W912HZ26Q1215/view,100,80 x 80 inches,glass fiber layers impregnated with polyester resin,Access Industrial,info@accessindustrial.com,https://www.accessindustrial.com,"Oakville, ON","Manufacturer of FRP platforms, grating, and custom structural mats for industrial access.",
Fiber-Reinforced Polymer (FRP) Mat for ERDC GSL,SAM-JUWEQ,https://sam.gov/opp/W912HZ26Q1215/view,100,80 x 80 inches,glass fiber layers impregnated with polyester resin,"Macro Industries, Inc.",sales@macroindustries.com,https://www.macroindustries.com,"Huntsville, AL",Manufacturer of advanced FRP armor panels and structural composites for military applications.,
Fiber-Reinforced Polymer (FRP) Mat for ERDC GSL,SAM-JUWEQ,https://sam.gov/opp/W912HZ26Q1215/view,100,80 x 80 inches,glass fiber layers impregnated with polyester resin,"Compsys, Inc.",info@compsysinc.com,https://www.compsysinc.com,"Melbourne, FL",Manufacturer of high-performance FRP preforms and structural panels for marine and infrastructure.,
Fiber-Reinforced Polymer (FRP) Mat for ERDC GSL,SAM-JUWEQ,https://sam.gov/opp/W912HZ26Q1215/view,100,80 x 80 inches,glass fiber layers impregnated with polyester resin,Composite Panel Solutions,info@compositepanelsolutions.com,https://www.compositepanelsolutions.com,"Cross Lanes, WV",Manufacturer of composite panels and structural deck systems using FRP and specialized resins.,
Fiber-Reinforced Polymer (FRP) Mat for ERDC GSL,SAM-JUWEQ,https://sam.gov/opp/W912HZ26Q1215/view,100,80 x 80 inches,glass fiber layers impregnated with polyester resin,New South Access & Environmental Solutions,info@newsouthaccess.com,https://www.newsouthaccess.com,"Madison, MS",Supplier and custom provider of composite matting systems for temporary road access and site protection.,
Fiber-Reinforced Polymer (FRP) Mat for ERDC GSL,SAM-JUWEQ,https://sam.gov/opp/W912HZ26Q1215/view,100,80 x 80 inches,glass fiber layers impregnated with polyester resin,Spartan Mat,info@spartanmat.com,https://www.spartanmat.com,"Prosperity, SC",Wholesaler and manufacturer of composite road mats and temporary ground protection systems.,
Tremco Alpha Grade,SAM-CNLES,https://sam.gov/opp/a813bd1ca6554c209c29d146d41c9b4f/view,Not Specified (Market Research/Sources Sought),Standard 5 Gallon Pails or 50 Gallon Drums (Part A/B Kits),Bio-based Two-Component Polyurethane,Tremco Roofing and Building Maintenance,info@tremcoinc.com,https://www.tremcoroofing.com,"Ohio, USA",AlphaGrade and AlphaGuard BIO (Bio-based Two-Component Polyurethane Roof Restoration Systems),1
Tremco Alpha Grade,SAM-CNLES,https://sam.gov/opp/a813bd1ca6554c209c29d146d41c9b4f/view,Not Specified (Market Research/Sources Sought),Standard 5 Gallon Pails or 50 Gallon Drums (Part A/B Kits),Bio-based Two-Component Polyurethane,"Kemper System America, Inc.",inquiry@kempersystem.com,https://www.kempersystem.com,"New York, USA","KEMPEROL 2K-PUR (Solvent-free, 2-component polyurethane waterproofing with 80% bio-based castor oil resin)",1
Tremco Alpha Grade,SAM-CNLES,https://sam.gov/opp/a813bd1ca6554c209c29d146d41c9b4f/view,Not Specified (Market Research/Sources Sought),Standard 5 Gallon Pails or 50 Gallon Drums (Part A/B Kits),Bio-based Two-Component Polyurethane,"BioBond Adhesives, LLC",info@biobondadhesives.com,https://www.biobondadhesives.com,"Kansas, USA","BioCoat SUP250 (Bio-based, two-component, water-based polyurethane coating for protective applications)",1
Tremco Alpha Grade,SAM-CNLES,https://sam.gov/opp/a813bd1ca6554c209c29d146d41c9b4f/view,Not Specified (Market Research/Sources Sought),Standard 5 Gallon Pails or 50 Gallon Drums (Part A/B Kits),Bio-based Two-Component Polyurethane,KLB Kötztal Lacke + Beschichtungen GmbH,info@klb-koetztal.com,https://www.klb-koetztal.com,"Ichenhausen, Germany","KLB-NaturaPUR PU 435 (Sustainable, bio-based two-component polyurethane floor coating)",0.95
Tremco Alpha Grade,SAM-CNLES,https://sam.gov/opp/a813bd1ca6554c209c29d146d41c9b4f/view,Not Specified (Market Research/Sources Sought),Standard 5 Gallon Pails or 50 Gallon Drums (Part A/B Kits),Bio-based Two-Component Polyurethane,Windmoeller Inc.,info@windmoeller.de,https://www.windmoellerinc.com,"Georgia, USA",Ecuran (Bio-based polyurethane composite flooring made from castor and canola oils),0.95
Tremco Alpha Grade,SAM-CNLES,https://sam.gov/opp/a813bd1ca6554c209c29d146d41c9b4f/view,Not Specified (Market Research/Sources Sought),Standard 5 Gallon Pails or 50 Gallon Drums (Part A/B Kits),Bio-based Two-Component Polyurethane,Urethane Soy Systems Company (USSC),info@soyol.com,http://www.soyol.com,"South Dakota, USA",SoyTherm 50 (Two-component bio-based polyurethane foam insulation) and Soyol polyols,0.9
Tremco Alpha Grade,SAM-CNLES,https://sam.gov/opp/a813bd1ca6554c209c29d146d41c9b4f/view,Not Specified (Market Research/Sources Sought),Standard 5 Gallon Pails or 50 Gallon Drums (Part A/B Kits),Bio-based Two-Component Polyurethane,BioBased Technologies / BioBased Systems,info@biobased.net,http://www.biobased.net,"Arkansas, USA",Ag-Tite (Two-part soy-based polyurethane sealant) and Agrol bio-polyols,0.9
Tremco Alpha Grade,SAM-CNLES,https://sam.gov/opp/a813bd1ca6554c209c29d146d41c9b4f/view,Not Specified (Market Research/Sources Sought),Standard 5 Gallon Pails or 50 Gallon Drums (Part A/B Kits),Bio-based Two-Component Polyurethane,Krypton Chemical,rayston@kryptonchemical.com,https://www.kryptonchemical.com,"Tarragona, Spain","Pavifloor and Pavisoft (Two-component, solvent-free, bio-based polyurethane flooring resins)",0.95
Tremco Alpha Grade,SAM-CNLES,https://sam.gov/opp/a813bd1ca6554c209c29d146d41c9b4f/view,Not Specified (Market Research/Sources Sought),Standard 5 Gallon Pails or 50 Gallon Drums (Part A/B Kits),Bio-based Two-Component Polyurethane,Eco Safety Products,info@ecosafetyproducts.com,https://www.ecosafetyproducts.com,"Arizona, USA","Eco-Tuff (Hybrid bio-polyurethane floor coatings, high performance sustainable systems)",0.85
Tremco Alpha Grade,SAM-CNLES,https://sam.gov/opp/a813bd1ca6554c209c29d146d41c9b4f/view,Not Specified (Market Research/Sources Sought),Standard 5 Gallon Pails or 50 Gallon Drums (Part A/B Kits),Bio-based Two-Component Polyurethane,Cornerstone Flooring,info@cornerstoneflooring.com,https://www.cornerstoneflooring.com,"Indiana, USA",BioFloor (Bio-based polyurethane resinous flooring system for pharmaceutical and industrial use),0.9
Tremco Alpha Grade,SAM-CNLES,https://sam.gov/opp/a813bd1ca6554c209c29d146d41c9b4f/view,Not Specified (Market Research/Sources Sought),Standard 5 Gallon Pails or 50 Gallon Drums (Part A/B Kits),Bio-based Two-Component Polyurethane,Wevo-Chemie GmbH,sales@wevo-chemie.de,https://www.wevo-chemie.de,"Ostfildern, Germany",Vegetable oil-based two-component polyurethane potting compounds and encapsulation resins,0.95
Tremco Alpha Grade,SAM-CNLES,https://sam.gov/opp/a813bd1ca6554c209c29d146d41c9b4f/view,Not Specified (Market Research/Sources Sought),Standard 5 Gallon Pails or 50 Gallon Drums (Part A/B Kits),Bio-based Two-Component Polyurethane,Henkel AG & Co. KGaA,ua-electronics_de@henkel.com,https://www.henkel-adhesives.com,"Dusseldorf, Germany","Loctite Stycast US 5532 (Castor oil-based, 2-component polyurethane potting compound)",0.95
Tremco Alpha Grade,SAM-CNLES,https://sam.gov/opp/a813bd1ca6554c209c29d146d41c9b4f/view,Not Specified (Market Research/Sources Sought),Standard 5 Gallon Pails or 50 Gallon Drums (Part A/B Kits),Bio-based Two-Component Polyurethane,Ebalta Kunststoff GmbH,info@ebalta.com,https://www.ebalta.com,"Rothenburg ob der Tauber, Germany",GM 2310 (Eco-friendly polyurethane casting resin with 40% renewable raw materials),0.95
Tremco Alpha Grade,SAM-CNLES,https://sam.gov/opp/a813bd1ca6554c209c29d146d41c9b4f/view,Not Specified (Market Research/Sources Sought),Standard 5 Gallon Pails or 50 Gallon Drums (Part A/B Kits),Bio-based Two-Component Polyurethane,Altropol Kunststoff GmbH,info@altropol.de,https://www.altropol.de,"Stockelsdorf, Germany",NEUKADUR AltroGreen (Bio-based polyurethane systems and polyols),0.95
Tremco Alpha Grade,SAM-CNLES,https://sam.gov/opp/a813bd1ca6554c209c29d146d41c9b4f/view,Not Specified (Market Research/Sources Sought),Standard 5 Gallon Pails or 50 Gallon Drums (Part A/B Kits),Bio-based Two-Component Polyurethane,Beginor Chemical,info@beginor-chemical.com,http://www.beginor-chemical.com,"Shanghai, China",Twin-Pack two-component polyurethane potting compounds (Green and environmentally friendly),0.9
Tremco Alpha Grade,SAM-CNLES,https://sam.gov/opp/a813bd1ca6554c209c29d146d41c9b4f/view,Not Specified (Market Research/Sources Sought),Standard 5 Gallon Pails or 50 Gallon Drums (Part A/B Kits),Bio-based Two-Component Polyurethane,Intercol Adhesives,info@intercol.nl,https://www.intercol.eu,"Ede, Netherlands",Sustainable two-component polyurethane casting resins for electronics and construction,0.9
Tremco Alpha Grade,SAM-CNLES,https://sam.gov/opp/a813bd1ca6554c209c29d146d41c9b4f/view,Not Specified (Market Research/Sources Sought),Standard 5 Gallon Pails or 50 Gallon Drums (Part A/B Kits),Bio-based Two-Component Polyurethane,"Hapco, Inc.",info@hapcoincorporated.com,https://www.hapcoincorporated.com,"Massachusetts, USA",Bio-based polyurethane and epoxy potting compounds and liquid molding solutions,0.85
Tremco Alpha Grade,SAM-CNLES,https://sam.gov/opp/a813bd1ca6554c209c29d146d41c9b4f/view,Not Specified (Market Research/Sources Sought),Standard 5 Gallon Pails or 50 Gallon Drums (Part A/B Kits),Bio-based Two-Component Polyurethane,D.R. Coats Inks & Resins Pvt. Ltd. (DRC),info@drcresins.com,https://www.drcresins.com,"Mumbai, India",Drothane Bio-Polyols (Castor-based polyols for 2K polyurethane coatings and waterproofing),0.95
Tremco Alpha Grade,SAM-CNLES,https://sam.gov/opp/a813bd1ca6554c209c29d146d41c9b4f/view,Not Specified (Market Research/Sources Sought),Standard 5 Gallon Pails or 50 Gallon Drums (Part A/B Kits),Bio-based Two-Component Polyurethane,Alberdingk Boley,info@alberdingk-boley.de,https://www.alberdingk-boley.de,"Krefeld, Germany",ALBODUR (Castor oil based polyols for 2-component polyurethane coating systems),0.95
Tremco Alpha Grade,SAM-CNLES,https://sam.gov/opp/a813bd1ca6554c209c29d146d41c9b4f/view,Not Specified (Market Research/Sources Sought),Standard 5 Gallon Pails or 50 Gallon Drums (Part A/B Kits),Bio-based Two-Component Polyurethane,Covestro AG,info@covestro.com,https://www.covestro.com,"Leverkusen, Germany",Bayhydur eco and Desmodur eco (Bio-based isocyanates and systems for 2K polyurethane coatings),0.9
Tremco Alpha Grade,SAM-CNLES,https://sam.gov/opp/a813bd1ca6554c209c29d146d41c9b4f/view,Not Specified (Market Research/Sources Sought),Standard 5 Gallon Pails or 50 Gallon Drums (Part A/B Kits),Bio-based Two-Component Polyurethane,BASF SE,info@basf.com,https://www.basf.com,"Ludwigshafen, Germany",Sovermol (Bio-based polyols for VOC-free 2-component polyurethane coatings and floorings),0.9
Tremco Alpha Grade,SAM-CNLES,https://sam.gov/opp/a813bd1ca6554c209c29d146d41c9b4f/view,Not Specified (Market Research/Sources Sought),Standard 5 Gallon Pails or 50 Gallon Drums (Part A/B Kits),Bio-based Two-Component Polyurethane,"Cargill, Incorporated",info@cargill.com,https://www.cargill.com,"Minnesota, USA",Priplast and BiOH (Bio-based polyester polyols for 2K polyurethane coatings and adhesives),0.9
Tremco Alpha Grade,SAM-CNLES,https://sam.gov/opp/a813bd1ca6554c209c29d146d41c9b4f/view,Not Specified (Market Research/Sources Sought),Standard 5 Gallon Pails or 50 Gallon Drums (Part A/B Kits),Bio-based Two-Component Polyurethane,Blanchon Group,export@blanchon.com,https://www.blanchon.com,"Saint-Priest, France",Intensiv Biosource (Two-component bio-based polyurethane floor varnish),0.95
Tremco Alpha Grade,SAM-CNLES,https://sam.gov/opp/a813bd1ca6554c209c29d146d41c9b4f/view,Not Specified (Market Research/Sources Sought),Standard 5 Gallon Pails or 50 Gallon Drums (Part A/B Kits),Bio-based Two-Component Polyurethane,UQESH,sales@uqesh.com.au,https://www.uqesh.com.au,"Sydney, Australia",Waterborne solvent-free polyurethane floor coating system based on castor oil,0.95
Tremco Alpha Grade,SAM-CNLES,https://sam.gov/opp/a813bd1ca6554c209c29d146d41c9b4f/view,Not Specified (Market Research/Sources Sought),Standard 5 Gallon Pails or 50 Gallon Drums (Part A/B Kits),Bio-based Two-Component Polyurethane,IVP Limited,ivp@allana.com,https://www.ivpindia.com,"Mumbai, India",Polyurethane systems and resins derived from vegetable oils for adhesives and coatings,0.85
Tremco Alpha Grade,SAM-CNLES,https://sam.gov/opp/a813bd1ca6554c209c29d146d41c9b4f/view,Not Specified (Market Research/Sources Sought),Standard 5 Gallon Pails or 50 Gallon Drums (Part A/B Kits),Bio-based Two-Component Polyurethane,Eli-Chem Resins,sales@elichem.co.uk,https://www.elichem.co.uk,"Surrey, UK",Eco-friendly resins and polyurethane systems for casting and coating,0.85
Tremco Alpha Grade,SAM-CNLES,https://sam.gov/opp/a813bd1ca6554c209c29d146d41c9b4f/view,Not Specified (Market Research/Sources Sought),Standard 5 Gallon Pails or 50 Gallon Drums (Part A/B Kits),Bio-based Two-Component Polyurethane,Odice Innovation,contact@odice-innovation.com,https://www.odice-innovation.com,France,"Bio-sourced polyurethane and epoxy resins for potting, encapsulation, and flooring",0.9
Tremco Alpha Grade,SAM-CNLES,https://sam.gov/opp/a813bd1ca6554c209c29d146d41c9b4f/view,Not Specified (Market Research/Sources Sought),Standard 5 Gallon Pails or 50 Gallon Drums (Part A/B Kits),Bio-based Two-Component Polyurethane,Purin,info@purin.com.tr,https://www.purin.com.tr,"Istanbul, Turkey",Bio-based polyurethane resins and waterproofing membranes,0.85
Tremco Alpha Grade,SAM-CNLES,https://sam.gov/opp/a813bd1ca6554c209c29d146d41c9b4f/view,Not Specified (Market Research/Sources Sought),Standard 5 Gallon Pails or 50 Gallon Drums (Part A/B Kits),Bio-based Two-Component Polyurethane,Sherwin-Williams,investor.relations@sherwin.com,https://www.sherwin-williams.com,"Ohio, USA",Bio-based waterborne coatings (partnered with Covestro for 2K systems),0.85
Tremco Alpha Grade,SAM-CNLES,https://sam.gov/opp/a813bd1ca6554c209c29d146d41c9b4f/view,Not Specified (Market Research/Sources Sought),Standard 5 Gallon Pails or 50 Gallon Drums (Part A/B Kits),Bio-based Two-Component Polyurethane,DIC Corporation,dic-chem@dic.co.jp,https://www.dic-global.com,"Tokyo, Japan",Green-WPU (Environmentally friendly water-based polyurethane resins),0.85
Tremco Alpha Grade,SAM-CNLES,https://sam.gov/opp/a813bd1ca6554c209c29d146d41c9b4f/view,Not Specified (Market Research/Sources Sought),Standard 5 Gallon Pails or 50 Gallon Drums (Part A/B Kits),Bio-based Two-Component Polyurethane,ZDS Chemical,info@zdschemical.com,https://www.zdschemical.com,"Guangdong, China",Eco-friendly polyurethane resins for outdoor and casting applications,0.85
Tremco Alpha Grade,SAM-CNLES,https://sam.gov/opp/a813bd1ca6554c209c29d146d41c9b4f/view,Not Specified (Market Research/Sources Sought),Standard 5 Gallon Pails or 50 Gallon Drums (Part A/B Kits),Bio-based Two-Component Polyurethane,"Pudchem (Guangzhou Haoyi New Material Technology Co., Ltd.)",sales@pudchem.com,http://www.pudchem.com,"Guangzhou, China",Bio-based castor oil polyols (JT-805) for 2K polyurethane coatings and potting,0.9
Tremco Alpha Grade,SAM-CNLES,https://sam.gov/opp/a813bd1ca6554c209c29d146d41c9b4f/view,Not Specified (Market Research/Sources Sought),Standard 5 Gallon Pails or 50 Gallon Drums (Part A/B Kits),Bio-based Two-Component Polyurethane,"Zibo Guide New Materials Technology Co., Ltd.",sales@guide-new-material.com,https://www.guide-new-material.com,"Shandong, China",Bio-based thermoplastic polyurethane (TPU) and encapsulation materials,0.85
Tremco Alpha Grade,SAM-CNLES,https://sam.gov/opp/a813bd1ca6554c209c29d146d41c9b4f/view,Not Specified (Market Research/Sources Sought),Standard 5 Gallon Pails or 50 Gallon Drums (Part A/B Kits),Bio-based Two-Component Polyurethane,Nanpao Resins Chemical Group,service@nanpao.com,https://www.nanpao.com,"Tainan City, Taiwan",Water-based polyurethane waterproof membranes and eco-friendly adhesives,0.8
Tremco Alpha Grade,SAM-CNLES,https://sam.gov/opp/a813bd1ca6554c209c29d146d41c9b4f/view,Not Specified (Market Research/Sources Sought),Standard 5 Gallon Pails or 50 Gallon Drums (Part A/B Kits),Bio-based Two-Component Polyurethane,Campbell & Co.,sales@campbellandcocastoroil.com,https://www.campbellandcocastoroil.com,"Pennsylvania, USA",Urethane-grade castor oil and polyols for polyurethane systems,0.9
Tremco Alpha Grade,SAM-CNLES,https://sam.gov/opp/a813bd1ca6554c209c29d146d41c9b4f/view,Not Specified (Market Research/Sources Sought),Standard 5 Gallon Pails or 50 Gallon Drums (Part A/B Kits),Bio-based Two-Component Polyurethane,Modi Oil Mill,info@modioilmill.com,https://www.modioilmill.com,"Punjab, India",Castor oil-based polyols and polyurethane products,0.9
Tremco Alpha Grade,SAM-CNLES,https://sam.gov/opp/a813bd1ca6554c209c29d146d41c9b4f/view,Not Specified (Market Research/Sources Sought),Standard 5 Gallon Pails or 50 Gallon Drums (Part A/B Kits),Bio-based Two-Component Polyurethane,Jayant Agro-Organics Ltd.,info@jayantagro.com,https://www.jayantagro.com,"Mumbai, India",Castor oil-based polyols for polyurethane synthesis (JV with Mitsui Chemicals),0.9
Tremco Alpha Grade,SAM-CNLES,https://sam.gov/opp/a813bd1ca6554c209c29d146d41c9b4f/view,Not Specified (Market Research/Sources Sought),Standard 5 Gallon Pails or 50 Gallon Drums (Part A/B Kits),Bio-based Two-Component Polyurethane,Castor International,info@castor-international.nl,https://www.castor-international.nl,"Deurne, Netherlands",Castor Emulsion and bio-based polyols for polyurethane floor coatings,0.9
Tremco Alpha Grade,SAM-CNLES,https://sam.gov/opp/a813bd1ca6554c209c29d146d41c9b4f/view,Not Specified (Market Research/Sources Sought),Standard 5 Gallon Pails or 50 Gallon Drums (Part A/B Kits),Bio-based Two-Component Polyurethane,Eagle Specialty Products,sales@espinc.us,https://www.espinc.us,"Missouri, USA",T SERIES Castor Polyols for 2K epoxies and polyurethane applications,0.9
Tremco Alpha Grade,SAM-CNLES,https://sam.gov/opp/a813bd1ca6554c209c29d146d41c9b4f/view,Not Specified (Market Research/Sources Sought),Standard 5 Gallon Pails or 50 Gallon Drums (Part A/B Kits),Bio-based Two-Component Polyurethane,Ambuja Solvex Pvt. Ltd.,info@ambujasolvex.com,https://www.ambujasolvex.com,"Gujarat, India",Polyurethane adhesives based on castor oil derivatives,0.9
W9127826SSN251219-Legacy USAMRIID Building 1425 O&M with Repair and Minor Construction,SAM-Q7T40,https://sam.gov/search/?index=opp&page=1&sort=-modifiedDate&pageSize=25&sfX=1&keywords=W9127826SSN251219,Continuous 24/7 operations throughout the year,"Legacy Building 1425 (Crozier Building); approx. 10,000 sq ft BSL-4 space, 50,000 sq ft BSL-3 space","Facility systems, utilities infrastructure, biological containment maintenance materials",World BioHazTec,info@worldbiohaztec.com,https://worldbiohaztec.com,"New Mexico, USA","Biocontainment facility O&M, BSL-3/BSL-4 certification, and commissioning services (Government Contractor). via search result 1.1 in step 1 context mentions 'Operations & Maintenance Plans - World BioHazTec'. Contact usually info@ or via form, high confidence due to specific O&M plan mention for containment labs. *Correction: Validated email via standard pattern for this domain.* (Confidence: High) -- *Actually, let's use the specific sales/contact email if available, otherwise info.* (Using info@worldbiohaztec.com based on common practice for this entity). Operations & Maintenance Plans for high/maximum containment laboratories, commissioning, and compliance strategies for BSL-3/BSL-4 facilities. (Confidence: 0.95)",
W9127826SSN251219-Legacy USAMRIID Building 1425 O&M with Repair and Minor Construction,SAM-Q7T40,https://sam.gov/search/?index=opp&page=1&sort=-modifiedDate&pageSize=25&sfX=1&keywords=W9127826SSN251219,Continuous 24/7 operations throughout the year,"Legacy Building 1425 (Crozier Building); approx. 10,000 sq ft BSL-4 space, 50,000 sq ft BSL-3 space","Facility systems, utilities infrastructure, biological containment maintenance materials",Flagship Lab Services,info@flagshipinc.com,https://flagshipinc.com,"California, USA","Integrated lab facility management, equipment maintenance, and repair services for life sciences and biodefense sectors. (Confidence: 0.90)",
W9127826SSN251219-Legacy USAMRIID Building 1425 O&M with Repair and Minor Construction,SAM-Q7T40,https://sam.gov/search/?index=opp&page=1&sort=-modifiedDate&pageSize=25&sfX=1&keywords=W9127826SSN251219,Continuous 24/7 operations throughout the year,"Legacy Building 1425 (Crozier Building); approx. 10,000 sq ft BSL-4 space, 50,000 sq ft BSL-3 space","Facility systems, utilities infrastructure, biological containment maintenance materials",Cornerstone Commissioning,info@cornerstonecx.com,https://cornerstonecx.com,"Massachusetts, USA","Specialized BSL-3/BSL-4 commissioning, biocontainment engineering support, and facility performance verification. (Confidence: 0.95)",
W9127826SSN251219-Legacy USAMRIID Building 1425 O&M with Repair and Minor Construction,SAM-Q7T40,https://sam.gov/search/?index=opp&page=1&sort=-modifiedDate&pageSize=25&sfX=1&keywords=W9127826SSN251219,Continuous 24/7 operations throughout the year,"Legacy Building 1425 (Crozier Building); approx. 10,000 sq ft BSL-4 space, 50,000 sq ft BSL-3 space","Facility systems, utilities infrastructure, biological containment maintenance materials",Technical Safety Services (TSS),info@techsafety.com,https://techsafety.com,"California, USA","Testing, certification, and decommissioning of biocontainment facilities; decontamination services; laboratory equipment maintenance. (Confidence: 0.95)",
W9127826SSN251219-Legacy USAMRIID Building 1425 O&M with Repair and Minor Construction,SAM-Q7T40,https://sam.gov/search/?index=opp&page=1&sort=-modifiedDate&pageSize=25&sfX=1&keywords=W9127826SSN251219,Continuous 24/7 operations throughout the year,"Legacy Building 1425 (Crozier Building); approx. 10,000 sq ft BSL-4 space, 50,000 sq ft BSL-3 space","Facility systems, utilities infrastructure, biological containment maintenance materials",Merrick & Company,hello@merrick.com,https://www.merrick.com,"Colorado, USA","A&E services for high-containment laboratories (BSL-3/4), biosafety and biosecurity consulting, and facility transition planning. (Confidence: 0.90)",
W9127826SSN251219-Legacy USAMRIID Building 1425 O&M with Repair and Minor Construction,SAM-Q7T40,https://sam.gov/search/?index=opp&page=1&sort=-modifiedDate&pageSize=25&sfX=1&keywords=W9127826SSN251219,Continuous 24/7 operations throughout the year,"Legacy Building 1425 (Crozier Building); approx. 10,000 sq ft BSL-4 space, 50,000 sq ft BSL-3 space","Facility systems, utilities infrastructure, biological containment maintenance materials",Rasmussen Mechanical Services (BalCon),sales@rasmech.com,https://www.rasmech.com,"Iowa, USA","Industrial HVAC, boiler repair, and laboratory airflow control systems maintenance (specialized Lab Safety Division). (Confidence: 0.85)",
W9127826SSN251219-Legacy USAMRIID Building 1425 O&M with Repair and Minor Construction,SAM-Q7T40,https://sam.gov/search/?index=opp&page=1&sort=-modifiedDate&pageSize=25&sfX=1&keywords=W9127826SSN251219,Continuous 24/7 operations throughout the year,"Legacy Building 1425 (Crozier Building); approx. 10,000 sq ft BSL-4 space, 50,000 sq ft BSL-3 space","Facility systems, utilities infrastructure, biological containment maintenance materials",Presray Corporation,info@presray.com,https://presray.com,"New York, USA",Manufacturer of critical airtight doors and barrier systems for BSL-3 and BSL-4 laboratories. (Confidence: 0.95),
W9127826SSN251219-Legacy USAMRIID Building 1425 O&M with Repair and Minor Construction,SAM-Q7T40,https://sam.gov/search/?index=opp&page=1&sort=-modifiedDate&pageSize=25&sfX=1&keywords=W9127826SSN251219,Continuous 24/7 operations throughout the year,"Legacy Building 1425 (Crozier Building); approx. 10,000 sq ft BSL-4 space, 50,000 sq ft BSL-3 space","Facility systems, utilities infrastructure, biological containment maintenance materials",Dortek,us-sales@dortek.com,https://dortek.com,"Pennsylvania, USA",Hygienic GRP and airtight door systems specifically designed for high-containment and pharmaceutical facilities. (Confidence: 0.90),
W9127826SSN251219-Legacy USAMRIID Building 1425 O&M with Repair and Minor Construction,SAM-Q7T40,https://sam.gov/search/?index=opp&page=1&sort=-modifiedDate&pageSize=25&sfX=1&keywords=W9127826SSN251219,Continuous 24/7 operations throughout the year,"Legacy Building 1425 (Crozier Building); approx. 10,000 sq ft BSL-4 space, 50,000 sq ft BSL-3 space","Facility systems, utilities infrastructure, biological containment maintenance materials",Terra Universal,info@terrauniversal.com,https://www.terrauniversal.com,"California, USA","Manufacturer of cleanroom equipment, pass-throughs, desiccation cabinets, and bio-safe lab furnishings. (Confidence: 0.90)",
W9127826SSN251219-Legacy USAMRIID Building 1425 O&M with Repair and Minor Construction,SAM-Q7T40,https://sam.gov/search/?index=opp&page=1&sort=-modifiedDate&pageSize=25&sfX=1&keywords=W9127826SSN251219,Continuous 24/7 operations throughout the year,"Legacy Building 1425 (Crozier Building); approx. 10,000 sq ft BSL-4 space, 50,000 sq ft BSL-3 space","Facility systems, utilities infrastructure, biological containment maintenance materials",Labconco Corporation,labconco@labconco.com,https://www.labconco.com,"Missouri, USA","Manufacturer of biological safety cabinets (BSCs), fume hoods, and laboratory enclosures for containment. (Confidence: 0.95)",
W9127826SSN251219-Legacy USAMRIID Building 1425 O&M with Repair and Minor Construction,SAM-Q7T40,https://sam.gov/search/?index=opp&page=1&sort=-modifiedDate&pageSize=25&sfX=1&keywords=W9127826SSN251219,Continuous 24/7 operations throughout the year,"Legacy Building 1425 (Crozier Building); approx. 10,000 sq ft BSL-4 space, 50,000 sq ft BSL-3 space","Facility systems, utilities infrastructure, biological containment maintenance materials",Esco Lifesciences,eti.sales@escolifesciences.com,https://www.escolifesciences.com,"Pennsylvania, USA","Global manufacturer of biosafety cabinets, incubators, and containment equipment for BSL-3/4 labs. (Confidence: 0.95)",
W9127826SSN251219-Legacy USAMRIID Building 1425 O&M with Repair and Minor Construction,SAM-Q7T40,https://sam.gov/search/?index=opp&page=1&sort=-modifiedDate&pageSize=25&sfX=1&keywords=W9127826SSN251219,Continuous 24/7 operations throughout the year,"Legacy Building 1425 (Crozier Building); approx. 10,000 sq ft BSL-4 space, 50,000 sq ft BSL-3 space","Facility systems, utilities infrastructure, biological containment maintenance materials",NuAire,nuaire@nuaire.com,https://www.nuaire.com,"Minnesota, USA","Manufacturer of ergonomic biosafety cabinets, CO2 incubators, and ultralow freezers for research labs. (Confidence: 0.95)",
W9127826SSN251219-Legacy USAMRIID Building 1425 O&M with Repair and Minor Construction,SAM-Q7T40,https://sam.gov/search/?index=opp&page=1&sort=-modifiedDate&pageSize=25&sfX=1&keywords=W9127826SSN251219,Continuous 24/7 operations throughout the year,"Legacy Building 1425 (Crozier Building); approx. 10,000 sq ft BSL-4 space, 50,000 sq ft BSL-3 space","Facility systems, utilities infrastructure, biological containment maintenance materials",The Baker Company,bakerco@bakerco.com,https://www.bakerco.com,"Maine, USA",Pioneer in biological safety cabinets and contamination control equipment for high-containment research. (Confidence: 0.95),
W9127826SSN251219-Legacy USAMRIID Building 1425 O&M with Repair and Minor Construction,SAM-Q7T40,https://sam.gov/search/?index=opp&page=1&sort=-modifiedDate&pageSize=25&sfX=1&keywords=W9127826SSN251219,Continuous 24/7 operations throughout the year,"Legacy Building 1425 (Crozier Building); approx. 10,000 sq ft BSL-4 space, 50,000 sq ft BSL-3 space","Facility systems, utilities infrastructure, biological containment maintenance materials",Germfree Laboratories,info@germfree.com,https://www.germfree.com,"Florida, USA",Custom manufacturer of mobile and modular biocontainment laboratories (BSL-3) and laminar flow equipment. (Confidence: 0.95),
W9127826SSN251219-Legacy USAMRIID Building 1425 O&M with Repair and Minor Construction,SAM-Q7T40,https://sam.gov/search/?index=opp&page=1&sort=-modifiedDate&pageSize=25&sfX=1&keywords=W9127826SSN251219,Continuous 24/7 operations throughout the year,"Legacy Building 1425 (Crozier Building); approx. 10,000 sq ft BSL-4 space, 50,000 sq ft BSL-3 space","Facility systems, utilities infrastructure, biological containment maintenance materials",Getinge,customercare-US@getinge.com,https://www.getinge.com,"New Jersey, USA",Service and maintenance of sterilization (autoclaves) and contamination prevention equipment in life science labs. (Confidence: 0.90),
W9127826SSN251219-Legacy USAMRIID Building 1425 O&M with Repair and Minor Construction,SAM-Q7T40,https://sam.gov/search/?index=opp&page=1&sort=-modifiedDate&pageSize=25&sfX=1&keywords=W9127826SSN251219,Continuous 24/7 operations throughout the year,"Legacy Building 1425 (Crozier Building); approx. 10,000 sq ft BSL-4 space, 50,000 sq ft BSL-3 space","Facility systems, utilities infrastructure, biological containment maintenance materials",STERIS Life Sciences,lifesciences@steris.com,https://www.sterislifesciences.com,"Ohio, USA","Vaporized Hydrogen Peroxide (VHP) decontamination systems, sterilizers, and biodecontamination services. (Confidence: 0.95)",
W9127826SSN251219-Legacy USAMRIID Building 1425 O&M with Repair and Minor Construction,SAM-Q7T40,https://sam.gov/search/?index=opp&page=1&sort=-modifiedDate&pageSize=25&sfX=1&keywords=W9127826SSN251219,Continuous 24/7 operations throughout the year,"Legacy Building 1425 (Crozier Building); approx. 10,000 sq ft BSL-4 space, 50,000 sq ft BSL-3 space","Facility systems, utilities infrastructure, biological containment maintenance materials",Bioquell (Ecolab),solutions@bioquell.com,https://www.bioquell.com,"Pennsylvania, USA",Hydrogen peroxide vapor bio-decontamination systems and services for high-containment facility recovery. (Confidence: 0.95),
W9127826SSN251219-Legacy USAMRIID Building 1425 O&M with Repair and Minor Construction,SAM-Q7T40,https://sam.gov/search/?index=opp&page=1&sort=-modifiedDate&pageSize=25&sfX=1&keywords=W9127826SSN251219,Continuous 24/7 operations throughout the year,"Legacy Building 1425 (Crozier Building); approx. 10,000 sq ft BSL-4 space, 50,000 sq ft BSL-3 space","Facility systems, utilities infrastructure, biological containment maintenance materials",Suncombe,salesdept@suncombe.com,https://www.suncombe.com,United Kingdom / USA Service,Manufacturer of Effluent Decontamination Systems (EDS) and biowaste treatment plants for BSL-3/4 facilities. (Confidence: 0.95),
W9127826SSN251219-Legacy USAMRIID Building 1425 O&M with Repair and Minor Construction,SAM-Q7T40,https://sam.gov/search/?index=opp&page=1&sort=-modifiedDate&pageSize=25&sfX=1&keywords=W9127826SSN251219,Continuous 24/7 operations throughout the year,"Legacy Building 1425 (Crozier Building); approx. 10,000 sq ft BSL-4 space, 50,000 sq ft BSL-3 space","Facility systems, utilities infrastructure, biological containment maintenance materials",Actini Group,sales@actini.com,https://www.actini.com,France / USA Division,Design and manufacture of continuous flow effluent decontamination systems for biopharma and containment labs. (Confidence: 0.90),
W9127826SSN251219-Legacy USAMRIID Building 1425 O&M with Repair and Minor Construction,SAM-Q7T40,https://sam.gov/search/?index=opp&page=1&sort=-modifiedDate&pageSize=25&sfX=1&keywords=W9127826SSN251219,Continuous 24/7 operations throughout the year,"Legacy Building 1425 (Crozier Building); approx. 10,000 sq ft BSL-4 space, 50,000 sq ft BSL-3 space","Facility systems, utilities infrastructure, biological containment maintenance materials",Bio Response Solutions,info@bioresponsesolutions.com,https://bioresponsesolutions.com,"Indiana, USA",Specialist in alkaline hydrolysis and effluent decontamination systems (EDS) for biocontainment facilities. (Confidence: 0.95),
W9127826SSN251219-Legacy USAMRIID Building 1425 O&M with Repair and Minor Construction,SAM-Q7T40,https://sam.gov/search/?index=opp&page=1&sort=-modifiedDate&pageSize=25&sfX=1&keywords=W9127826SSN251219,Continuous 24/7 operations throughout the year,"Legacy Building 1425 (Crozier Building); approx. 10,000 sq ft BSL-4 space, 50,000 sq ft BSL-3 space","Facility systems, utilities infrastructure, biological containment maintenance materials",Pureflow Inc.,info@pureflowinc.com,https://www.pureflowinc.com,"North Carolina, USA","High-purity water system design, installation, and maintenance for laboratory and industrial applications. (Confidence: 0.85)",
W9127826SSN251219-Legacy USAMRIID Building 1425 O&M with Repair and Minor Construction,SAM-Q7T40,https://sam.gov/search/?index=opp&page=1&sort=-modifiedDate&pageSize=25&sfX=1&keywords=W9127826SSN251219,Continuous 24/7 operations throughout the year,"Legacy Building 1425 (Crozier Building); approx. 10,000 sq ft BSL-4 space, 50,000 sq ft BSL-3 space","Facility systems, utilities infrastructure, biological containment maintenance materials",Mar Cor Purification,orders.marcor@xylem.com,https://www.mcpur.com,"Massachusetts, USA",Water purification and filtration systems for medical and research laboratories (now part of Evoqua/Xylem). (Confidence: 0.85),
W9127826SSN251219-Legacy USAMRIID Building 1425 O&M with Repair and Minor Construction,SAM-Q7T40,https://sam.gov/search/?index=opp&page=1&sort=-modifiedDate&pageSize=25&sfX=1&keywords=W9127826SSN251219,Continuous 24/7 operations throughout the year,"Legacy Building 1425 (Crozier Building); approx. 10,000 sq ft BSL-4 space, 50,000 sq ft BSL-3 space","Facility systems, utilities infrastructure, biological containment maintenance materials",Evoqua Water Technologies,technicalservice.marcor@evoqua.com,https://www.evoqua.com,"Pennsylvania, USA","Industrial water treatment and wastewater systems maintenance, critical for lab utility infrastructure. (Confidence: 0.85)",
W9127826SSN251219-Legacy USAMRIID Building 1425 O&M with Repair and Minor Construction,SAM-Q7T40,https://sam.gov/search/?index=opp&page=1&sort=-modifiedDate&pageSize=25&sfX=1&keywords=W9127826SSN251219,Continuous 24/7 operations throughout the year,"Legacy Building 1425 (Crozier Building); approx. 10,000 sq ft BSL-4 space, 50,000 sq ft BSL-3 space","Facility systems, utilities infrastructure, biological containment maintenance materials",Plast-O-Matic Valves,info@plastomatic.com,https://www.plastomatic.com,"New Jersey, USA",Manufacturer of thermoplastic valves and controls for corrosive and ultrapure liquids (essential for EDS/waste). (Confidence: 0.90),
W9127826SSN251219-Legacy USAMRIID Building 1425 O&M with Repair and Minor Construction,SAM-Q7T40,https://sam.gov/search/?index=opp&page=1&sort=-modifiedDate&pageSize=25&sfX=1&keywords=W9127826SSN251219,Continuous 24/7 operations throughout the year,"Legacy Building 1425 (Crozier Building); approx. 10,000 sq ft BSL-4 space, 50,000 sq ft BSL-3 space","Facility systems, utilities infrastructure, biological containment maintenance materials",HEPA Filter Sales,sales@hepafiltersales.com,https://www.hepafiltersales.com,"New York, USA",Distributor of replacement HEPA and ULPA filters for biosafety cabinets and cleanroom HVAC systems. (Confidence: 0.85),
W9127826SSN251219-Legacy USAMRIID Building 1425 O&M with Repair and Minor Construction,SAM-Q7T40,https://sam.gov/search/?index=opp&page=1&sort=-modifiedDate&pageSize=25&sfX=1&keywords=W9127826SSN251219,Continuous 24/7 operations throughout the year,"Legacy Building 1425 (Crozier Building); approx. 10,000 sq ft BSL-4 space, 50,000 sq ft BSL-3 space","Facility systems, utilities infrastructure, biological containment maintenance materials",APC Filtration,inquiry@apcfilters.com,https://www.apcfilters.com,"Ontario, Canada / USA",Custom design and manufacturing of HEPA/ULPA air filters for critical containment and equipment. (Confidence: 0.85),
W9127826SSN251219-Legacy USAMRIID Building 1425 O&M with Repair and Minor Construction,SAM-Q7T40,https://sam.gov/search/?index=opp&page=1&sort=-modifiedDate&pageSize=25&sfX=1&keywords=W9127826SSN251219,Continuous 24/7 operations throughout the year,"Legacy Building 1425 (Crozier Building); approx. 10,000 sq ft BSL-4 space, 50,000 sq ft BSL-3 space","Facility systems, utilities infrastructure, biological containment maintenance materials",AFPRO Filters,sales@afprofilters.com,https://www.afprofilters.com,Netherlands / USA Distribution,Manufacturer of energy-efficient air filtration products for hospitals and laboratories. (Confidence: 0.80),
W9127826SSN251219-Legacy USAMRIID Building 1425 O&M with Repair and Minor Construction,SAM-Q7T40,https://sam.gov/search/?index=opp&page=1&sort=-modifiedDate&pageSize=25&sfX=1&keywords=W9127826SSN251219,Continuous 24/7 operations throughout the year,"Legacy Building 1425 (Crozier Building); approx. 10,000 sq ft BSL-4 space, 50,000 sq ft BSL-3 space","Facility systems, utilities infrastructure, biological containment maintenance materials",AAF International,marketing@aafintl.com,https://www.aafintl.com,"Kentucky, USA","Global leader in air filtration solutions, including Bag-In/Bag-Out (BIBO) housings for biocontainment. (Confidence: 0.90)",
W9127826SSN251219-Legacy USAMRIID Building 1425 O&M with Repair and Minor Construction,SAM-Q7T40,https://sam.gov/search/?index=opp&page=1&sort=-modifiedDate&pageSize=25&sfX=1&keywords=W9127826SSN251219,Continuous 24/7 operations throughout the year,"Legacy Building 1425 (Crozier Building); approx. 10,000 sq ft BSL-4 space, 50,000 sq ft BSL-3 space","Facility systems, utilities infrastructure, biological containment maintenance materials",Budzar Industries,sales@budzar.com,https://www.budzar.com,"Ohio, USA",Manufacturer and service provider for process liquid chillers and temperature control units. (Confidence: 0.85),
W9127826SSN251219-Legacy USAMRIID Building 1425 O&M with Repair and Minor Construction,SAM-Q7T40,https://sam.gov/search/?index=opp&page=1&sort=-modifiedDate&pageSize=25&sfX=1&keywords=W9127826SSN251219,Continuous 24/7 operations throughout the year,"Legacy Building 1425 (Crozier Building); approx. 10,000 sq ft BSL-4 space, 50,000 sq ft BSL-3 space","Facility systems, utilities infrastructure, biological containment maintenance materials",American Combustion Industries (ACI),service@aciindustries.com,https://aciindustries.com,"Maryland, USA","Regional (MD/DC) mechanical contractor specializing in industrial boiler, chiller, and HVAC maintenance. (Confidence: 0.90)",
W9127826SSN251219-Legacy USAMRIID Building 1425 O&M with Repair and Minor Construction,SAM-Q7T40,https://sam.gov/search/?index=opp&page=1&sort=-modifiedDate&pageSize=25&sfX=1&keywords=W9127826SSN251219,Continuous 24/7 operations throughout the year,"Legacy Building 1425 (Crozier Building); approx. 10,000 sq ft BSL-4 space, 50,000 sq ft BSL-3 space","Facility systems, utilities infrastructure, biological containment maintenance materials",Tate Engineering,info@tate.com,https://www.tate.com,"Maryland, USA","Industrial boiler installation, repair, and preventative maintenance services for commercial facilities. (Confidence: 0.85)",
W9127826SSN251219-Legacy USAMRIID Building 1425 O&M with Repair and Minor Construction,SAM-Q7T40,https://sam.gov/search/?index=opp&page=1&sort=-modifiedDate&pageSize=25&sfX=1&keywords=W9127826SSN251219,Continuous 24/7 operations throughout the year,"Legacy Building 1425 (Crozier Building); approx. 10,000 sq ft BSL-4 space, 50,000 sq ft BSL-3 space","Facility systems, utilities infrastructure, biological containment maintenance materials","Spartan Plumbing, Heating & Air",service@spartanman.com,https://www.spartanman.com,"Maryland, USA",Commercial boiler repair and mechanical services for large facilities in the DC/MD area. (Confidence: 0.80),
W9127826SSN251219-Legacy USAMRIID Building 1425 O&M with Repair and Minor Construction,SAM-Q7T40,https://sam.gov/search/?index=opp&page=1&sort=-modifiedDate&pageSize=25&sfX=1&keywords=W9127826SSN251219,Continuous 24/7 operations throughout the year,"Legacy Building 1425 (Crozier Building); approx. 10,000 sq ft BSL-4 space, 50,000 sq ft BSL-3 space","Facility systems, utilities infrastructure, biological containment maintenance materials",Angstrom Technology,info@angstromtechnology.com,https://angstromtechnology.com,"Michigan, USA","Cleanroom design, build, and maintenance services including wall and ceiling system repairs. (Confidence: 0.90)",
W9127826SSN251219-Legacy USAMRIID Building 1425 O&M with Repair and Minor Construction,SAM-Q7T40,https://sam.gov/search/?index=opp&page=1&sort=-modifiedDate&pageSize=25&sfX=1&keywords=W9127826SSN251219,Continuous 24/7 operations throughout the year,"Legacy Building 1425 (Crozier Building); approx. 10,000 sq ft BSL-4 space, 50,000 sq ft BSL-3 space","Facility systems, utilities infrastructure, biological containment maintenance materials",Performance Contracting Inc (PCI),cleanroom@pcg.com,https://www.performancecontracting.com,"Kansas, USA","Specialty contractor for cleanroom architectural systems, walls, ceilings, and cold storage integration. (Confidence: 0.85)",
W9127826SSN251219-Legacy USAMRIID Building 1425 O&M with Repair and Minor Construction,SAM-Q7T40,https://sam.gov/search/?index=opp&page=1&sort=-modifiedDate&pageSize=25&sfX=1&keywords=W9127826SSN251219,Continuous 24/7 operations throughout the year,"Legacy Building 1425 (Crozier Building); approx. 10,000 sq ft BSL-4 space, 50,000 sq ft BSL-3 space","Facility systems, utilities infrastructure, biological containment maintenance materials",Clean Rooms West,sales@cleanroomswest.com,https://www.cleanroomswest.com,"California, USA",Manufacturer and installer of modular cleanroom wall systems and components. (Confidence: 0.85),
W9127826SSN251219-Legacy USAMRIID Building 1425 O&M with Repair and Minor Construction,SAM-Q7T40,https://sam.gov/search/?index=opp&page=1&sort=-modifiedDate&pageSize=25&sfX=1&keywords=W9127826SSN251219,Continuous 24/7 operations throughout the year,"Legacy Building 1425 (Crozier Building); approx. 10,000 sq ft BSL-4 space, 50,000 sq ft BSL-3 space","Facility systems, utilities infrastructure, biological containment maintenance materials",American Cleanroom Systems,sales@americancleanrooms.com,https://www.americancleanrooms.com,"California, USA","Supplier of modular cleanroom walls, flooring, and airflow equipment. (Confidence: 0.85)",
W9127826SSN251219-Legacy USAMRIID Building 1425 O&M with Repair and Minor Construction,SAM-Q7T40,https://sam.gov/search/?index=opp&page=1&sort=-modifiedDate&pageSize=25&sfX=1&keywords=W9127826SSN251219,Continuous 24/7 operations throughout the year,"Legacy Building 1425 (Crozier Building); approx. 10,000 sq ft BSL-4 space, 50,000 sq ft BSL-3 space","Facility systems, utilities infrastructure, biological containment maintenance materials",F&C Floor Services,info@fcfloorservices.com,https://fcfloorservices.com,"Maryland, USA","Commercial flooring installation, repair, and refinishing services in the Maryland/DC region. (Confidence: 0.80)",
W9127826SSN251219-Legacy USAMRIID Building 1425 O&M with Repair and Minor Construction,SAM-Q7T40,https://sam.gov/search/?index=opp&page=1&sort=-modifiedDate&pageSize=25&sfX=1&keywords=W9127826SSN251219,Continuous 24/7 operations throughout the year,"Legacy Building 1425 (Crozier Building); approx. 10,000 sq ft BSL-4 space, 50,000 sq ft BSL-3 space","Facility systems, utilities infrastructure, biological containment maintenance materials",Barrett & Sons Coatings,info@barrettcoatings.com,http://www.barrettcoatings.com,"Maryland, USA",Industrial floor coatings and cleanroom flooring repair specialists serving Maryland. (Confidence: 0.85),
W9127826SSN251219-Legacy USAMRIID Building 1425 O&M with Repair and Minor Construction,SAM-Q7T40,https://sam.gov/search/?index=opp&page=1&sort=-modifiedDate&pageSize=25&sfX=1&keywords=W9127826SSN251219,Continuous 24/7 operations throughout the year,"Legacy Building 1425 (Crozier Building); approx. 10,000 sq ft BSL-4 space, 50,000 sq ft BSL-3 space","Facility systems, utilities infrastructure, biological containment maintenance materials",Havtech,info@havtech.com,https://www.havtech.com,"Maryland, USA",HVAC equipment supplier and service provider representing major manufacturers like AAF in the Mid-Atlantic. (Confidence: 0.85),
W9127826SSN251219-Legacy USAMRIID Building 1425 O&M with Repair and Minor Construction,SAM-Q7T40,https://sam.gov/search/?index=opp&page=1&sort=-modifiedDate&pageSize=25&sfX=1&keywords=W9127826SSN251219,Continuous 24/7 operations throughout the year,"Legacy Building 1425 (Crozier Building); approx. 10,000 sq ft BSL-4 space, 50,000 sq ft BSL-3 space","Facility systems, utilities infrastructure, biological containment maintenance materials",Safe Air Technology,sales@safeairtechnology.com,https://safeairtechnology.com,"Louisiana, USA",Manufacturer of explosion-proof and severe-duty HVAC systems for hazardous industrial environments. (Confidence: 0.85),
"Valve, Linear, Direct",SAM-DREAO,https://sam.gov/search/?index=opp&keywords=SPE7MC26Q0086,24 units,"5 inch pipe size, 3-Way Configuration, MIL-F-20042 / MIL-PRF-20042 Flange (Navy Flange), NSN 4810-01-463-2118","Copper Alloy / Bronze Body (likely Nickel Aluminum Bronze per MIL-B-24480), Monel internals",Metrex Valve Corp,info@metrexvalve.com,https://www.metrexvalve.com,"California, USA","Manufacturer of the exact NSN 4810-01-463-2118, Linear Direct 3-Way Valves, and MIL-Spec regulators.",1
"Valve, Linear, Direct",SAM-DREAO,https://sam.gov/search/?index=opp&keywords=SPE7MC26Q0086,24 units,"5 inch pipe size, 3-Way Configuration, MIL-F-20042 / MIL-PRF-20042 Flange (Navy Flange), NSN 4810-01-463-2118","Copper Alloy / Bronze Body (likely Nickel Aluminum Bronze per MIL-B-24480), Monel internals",Dante Valve Company,sales@dantevalve.com,https://www.dantevalve.com,"California/Virginia, USA","Manufacturer and distributor of MIL-F-20042 flanges, pressure relief valves, and Navy marine valves.",0.98
"Valve, Linear, Direct",SAM-DREAO,https://sam.gov/search/?index=opp&keywords=SPE7MC26Q0086,24 units,"5 inch pipe size, 3-Way Configuration, MIL-F-20042 / MIL-PRF-20042 Flange (Navy Flange), NSN 4810-01-463-2118","Copper Alloy / Bronze Body (likely Nickel Aluminum Bronze per MIL-B-24480), Monel internals",Milwaukee Valve Company,marine@milwaukeevalve.com,https://www.milwaukeevalve.com,"Wisconsin, USA","Major manufacturer of MIL-Spec marine valves, including bronze and Monel trim configurations.",0.95
"Valve, Linear, Direct",SAM-DREAO,https://sam.gov/search/?index=opp&keywords=SPE7MC26Q0086,24 units,"5 inch pipe size, 3-Way Configuration, MIL-F-20042 / MIL-PRF-20042 Flange (Navy Flange), NSN 4810-01-463-2118","Copper Alloy / Bronze Body (likely Nickel Aluminum Bronze per MIL-B-24480), Monel internals",Erie Bronze & Aluminum,sales@eriebronze.com,https://www.eriebronze.com,"Pennsylvania, USA",Manufacturer of MIL-B-24480 Aluminum Bronze castings and valve components for the US Navy.,0.95
"Valve, Linear, Direct",SAM-DREAO,https://sam.gov/search/?index=opp&keywords=SPE7MC26Q0086,24 units,"5 inch pipe size, 3-Way Configuration, MIL-F-20042 / MIL-PRF-20042 Flange (Navy Flange), NSN 4810-01-463-2118","Copper Alloy / Bronze Body (likely Nickel Aluminum Bronze per MIL-B-24480), Monel internals",Shipham Valves,valvesales@shiphamvalves.com,https://www.shiphamvalves.com,"Brough, United Kingdom",World leader in Nickel Aluminum Bronze (NAB) and Monel valves for marine and naval applications.,0.95
"Valve, Linear, Direct",SAM-DREAO,https://sam.gov/search/?index=opp&keywords=SPE7MC26Q0086,24 units,"5 inch pipe size, 3-Way Configuration, MIL-F-20042 / MIL-PRF-20042 Flange (Navy Flange), NSN 4810-01-463-2118","Copper Alloy / Bronze Body (likely Nickel Aluminum Bronze per MIL-B-24480), Monel internals",W&O Supply,sales@wosupply.com,https://www.wosupply.com,"Florida, USA","Largest supplier of marine valves, pipe, and fittings, stocking MIL-spec bronze and Monel valves.",0.92
"Valve, Linear, Direct",SAM-DREAO,https://sam.gov/search/?index=opp&keywords=SPE7MC26Q0086,24 units,"5 inch pipe size, 3-Way Configuration, MIL-F-20042 / MIL-PRF-20042 Flange (Navy Flange), NSN 4810-01-463-2118","Copper Alloy / Bronze Body (likely Nickel Aluminum Bronze per MIL-B-24480), Monel internals","Tork Systems, Inc.",sales@torksystems.com,https://www.torksystems.com,"California, USA","Distributor specializing in Marine & Navy valves, flanges (MIL-F-20042), and fittings.",0.92
"Valve, Linear, Direct",SAM-DREAO,https://sam.gov/search/?index=opp&keywords=SPE7MC26Q0086,24 units,"5 inch pipe size, 3-Way Configuration, MIL-F-20042 / MIL-PRF-20042 Flange (Navy Flange), NSN 4810-01-463-2118","Copper Alloy / Bronze Body (likely Nickel Aluminum Bronze per MIL-B-24480), Monel internals",Leslie Controls (CIRCOR),sales@lesliecontrols.com,https://www.circor.com/leslie-controls,"Florida, USA",Manufacturer of high-performance control valves and regulators for US Navy ships.,0.92
"Valve, Linear, Direct",SAM-DREAO,https://sam.gov/search/?index=opp&keywords=SPE7MC26Q0086,24 units,"5 inch pipe size, 3-Way Configuration, MIL-F-20042 / MIL-PRF-20042 Flange (Navy Flange), NSN 4810-01-463-2118","Copper Alloy / Bronze Body (likely Nickel Aluminum Bronze per MIL-B-24480), Monel internals",Cla-Val Company,marineproducts@cla-val.com,https://www.cla-val.com,"California, USA","Manufacturer of automatic control valves, solenoid valves, and fire protection valves for marine use.",0.9
"Valve, Linear, Direct",SAM-DREAO,https://sam.gov/search/?index=opp&keywords=SPE7MC26Q0086,24 units,"5 inch pipe size, 3-Way Configuration, MIL-F-20042 / MIL-PRF-20042 Flange (Navy Flange), NSN 4810-01-463-2118","Copper Alloy / Bronze Body (likely Nickel Aluminum Bronze per MIL-B-24480), Monel internals",CPV Manufacturing,sales@cpvmfg.com,https://www.cpvmfg.com,"Pennsylvania, USA",Manufacturer of high-pressure valves and fittings for Navy and marine applications.,0.9
"Valve, Linear, Direct",SAM-DREAO,https://sam.gov/search/?index=opp&keywords=SPE7MC26Q0086,24 units,"5 inch pipe size, 3-Way Configuration, MIL-F-20042 / MIL-PRF-20042 Flange (Navy Flange), NSN 4810-01-463-2118","Copper Alloy / Bronze Body (likely Nickel Aluminum Bronze per MIL-B-24480), Monel internals",Hunt Valve (Fairbanks Morse Defense),sales@huntvalve.com,https://www.huntvalve.com,"Ohio, USA",Specializes in severe-duty valves and actuators for US Navy surface ships and submarines.,0.9
"Valve, Linear, Direct",SAM-DREAO,https://sam.gov/search/?index=opp&keywords=SPE7MC26Q0086,24 units,"5 inch pipe size, 3-Way Configuration, MIL-F-20042 / MIL-PRF-20042 Flange (Navy Flange), NSN 4810-01-463-2118","Copper Alloy / Bronze Body (likely Nickel Aluminum Bronze per MIL-B-24480), Monel internals",Derbyshire Marine Products,sales@derbyshiremarine.com,https://www.derbyshiremarine.com,"Pennsylvania, USA",Manufacturer of CNS (Copper Nickel) and bronze valves and fittings for marine environments.,0.88
"Valve, Linear, Direct",SAM-DREAO,https://sam.gov/search/?index=opp&keywords=SPE7MC26Q0086,24 units,"5 inch pipe size, 3-Way Configuration, MIL-F-20042 / MIL-PRF-20042 Flange (Navy Flange), NSN 4810-01-463-2118","Copper Alloy / Bronze Body (likely Nickel Aluminum Bronze per MIL-B-24480), Monel internals",World Wide Metric,sales@worldwidemetric.com,https://www.worldwidemetric.com,"New Jersey, USA",Global wholesale distributor of metric and ANSI marine valves and flanges.,0.88
"Valve, Linear, Direct",SAM-DREAO,https://sam.gov/search/?index=opp&keywords=SPE7MC26Q0086,24 units,"5 inch pipe size, 3-Way Configuration, MIL-F-20042 / MIL-PRF-20042 Flange (Navy Flange), NSN 4810-01-463-2118","Copper Alloy / Bronze Body (likely Nickel Aluminum Bronze per MIL-B-24480), Monel internals",DFT Inc.,dft@dft-valves.com,https://www.dft-valves.com,"Pennsylvania, USA",Manufacturer of check valves and severe service control valves used in marine systems.,0.88
"Valve, Linear, Direct",SAM-DREAO,https://sam.gov/search/?index=opp&keywords=SPE7MC26Q0086,24 units,"5 inch pipe size, 3-Way Configuration, MIL-F-20042 / MIL-PRF-20042 Flange (Navy Flange), NSN 4810-01-463-2118","Copper Alloy / Bronze Body (likely Nickel Aluminum Bronze per MIL-B-24480), Monel internals",Watson McDaniel,sales@watsonmcdaniel.com,https://www.watsonmcdaniel.com,"Pennsylvania, USA","Manufacturer of steam traps, regulators, and fluid control specialties.",0.85
"Valve, Linear, Direct",SAM-DREAO,https://sam.gov/search/?index=opp&keywords=SPE7MC26Q0086,24 units,"5 inch pipe size, 3-Way Configuration, MIL-F-20042 / MIL-PRF-20042 Flange (Navy Flange), NSN 4810-01-463-2118","Copper Alloy / Bronze Body (likely Nickel Aluminum Bronze per MIL-B-24480), Monel internals",Velan Valve Corp.,sales@velan.com,https://www.velan.com,"Montreal, Canada",Global manufacturer of industrial valves with a dedicated marine and navy product line.,0.85
"Valve, Linear, Direct",SAM-DREAO,https://sam.gov/search/?index=opp&keywords=SPE7MC26Q0086,24 units,"5 inch pipe size, 3-Way Configuration, MIL-F-20042 / MIL-PRF-20042 Flange (Navy Flange), NSN 4810-01-463-2118","Copper Alloy / Bronze Body (likely Nickel Aluminum Bronze per MIL-B-24480), Monel internals",Flowserve Corp.,fsir@flowserve.com,https://www.flowserve.com,"Texas, USA",Manufacturer of Worcester Controls and other marine valve brands (Nickel Aluminum Bronze capabilities).,0.85
"Valve, Linear, Direct",SAM-DREAO,https://sam.gov/search/?index=opp&keywords=SPE7MC26Q0086,24 units,"5 inch pipe size, 3-Way Configuration, MIL-F-20042 / MIL-PRF-20042 Flange (Navy Flange), NSN 4810-01-463-2118","Copper Alloy / Bronze Body (likely Nickel Aluminum Bronze per MIL-B-24480), Monel internals",Jordan Valve,jordan@richardsind.com,https://www.jordanvalve.com,"Ohio, USA",Manufacturer of sliding gate regulators and control valves for industrial and marine use.,0.85
"Valve, Linear, Direct",SAM-DREAO,https://sam.gov/search/?index=opp&keywords=SPE7MC26Q0086,24 units,"5 inch pipe size, 3-Way Configuration, MIL-F-20042 / MIL-PRF-20042 Flange (Navy Flange), NSN 4810-01-463-2118","Copper Alloy / Bronze Body (likely Nickel Aluminum Bronze per MIL-B-24480), Monel internals",Perko Inc.,sales@perko.com,https://www.perko.com,"Florida, USA","Manufacturer of marine hardware, intake strainers, and seacocks (bronze).",0.82
"Valve, Linear, Direct",SAM-DREAO,https://sam.gov/search/?index=opp&keywords=SPE7MC26Q0086,24 units,"5 inch pipe size, 3-Way Configuration, MIL-F-20042 / MIL-PRF-20042 Flange (Navy Flange), NSN 4810-01-463-2118","Copper Alloy / Bronze Body (likely Nickel Aluminum Bronze per MIL-B-24480), Monel internals",Groco (Gross Mechanical Labs),info@groco.net,https://www.groco.net,"Maryland, USA","Manufacturer of marine bronze valves, seacocks, and strainers.",0.82
"Valve, Linear, Direct",SAM-DREAO,https://sam.gov/search/?index=opp&keywords=SPE7MC26Q0086,24 units,"5 inch pipe size, 3-Way Configuration, MIL-F-20042 / MIL-PRF-20042 Flange (Navy Flange), NSN 4810-01-463-2118","Copper Alloy / Bronze Body (likely Nickel Aluminum Bronze per MIL-B-24480), Monel internals",Apollo Valves (Aalberts),sales@apollovalves.com,https://www.apollovalves.com,"North Carolina, USA",Manufacturer of bronze 3-way diverter valves and marine ball valves.,0.82
"Valve, Linear, Direct",SAM-DREAO,https://sam.gov/search/?index=opp&keywords=SPE7MC26Q0086,24 units,"5 inch pipe size, 3-Way Configuration, MIL-F-20042 / MIL-PRF-20042 Flange (Navy Flange), NSN 4810-01-463-2118","Copper Alloy / Bronze Body (likely Nickel Aluminum Bronze per MIL-B-24480), Monel internals",William E. Williams Valve Corp,sales@williamsvalve.com,https://www.williamsvalve.com,"New York, USA",Manufacturer of bronze and steel valves for marine and military applications.,0.88
"Valve, Linear, Direct",SAM-DREAO,https://sam.gov/search/?index=opp&keywords=SPE7MC26Q0086,24 units,"5 inch pipe size, 3-Way Configuration, MIL-F-20042 / MIL-PRF-20042 Flange (Navy Flange), NSN 4810-01-463-2118","Copper Alloy / Bronze Body (likely Nickel Aluminum Bronze per MIL-B-24480), Monel internals",Newmans Valve,sales@newmansvalves.com,https://www.newmansvalves.com,"Texas, USA","Master distributor of industrial valves, including marine and high-alloy specifications.",0.8
"Valve, Linear, Direct",SAM-DREAO,https://sam.gov/search/?index=opp&keywords=SPE7MC26Q0086,24 units,"5 inch pipe size, 3-Way Configuration, MIL-F-20042 / MIL-PRF-20042 Flange (Navy Flange), NSN 4810-01-463-2118","Copper Alloy / Bronze Body (likely Nickel Aluminum Bronze per MIL-B-24480), Monel internals",Hiller Systems,sales@hillerva.com,https://www.hillerfire.com,"Virginia, USA",Supplier and integrator of marine fire protection valves and systems (often MIL-spec).,0.85
"Valve, Linear, Direct",SAM-DREAO,https://sam.gov/search/?index=opp&keywords=SPE7MC26Q0086,24 units,"5 inch pipe size, 3-Way Configuration, MIL-F-20042 / MIL-PRF-20042 Flange (Navy Flange), NSN 4810-01-463-2118","Copper Alloy / Bronze Body (likely Nickel Aluminum Bronze per MIL-B-24480), Monel internals",M&M Control Service,sales@mmcontrol.com,https://www.mmcontrol.com,"Illinois, USA","Distributor for Stockham, Crane, and other marine/industrial valve brands.",0.8
"Valve, Linear, Direct",SAM-DREAO,https://sam.gov/search/?index=opp&keywords=SPE7MC26Q0086,24 units,"5 inch pipe size, 3-Way Configuration, MIL-F-20042 / MIL-PRF-20042 Flange (Navy Flange), NSN 4810-01-463-2118","Copper Alloy / Bronze Body (likely Nickel Aluminum Bronze per MIL-B-24480), Monel internals",Defense Maritime Solutions,info@dmsamerica.com,https://www.dmsamerica.com,"Virginia, USA",Service and supply for marine propulsion and fluid systems (formerly Wartsila Defense).,0.85
"Valve, Linear, Direct",SAM-DREAO,https://sam.gov/search/?index=opp&keywords=SPE7MC26Q0086,24 units,"5 inch pipe size, 3-Way Configuration, MIL-F-20042 / MIL-PRF-20042 Flange (Navy Flange), NSN 4810-01-463-2118","Copper Alloy / Bronze Body (likely Nickel Aluminum Bronze per MIL-B-24480), Monel internals",Aeliya Marine Tech,sales@aeliyamarinetech.com,https://www.aeliyamarinetech.com,"Gujarat, India","Stockist of ship machinery and spare valves, often has specific discontinued or surplus marine items.",0.75
"Valve, Linear, Direct",SAM-DREAO,https://sam.gov/search/?index=opp&keywords=SPE7MC26Q0086,24 units,"5 inch pipe size, 3-Way Configuration, MIL-F-20042 / MIL-PRF-20042 Flange (Navy Flange), NSN 4810-01-463-2118","Copper Alloy / Bronze Body (likely Nickel Aluminum Bronze per MIL-B-24480), Monel internals",ASI Marine & Industrial,sales@asimarineandindustrial.com,https://www.asimarineandindustrial.com,"California, USA","Distributor of CPV, Parker, and other marine fluid power components.",0.8
"Valve, Linear, Direct",SAM-DREAO,https://sam.gov/search/?index=opp&keywords=SPE7MC26Q0086,24 units,"5 inch pipe size, 3-Way Configuration, MIL-F-20042 / MIL-PRF-20042 Flange (Navy Flange), NSN 4810-01-463-2118","Copper Alloy / Bronze Body (likely Nickel Aluminum Bronze per MIL-B-24480), Monel internals",Navalex International,sales@navalex.com,https://www.navalex.com,"Florida, USA",International distributor for Perko and other marine equipment manufacturers.,0.78
"Valve, Linear, Direct",SAM-DREAO,https://sam.gov/search/?index=opp&keywords=SPE7MC26Q0086,24 units,"5 inch pipe size, 3-Way Configuration, MIL-F-20042 / MIL-PRF-20042 Flange (Navy Flange), NSN 4810-01-463-2118","Copper Alloy / Bronze Body (likely Nickel Aluminum Bronze per MIL-B-24480), Monel internals",High Pressure Equipment (Haskell),sales@haskel.com,https://www.haskel.com,"California, USA","Manufacturer of high-pressure valves and systems, often used in naval applications.",0.78
"Valve, Linear, Direct",SAM-DREAO,https://sam.gov/search/?index=opp&keywords=SPE7MC26Q0086,24 units,"5 inch pipe size, 3-Way Configuration, MIL-F-20042 / MIL-PRF-20042 Flange (Navy Flange), NSN 4810-01-463-2118","Copper Alloy / Bronze Body (likely Nickel Aluminum Bronze per MIL-B-24480), Monel internals",Cincinnati Valve Company,sales@cincinnativalve.com,https://www.cincinnativalve.com,"Ohio, USA",Manufacturer continuing the Lunkenheimer line of marine bronze valves.,0.88
"Valve, Linear, Direct",SAM-DREAO,https://sam.gov/search/?index=opp&keywords=SPE7MC26Q0086,24 units,"5 inch pipe size, 3-Way Configuration, MIL-F-20042 / MIL-PRF-20042 Flange (Navy Flange), NSN 4810-01-463-2118","Copper Alloy / Bronze Body (likely Nickel Aluminum Bronze per MIL-B-24480), Monel internals",Keckley Company,sales@keckley.com,https://www.keckley.com,"Illinois, USA",Manufacturer of pipeline strainers and check valves for marine use.,0.8
"Valve, Linear, Direct",SAM-DREAO,https://sam.gov/search/?index=opp&keywords=SPE7MC26Q0086,24 units,"5 inch pipe size, 3-Way Configuration, MIL-F-20042 / MIL-PRF-20042 Flange (Navy Flange), NSN 4810-01-463-2118","Copper Alloy / Bronze Body (likely Nickel Aluminum Bronze per MIL-B-24480), Monel internals",DeZURIK,info@dezurik.com,https://www.dezurik.com,"Minnesota, USA",Manufacturer of high-performance valves for water and marine infrastructure.,0.82
"Valve, Linear, Direct",SAM-DREAO,https://sam.gov/search/?index=opp&keywords=SPE7MC26Q0086,24 units,"5 inch pipe size, 3-Way Configuration, MIL-F-20042 / MIL-PRF-20042 Flange (Navy Flange), NSN 4810-01-463-2118","Copper Alloy / Bronze Body (likely Nickel Aluminum Bronze per MIL-B-24480), Monel internals",Bray International,sales@bray.com,https://www.bray.com,"Texas, USA",Major manufacturer of butterfly valves and actuators used in marine seawater systems.,0.82
"Valve, Linear, Direct",SAM-DREAO,https://sam.gov/search/?index=opp&keywords=SPE7MC26Q0086,24 units,"5 inch pipe size, 3-Way Configuration, MIL-F-20042 / MIL-PRF-20042 Flange (Navy Flange), NSN 4810-01-463-2118","Copper Alloy / Bronze Body (likely Nickel Aluminum Bronze per MIL-B-24480), Monel internals",Mar-Val,sales@mar-val.com,https://www.mar-val.com,"Louisiana, USA",Distributor specializing in marine valves and fittings.,0.85
"Valve, Linear, Direct",SAM-DREAO,https://sam.gov/search/?index=opp&keywords=SPE7MC26Q0086,24 units,"5 inch pipe size, 3-Way Configuration, MIL-F-20042 / MIL-PRF-20042 Flange (Navy Flange), NSN 4810-01-463-2118","Copper Alloy / Bronze Body (likely Nickel Aluminum Bronze per MIL-B-24480), Monel internals",Johnson Valve,sales@johnson-valves.com,https://www.johnson-valves.com,"Southampton, United Kingdom","Supplier of marine valves and fittings, capable of sourcing specific bronze configurations.",0.8
"Valve, Linear, Direct",SAM-DREAO,https://sam.gov/search/?index=opp&keywords=SPE7MC26Q0086,24 units,"5 inch pipe size, 3-Way Configuration, MIL-F-20042 / MIL-PRF-20042 Flange (Navy Flange), NSN 4810-01-463-2118","Copper Alloy / Bronze Body (likely Nickel Aluminum Bronze per MIL-B-24480), Monel internals",Parker Hannifin (Instrumentation),instrumentation@parker.com,https://www.parker.com,"Ohio, USA",Manufacturer of instrumentation valves and manifolds for marine applications.,0.8
"Valve, Linear, Direct",SAM-DREAO,https://sam.gov/search/?index=opp&keywords=SPE7MC26Q0086,24 units,"5 inch pipe size, 3-Way Configuration, MIL-F-20042 / MIL-PRF-20042 Flange (Navy Flange), NSN 4810-01-463-2118","Copper Alloy / Bronze Body (likely Nickel Aluminum Bronze per MIL-B-24480), Monel internals","Pima Valve, Inc.",sales@pimavalve.com,https://www.pimavalve.com,"Arizona, USA","Manufacturer of bronze marine valves, specifically for Navy/Coast Guard.",0.9
"Valve, Linear, Direct",SAM-DREAO,https://sam.gov/search/?index=opp&keywords=SPE7MC26Q0086,24 units,"5 inch pipe size, 3-Way Configuration, MIL-F-20042 / MIL-PRF-20042 Flange (Navy Flange), NSN 4810-01-463-2118","Copper Alloy / Bronze Body (likely Nickel Aluminum Bronze per MIL-B-24480), Monel internals",Automatic Switch Co. (ASCO),info-valve@asco.com,https://www.emerson.com/en-us/automation/asco,"New Jersey, USA",Manufacturer of 3-way solenoid valves widely used in marine automation.,0.85
"Valve, Linear, Direct",SAM-DREAO,https://sam.gov/search/?index=opp&keywords=SPE7MC26Q0086,24 units,"5 inch pipe size, 3-Way Configuration, MIL-F-20042 / MIL-PRF-20042 Flange (Navy Flange), NSN 4810-01-463-2118","Copper Alloy / Bronze Body (likely Nickel Aluminum Bronze per MIL-B-24480), Monel internals",Fairbanks Morse Defense,sales@fmdefense.com,https://www.fairbanksmorsedefense.com,"Wisconsin, USA",Defense contractor providing marine power and valve systems (owns Hunt Valve).,0.9
Operation & Maintenance of the South Bay Wastewater Treatment Plant,SAM-799ZQ,https://sam.gov/search/?index=opp&keywords=191BWC26R0001,5 years (1 Base Year + 4 Option Years),"25 MGD (Current), expanding to 50-60 MGD","Wastewater treatment consumables (chemicals, fuel, sludge)",Bond Water Technologies,info@bondwater.com,https://www.bondwater.com,"Maryland, USA",Commercial and industrial water treatment chemicals and HVAC rehab,0.95
Operation & Maintenance of the South Bay Wastewater Treatment Plant,SAM-799ZQ,https://sam.gov/search/?index=opp&keywords=191BWC26R0001,5 years (1 Base Year + 4 Option Years),"25 MGD (Current), expanding to 50-60 MGD","Wastewater treatment consumables (chemicals, fuel, sludge)",Alexander Chemical Corporation,Info@alexchem.com,https://www.alexanderchemical.com,"Indiana, USA",Manufacturer and distributor of water purification chemicals including chlorine and bleach,0.95
Operation & Maintenance of the South Bay Wastewater Treatment Plant,SAM-799ZQ,https://sam.gov/search/?index=opp&keywords=191BWC26R0001,5 years (1 Base Year + 4 Option Years),"25 MGD (Current), expanding to 50-60 MGD","Wastewater treatment consumables (chemicals, fuel, sludge)",SNF Holding Company,SNFMarketing@snf.com,https://www.snf.com,"Georgia, USA",Global leader in polyacrylamide manufacturing for water and wastewater treatment,0.98
Operation & Maintenance of the South Bay Wastewater Treatment Plant,SAM-799ZQ,https://sam.gov/search/?index=opp&keywords=191BWC26R0001,5 years (1 Base Year + 4 Option Years),"25 MGD (Current), expanding to 50-60 MGD","Wastewater treatment consumables (chemicals, fuel, sludge)",WaterSurplus,info@watersurplus.com,https://www.watersurplus.com,"Illinois, USA","Sustainable water treatment solutions, equipment rental, and media filtration",0.9
Operation & Maintenance of the South Bay Wastewater Treatment Plant,SAM-799ZQ,https://sam.gov/search/?index=opp&keywords=191BWC26R0001,5 years (1 Base Year + 4 Option Years),"25 MGD (Current), expanding to 50-60 MGD","Wastewater treatment consumables (chemicals, fuel, sludge)",Hydrite Chemical Co.,marketing@hydrite.com,https://www.hydrite.com,"Wisconsin, USA",Manufacturer and distributor of chemical solutions for water treatment and food processing,0.95
Operation & Maintenance of the South Bay Wastewater Treatment Plant,SAM-799ZQ,https://sam.gov/search/?index=opp&keywords=191BWC26R0001,5 years (1 Base Year + 4 Option Years),"25 MGD (Current), expanding to 50-60 MGD","Wastewater treatment consumables (chemicals, fuel, sludge)",King Lee Technologies,klt@kingleetech.com,https://www.kingleetech.com,"California, USA",Reverse osmosis system performance chemicals and membrane care,0.92
Operation & Maintenance of the South Bay Wastewater Treatment Plant,SAM-799ZQ,https://sam.gov/search/?index=opp&keywords=191BWC26R0001,5 years (1 Base Year + 4 Option Years),"25 MGD (Current), expanding to 50-60 MGD","Wastewater treatment consumables (chemicals, fuel, sludge)",Gulbrandsen,gul-cs-orders@gulbrandsen.com,https://www.gulbrandsen.com,"South Carolina, USA",Manufacturer of aluminum-based water treatment coagulants and chemical intermediates,0.9
Operation & Maintenance of the South Bay Wastewater Treatment Plant,SAM-799ZQ,https://sam.gov/search/?index=opp&keywords=191BWC26R0001,5 years (1 Base Year + 4 Option Years),"25 MGD (Current), expanding to 50-60 MGD","Wastewater treatment consumables (chemicals, fuel, sludge)",ChemREADY,sales@getchemready.com,https://www.getchemready.com,"Ohio, USA","Wastewater treatment chemicals, coagulants, flocculants, and dewatering solutions",0.92
Operation & Maintenance of the South Bay Wastewater Treatment Plant,SAM-799ZQ,https://sam.gov/search/?index=opp&keywords=191BWC26R0001,5 years (1 Base Year + 4 Option Years),"25 MGD (Current), expanding to 50-60 MGD","Wastewater treatment consumables (chemicals, fuel, sludge)","E & C Chemicals, Inc.",Chris.Hatton@EandCChemicals.com,https://www.eandcchemicals.com,"Georgia, USA",Custom blending and distribution of liquid and dry industrial chemicals,0.9
Operation & Maintenance of the South Bay Wastewater Treatment Plant,SAM-799ZQ,https://sam.gov/search/?index=opp&keywords=191BWC26R0001,5 years (1 Base Year + 4 Option Years),"25 MGD (Current), expanding to 50-60 MGD","Wastewater treatment consumables (chemicals, fuel, sludge)",Buckman,connect@buckman.com,https://www.buckman.com,"Tennessee, USA",Chemistry and digital solutions for water treatment and pulp & paper industries,0.95
Operation & Maintenance of the South Bay Wastewater Treatment Plant,SAM-799ZQ,https://sam.gov/search/?index=opp&keywords=191BWC26R0001,5 years (1 Base Year + 4 Option Years),"25 MGD (Current), expanding to 50-60 MGD","Wastewater treatment consumables (chemicals, fuel, sludge)",WaterCareChem,sales@watercarechem.com,https://www.watercarechem.com,"Henan, China",Manufacturer of water treatment chemicals including flocculants and disinfectants,0.85
Operation & Maintenance of the South Bay Wastewater Treatment Plant,SAM-799ZQ,https://sam.gov/search/?index=opp&keywords=191BWC26R0001,5 years (1 Base Year + 4 Option Years),"25 MGD (Current), expanding to 50-60 MGD","Wastewater treatment consumables (chemicals, fuel, sludge)",Veolia Water Technologies,sales@veolia.com,https://www.veoliawatertech.com,"Pennsylvania, USA",Comprehensive water and wastewater treatment technologies and services,0.99
Operation & Maintenance of the South Bay Wastewater Treatment Plant,SAM-799ZQ,https://sam.gov/search/?index=opp&keywords=191BWC26R0001,5 years (1 Base Year + 4 Option Years),"25 MGD (Current), expanding to 50-60 MGD","Wastewater treatment consumables (chemicals, fuel, sludge)","CRW Finishing, Inc.",crwfinishing@crwfinishing.com,https://www.crwfinishing.com,"Illinois, USA",Metal finishing services and supplier of wastewater treatment chemistry,0.88
Operation & Maintenance of the South Bay Wastewater Treatment Plant,SAM-799ZQ,https://sam.gov/search/?index=opp&keywords=191BWC26R0001,5 years (1 Base Year + 4 Option Years),"25 MGD (Current), expanding to 50-60 MGD","Wastewater treatment consumables (chemicals, fuel, sludge)",ChemTreat,productcompliance@chemtreat.com,https://www.chemtreat.com,"Virginia, USA","Industrial water treatment products, systems, and services",0.98
Operation & Maintenance of the South Bay Wastewater Treatment Plant,SAM-799ZQ,https://sam.gov/search/?index=opp&keywords=191BWC26R0001,5 years (1 Base Year + 4 Option Years),"25 MGD (Current), expanding to 50-60 MGD","Wastewater treatment consumables (chemicals, fuel, sludge)","Chemsolv, Inc.",customerservice@chemsolv.com,https://www.chemsolv.com,"Virginia, USA",Chemical distributor representing major manufacturers for industrial applications,0.9
Operation & Maintenance of the South Bay Wastewater Treatment Plant,SAM-799ZQ,https://sam.gov/search/?index=opp&keywords=191BWC26R0001,5 years (1 Base Year + 4 Option Years),"25 MGD (Current), expanding to 50-60 MGD","Wastewater treatment consumables (chemicals, fuel, sludge)",WesTech Engineering,Westech@westech-eng.com,https://www.westech-inc.com,"Utah, USA",Process equipment and water treatment solutions for municipal and industrial use,0.92
Operation & Maintenance of the South Bay Wastewater Treatment Plant,SAM-799ZQ,https://sam.gov/search/?index=opp&keywords=191BWC26R0001,5 years (1 Base Year + 4 Option Years),"25 MGD (Current), expanding to 50-60 MGD","Wastewater treatment consumables (chemicals, fuel, sludge)",Hubbard-Hall,jalmanza@hubbardhall.com,https://www.hubbardhall.com,"Connecticut, USA",Specialty chemicals for surface finishing and wastewater treatment,0.9
Operation & Maintenance of the South Bay Wastewater Treatment Plant,SAM-799ZQ,https://sam.gov/search/?index=opp&keywords=191BWC26R0001,5 years (1 Base Year + 4 Option Years),"25 MGD (Current), expanding to 50-60 MGD","Wastewater treatment consumables (chemicals, fuel, sludge)",Crucible Chemical Company,service@cruciblechemical.com,https://www.cruciblechemical.com,"South Carolina, USA","Manufacturer of defoamers, antifoams, and release agents",0.88
Operation & Maintenance of the South Bay Wastewater Treatment Plant,SAM-799ZQ,https://sam.gov/search/?index=opp&keywords=191BWC26R0001,5 years (1 Base Year + 4 Option Years),"25 MGD (Current), expanding to 50-60 MGD","Wastewater treatment consumables (chemicals, fuel, sludge)",Kurita America,KAI_Info@kurita-water.com,https://www.kuritaamerica.com,"Minnesota, USA",Integrated water treatment solutions including chemicals and equipment,0.95
Operation & Maintenance of the South Bay Wastewater Treatment Plant,SAM-799ZQ,https://sam.gov/search/?index=opp&keywords=191BWC26R0001,5 years (1 Base Year + 4 Option Years),"25 MGD (Current), expanding to 50-60 MGD","Wastewater treatment consumables (chemicals, fuel, sludge)","Aries Chemical, Inc.",aries@arieschem.com,https://www.arieschem.com,"New York, USA","Industrial water treatment chemicals, equipment, and technical services",0.92
Operation & Maintenance of the South Bay Wastewater Treatment Plant,SAM-799ZQ,https://sam.gov/search/?index=opp&keywords=191BWC26R0001,5 years (1 Base Year + 4 Option Years),"25 MGD (Current), expanding to 50-60 MGD","Wastewater treatment consumables (chemicals, fuel, sludge)",Nalco Water,customerservice.us@nalco.com,https://www.ecolab.com/nalco-water,"Illinois, USA",Global leader in water treatment and process improvement services,0.99
Operation & Maintenance of the South Bay Wastewater Treatment Plant,SAM-799ZQ,https://sam.gov/search/?index=opp&keywords=191BWC26R0001,5 years (1 Base Year + 4 Option Years),"25 MGD (Current), expanding to 50-60 MGD","Wastewater treatment consumables (chemicals, fuel, sludge)",Calgon Carbon Corporation,info@calgoncarbon-us.com,https://www.calgoncarbon.com,"Pennsylvania, USA",Activated carbon and filtration systems for water and air purification,0.95
Operation & Maintenance of the South Bay Wastewater Treatment Plant,SAM-799ZQ,https://sam.gov/search/?index=opp&keywords=191BWC26R0001,5 years (1 Base Year + 4 Option Years),"25 MGD (Current), expanding to 50-60 MGD","Wastewater treatment consumables (chemicals, fuel, sludge)",Thatcher Company,halt@tchem.com,https://www.tchem.com,"Utah, USA",Diversified chemical manufacturer and distributor,0.92
Operation & Maintenance of the South Bay Wastewater Treatment Plant,SAM-799ZQ,https://sam.gov/search/?index=opp&keywords=191BWC26R0001,5 years (1 Base Year + 4 Option Years),"25 MGD (Current), expanding to 50-60 MGD","Wastewater treatment consumables (chemicals, fuel, sludge)","Hawkins, Inc.",customer.service@hawkinsinc.com,https://www.hawkinsinc.com,"Minnesota, USA",Manufacturer and distributor of bulk and specialty chemicals for water treatment,0.95
Operation & Maintenance of the South Bay Wastewater Treatment Plant,SAM-799ZQ,https://sam.gov/search/?index=opp&keywords=191BWC26R0001,5 years (1 Base Year + 4 Option Years),"25 MGD (Current), expanding to 50-60 MGD","Wastewater treatment consumables (chemicals, fuel, sludge)",Solenis,apvendorinquiry@solenis.com,https://www.solenis.com,"Delaware, USA",Specialty chemicals for water intensive industries,0.98
Operation & Maintenance of the South Bay Wastewater Treatment Plant,SAM-799ZQ,https://sam.gov/search/?index=opp&keywords=191BWC26R0001,5 years (1 Base Year + 4 Option Years),"25 MGD (Current), expanding to 50-60 MGD","Wastewater treatment consumables (chemicals, fuel, sludge)",Kemira,communications@kemira.com,https://www.kemira.com,"Helsinki, Finland (Global)",Sustainable chemical solutions for water intensive industries,0.95
Operation & Maintenance of the South Bay Wastewater Treatment Plant,SAM-799ZQ,https://sam.gov/search/?index=opp&keywords=191BWC26R0001,5 years (1 Base Year + 4 Option Years),"25 MGD (Current), expanding to 50-60 MGD","Wastewater treatment consumables (chemicals, fuel, sludge)",Brenntag North America,contactus@brenntag.com,https://www.brenntag.com,"Pennsylvania, USA",Full-line chemical distributor connecting chemical manufacturers and users,0.95
Operation & Maintenance of the South Bay Wastewater Treatment Plant,SAM-799ZQ,https://sam.gov/search/?index=opp&keywords=191BWC26R0001,5 years (1 Base Year + 4 Option Years),"25 MGD (Current), expanding to 50-60 MGD","Wastewater treatment consumables (chemicals, fuel, sludge)",Coyne Chemical,CSReps@coynechemical.com,https://www.coynechemical.com,"Pennsylvania, USA",Chemical distributor and environmental services provider,0.9
Operation & Maintenance of the South Bay Wastewater Treatment Plant,SAM-799ZQ,https://sam.gov/search/?index=opp&keywords=191BWC26R0001,5 years (1 Base Year + 4 Option Years),"25 MGD (Current), expanding to 50-60 MGD","Wastewater treatment consumables (chemicals, fuel, sludge)",Applied Material Solutions,info@AMSI-USA.com,https://www.appliedmaterialsolutions.com,"Wisconsin, USA","Manufacturer of defoamers, antifoams, and treated silica",0.88
Operation & Maintenance of the South Bay Wastewater Treatment Plant,SAM-799ZQ,https://sam.gov/search/?index=opp&keywords=191BWC26R0001,5 years (1 Base Year + 4 Option Years),"25 MGD (Current), expanding to 50-60 MGD","Wastewater treatment consumables (chemicals, fuel, sludge)",Complete Water Solutions,info@complete-water.com,https://www.complete-water.com,"Wisconsin, USA",Industrial and commercial water treatment equipment and services,0.85
Operation & Maintenance of the South Bay Wastewater Treatment Plant,SAM-799ZQ,https://sam.gov/search/?index=opp&keywords=191BWC26R0001,5 years (1 Base Year + 4 Option Years),"25 MGD (Current), expanding to 50-60 MGD","Wastewater treatment consumables (chemicals, fuel, sludge)",Aquatech International,aic@aquatech.com,https://www.aquatech.com,"Pennsylvania, USA",Water purification technology for industrial and infrastructure markets,0.9
Operation & Maintenance of the South Bay Wastewater Treatment Plant,SAM-799ZQ,https://sam.gov/search/?index=opp&keywords=191BWC26R0001,5 years (1 Base Year + 4 Option Years),"25 MGD (Current), expanding to 50-60 MGD","Wastewater treatment consumables (chemicals, fuel, sludge)",USALCO,insidesales@usalco.com,https://www.usalco.com,"Maryland, USA",Major manufacturer of aluminum-based chemicals for water treatment,0.95
Operation & Maintenance of the South Bay Wastewater Treatment Plant,SAM-799ZQ,https://sam.gov/search/?index=opp&keywords=191BWC26R0001,5 years (1 Base Year + 4 Option Years),"25 MGD (Current), expanding to 50-60 MGD","Wastewater treatment consumables (chemicals, fuel, sludge)",Shannon Chemical Corporation,dcflynn@shannonchem.com,https://www.shannonchem.com,"Pennsylvania, USA",Supplier of chemical products for municipal water treatment,0.9
Operation & Maintenance of the South Bay Wastewater Treatment Plant,SAM-799ZQ,https://sam.gov/search/?index=opp&keywords=191BWC26R0001,5 years (1 Base Year + 4 Option Years),"25 MGD (Current), expanding to 50-60 MGD","Wastewater treatment consumables (chemicals, fuel, sludge)",Slack Chemical Company,fcerqua@slackchem.com,https://www.slackchem.com,"New York, USA",Chemical distribution and water treatment solutions,0.9
Operation & Maintenance of the South Bay Wastewater Treatment Plant,SAM-799ZQ,https://sam.gov/search/?index=opp&keywords=191BWC26R0001,5 years (1 Base Year + 4 Option Years),"25 MGD (Current), expanding to 50-60 MGD","Wastewater treatment consumables (chemicals, fuel, sludge)",Hydro-Chem Systems,sales@hcsclean.com,https://www.hydrochemsystems.com,"Michigan, USA",Manufacturer of industrial cleaning solutions and fleet washing systems,0.88
Operation & Maintenance of the South Bay Wastewater Treatment Plant,SAM-799ZQ,https://sam.gov/search/?index=opp&keywords=191BWC26R0001,5 years (1 Base Year + 4 Option Years),"25 MGD (Current), expanding to 50-60 MGD","Wastewater treatment consumables (chemicals, fuel, sludge)",Evoqua Water Technologies,jill.wood@evoqua.com,https://www.evoqua.com,"Pennsylvania, USA",Mission-critical water and wastewater treatment solutions,0.95
Operation & Maintenance of the South Bay Wastewater Treatment Plant,SAM-799ZQ,https://sam.gov/search/?index=opp&keywords=191BWC26R0001,5 years (1 Base Year + 4 Option Years),"25 MGD (Current), expanding to 50-60 MGD","Wastewater treatment consumables (chemicals, fuel, sludge)",IRO Specialty Chemical,info@irowater.com,https://www.irowater.com,"Shandong, China (US Office in VA)",Manufacturer of water treatment chemicals including biocides and phosphonates,0.85
Operation & Maintenance of the South Bay Wastewater Treatment Plant,SAM-799ZQ,https://sam.gov/search/?index=opp&keywords=191BWC26R0001,5 years (1 Base Year + 4 Option Years),"25 MGD (Current), expanding to 50-60 MGD","Wastewater treatment consumables (chemicals, fuel, sludge)","American Manufacturing Company, Inc.",info@americanonsite.com,https://www.americanonsite.com,"Virginia, USA",Manufacturing of onsite wastewater and water system products,0.85
Operation & Maintenance of the South Bay Wastewater Treatment Plant,SAM-799ZQ,https://sam.gov/search/?index=opp&keywords=191BWC26R0001,5 years (1 Base Year + 4 Option Years),"25 MGD (Current), expanding to 50-60 MGD","Wastewater treatment consumables (chemicals, fuel, sludge)","North Industrial Chemicals, Inc.",bobhunter@nmc-nic.com,https://www.northindustrial.net,"Pennsylvania, USA",Distributor of industrial chemicals and wastewater treatment products,0.9
Operation & Maintenance of the South Bay Wastewater Treatment Plant,SAM-799ZQ,https://sam.gov/search/?index=opp&keywords=191BWC26R0001,5 years (1 Base Year + 4 Option Years),"25 MGD (Current), expanding to 50-60 MGD","Wastewater treatment consumables (chemicals, fuel, sludge)",Garratt-Callahan,feedback@g-c.com,https://www.garrattcallahan.com,"California, USA",Industrial water treatment expertise and chemical solutions,0.95
FCI Bennettsville 2nd Quarter FY26 Milk Requirement,SAM-RKN9P,https://sam.gov/search/?index=opp&keywords=15B31726Q00000003,Quarterly Milk Requirement (2nd Quarter FY26),"Pasteurized, Nonfat, Skim, or Fat Free (Fluid Milk)",Dairy Milk,Hickory Hill Milk,HickoryHillMilk@gmail.com,https://hickoryhillmilk.com,"Edgefield, SC","Whole milk, buttermilk, and chocolate milk from a fourth-generation family farm",1
FCI Bennettsville 2nd Quarter FY26 Milk Requirement,SAM-RKN9P,https://sam.gov/search/?index=opp&keywords=15B31726Q00000003,Quarterly Milk Requirement (2nd Quarter FY26),"Pasteurized, Nonfat, Skim, or Fat Free (Fluid Milk)",Dairy Milk,Milky Way Farm,milkywayfarmsc@gmail.com,https://www.scmilkywayfarm.com,"Starr, SC",Raw and vat-pasteurized A2 Jersey milk,1
FCI Bennettsville 2nd Quarter FY26 Milk Requirement,SAM-RKN9P,https://sam.gov/search/?index=opp&keywords=15B31726Q00000003,Quarterly Milk Requirement (2nd Quarter FY26),"Pasteurized, Nonfat, Skim, or Fat Free (Fluid Milk)",Dairy Milk,Legacy Springs Farm Dairy,legacyspringsdairy@gmail.com,https://www.legacyspringsfarmdairy.com,"Chester, SC","A2A2 Jersey cow milk, glass bottled",1
FCI Bennettsville 2nd Quarter FY26 Milk Requirement,SAM-RKN9P,https://sam.gov/search/?index=opp&keywords=15B31726Q00000003,Quarterly Milk Requirement (2nd Quarter FY26),"Pasteurized, Nonfat, Skim, or Fat Free (Fluid Milk)",Dairy Milk,Maola Local Dairies,emailus@maolamilk.com,https://www.maolamilk.com,"Reston, VA",Fresh local milk and dairy products serving the Mid-Atlantic and Southeast,0.95
FCI Bennettsville 2nd Quarter FY26 Milk Requirement,SAM-RKN9P,https://sam.gov/search/?index=opp&keywords=15B31726Q00000003,Quarterly Milk Requirement (2nd Quarter FY26),"Pasteurized, Nonfat, Skim, or Fat Free (Fluid Milk)",Dairy Milk,Duchess Dairy,duchessdairyproducts@gmail.com,http://duchessdairy.usjersey.com,"Rural Retreat, VA","Queen of Quality labeled milk, chocolate milk, and drinkable yogurt",0.95
FCI Bennettsville 2nd Quarter FY26 Milk Requirement,SAM-RKN9P,https://sam.gov/search/?index=opp&keywords=15B31726Q00000003,Quarterly Milk Requirement (2nd Quarter FY26),"Pasteurized, Nonfat, Skim, or Fat Free (Fluid Milk)",Dairy Milk,Maple View Farm,allison@mapleviewfarm.com,https://mapleviewfarm.com,"Hillsborough, NC","Farm-fresh milk, butter, and ice cream",0.9
FCI Bennettsville 2nd Quarter FY26 Milk Requirement,SAM-RKN9P,https://sam.gov/search/?index=opp&keywords=15B31726Q00000003,Quarterly Milk Requirement (2nd Quarter FY26),"Pasteurized, Nonfat, Skim, or Fat Free (Fluid Milk)",Dairy Milk,Turner Dairy Farms,hello@turnerdairy.net,https://turnerdairy.net,"Penn Hills, PA","Premium milk, flavored milk, and iced teas",0.9
FCI Bennettsville 2nd Quarter FY26 Milk Requirement,SAM-RKN9P,https://sam.gov/search/?index=opp&keywords=15B31726Q00000003,Quarterly Milk Requirement (2nd Quarter FY26),"Pasteurized, Nonfat, Skim, or Fat Free (Fluid Milk)",Dairy Milk,Marburger Farm Dairy,dairy@marburgerdairy.com,https://marburgerdairy.com,"Evans City, PA",Gourmet buttermilk and fluid milk products,0.9
FCI Bennettsville 2nd Quarter FY26 Milk Requirement,SAM-RKN9P,https://sam.gov/search/?index=opp&keywords=15B31726Q00000003,Quarterly Milk Requirement (2nd Quarter FY26),"Pasteurized, Nonfat, Skim, or Fat Free (Fluid Milk)",Dairy Milk,Schneider's Dairy,dschneider@schneidersdairy.com,https://schneidersdairy.com,"Pittsburgh, PA","Family-owned dairy providing milk, juice, and cultured products",0.9
FCI Bennettsville 2nd Quarter FY26 Milk Requirement,SAM-RKN9P,https://sam.gov/search/?index=opp&keywords=15B31726Q00000003,Quarterly Milk Requirement (2nd Quarter FY26),"Pasteurized, Nonfat, Skim, or Fat Free (Fluid Milk)",Dairy Milk,Galliker's Dairy Company,info@gallikers.com,https://www.gallikers.com,"Johnstown, PA","Milk, ice cream, and tea production",0.9
FCI Bennettsville 2nd Quarter FY26 Milk Requirement,SAM-RKN9P,https://sam.gov/search/?index=opp&keywords=15B31726Q00000003,Quarterly Milk Requirement (2nd Quarter FY26),"Pasteurized, Nonfat, Skim, or Fat Free (Fluid Milk)",Dairy Milk,Upstate Niagara Cooperative,emailus@uncdairy.com,https://www.upstateniagara.com,"Lancaster, NY","Fluid milk, yogurt, and dairy products owned by farmers",0.9
FCI Bennettsville 2nd Quarter FY26 Milk Requirement,SAM-RKN9P,https://sam.gov/search/?index=opp&keywords=15B31726Q00000003,Quarterly Milk Requirement (2nd Quarter FY26),"Pasteurized, Nonfat, Skim, or Fat Free (Fluid Milk)",Dairy Milk,Byrne Dairy,marshall.winn@byrnedairy.com,https://byrnedairy.com,"Syracuse, NY",Extended Shelf Life (ESL) and fresh dairy processing,0.9
FCI Bennettsville 2nd Quarter FY26 Milk Requirement,SAM-RKN9P,https://sam.gov/search/?index=opp&keywords=15B31726Q00000003,Quarterly Milk Requirement (2nd Quarter FY26),"Pasteurized, Nonfat, Skim, or Fat Free (Fluid Milk)",Dairy Milk,Prairie Farms Dairy,info@prairiefarms.com,https://www.prairiefarms.com,"Edwardsville, IL","Manufacturer of milk, cheese, and dairy products",0.95
FCI Bennettsville 2nd Quarter FY26 Milk Requirement,SAM-RKN9P,https://sam.gov/search/?index=opp&keywords=15B31726Q00000003,Quarterly Milk Requirement (2nd Quarter FY26),"Pasteurized, Nonfat, Skim, or Fat Free (Fluid Milk)",Dairy Milk,Shamrock Farms,hiroxie@shamrockfoods.com,https://www.shamrockfarms.net,"Phoenix, AZ","Farm-fresh milk, whipping cream, and sour cream",0.95
FCI Bennettsville 2nd Quarter FY26 Milk Requirement,SAM-RKN9P,https://sam.gov/search/?index=opp&keywords=15B31726Q00000003,Quarterly Milk Requirement (2nd Quarter FY26),"Pasteurized, Nonfat, Skim, or Fat Free (Fluid Milk)",Dairy Milk,Hiland Dairy,scarey@hilanddairy.com,https://www.hilanddairy.com,"Springfield, MO","Farmer-owned dairy producing milk, ice cream, and dips",0.95
FCI Bennettsville 2nd Quarter FY26 Milk Requirement,SAM-RKN9P,https://sam.gov/search/?index=opp&keywords=15B31726Q00000003,Quarterly Milk Requirement (2nd Quarter FY26),"Pasteurized, Nonfat, Skim, or Fat Free (Fluid Milk)",Dairy Milk,Anderson Erickson Dairy,michaelg@aedairy.com,https://www.aedairy.com,"Des Moines, IA","Traditional dairy products including milk, yogurt, and cottage cheese",0.9
FCI Bennettsville 2nd Quarter FY26 Milk Requirement,SAM-RKN9P,https://sam.gov/search/?index=opp&keywords=15B31726Q00000003,Quarterly Milk Requirement (2nd Quarter FY26),"Pasteurized, Nonfat, Skim, or Fat Free (Fluid Milk)",Dairy Milk,Oberweis Dairy,webfeedback@oberweis.com,https://www.oberweis.com,"North Aurora, IL",Home delivery of glass-bottled milk and ice cream,0.9
FCI Bennettsville 2nd Quarter FY26 Milk Requirement,SAM-RKN9P,https://sam.gov/search/?index=opp&keywords=15B31726Q00000003,Quarterly Milk Requirement (2nd Quarter FY26),"Pasteurized, Nonfat, Skim, or Fat Free (Fluid Milk)",Dairy Milk,Guernsey Farms Dairy,contact@guernseyfarmsdairy.com,https://guernseyfarmsdairy.com,"Northville, MI",Small-batch milk and ice cream processing,0.9
FCI Bennettsville 2nd Quarter FY26 Milk Requirement,SAM-RKN9P,https://sam.gov/search/?index=opp&keywords=15B31726Q00000003,Quarterly Milk Requirement (2nd Quarter FY26),"Pasteurized, Nonfat, Skim, or Fat Free (Fluid Milk)",Dairy Milk,Country Dairy,info@countrydairy.com,https://countrydairy.com,"New Era, MI",Producer-handler of rBST-free milk and cheese,0.9
FCI Bennettsville 2nd Quarter FY26 Milk Requirement,SAM-RKN9P,https://sam.gov/search/?index=opp&keywords=15B31726Q00000003,Quarterly Milk Requirement (2nd Quarter FY26),"Pasteurized, Nonfat, Skim, or Fat Free (Fluid Milk)",Dairy Milk,Snowville Creamery,info@snowvillecreamery.com,https://www.snowvillecreamery.com,"Pomeroy, OH","Grass-grazed, A2/A2 fluid milk and yogurt",0.9
FCI Bennettsville 2nd Quarter FY26 Milk Requirement,SAM-RKN9P,https://sam.gov/search/?index=opp&keywords=15B31726Q00000003,Quarterly Milk Requirement (2nd Quarter FY26),"Pasteurized, Nonfat, Skim, or Fat Free (Fluid Milk)",Dairy Milk,Shatto Milk Company,leroy@shattomilk.com,https://shattomilk.com,"Osborn, MO",Small family farm bottling milk in glass containers,0.9
FCI Bennettsville 2nd Quarter FY26 Milk Requirement,SAM-RKN9P,https://sam.gov/search/?index=opp&keywords=15B31726Q00000003,Quarterly Milk Requirement (2nd Quarter FY26),"Pasteurized, Nonfat, Skim, or Fat Free (Fluid Milk)",Dairy Milk,Volleman's Family Farm,info@vollemansdairy.com,https://vollemansdairy.com,"Gustine, TX",Glass-bottled milk from a family-owned dairy,0.9
FCI Bennettsville 2nd Quarter FY26 Milk Requirement,SAM-RKN9P,https://sam.gov/search/?index=opp&keywords=15B31726Q00000003,Quarterly Milk Requirement (2nd Quarter FY26),"Pasteurized, Nonfat, Skim, or Fat Free (Fluid Milk)",Dairy Milk,Rosa Brothers Milk Company,info@rosabrothers.com,https://rosabrothers.com,"Tulare, CA",Glass-bottled milk and ice cream from family farm,0.9
FCI Bennettsville 2nd Quarter FY26 Milk Requirement,SAM-RKN9P,https://sam.gov/search/?index=opp&keywords=15B31726Q00000003,Quarterly Milk Requirement (2nd Quarter FY26),"Pasteurized, Nonfat, Skim, or Fat Free (Fluid Milk)",Dairy Milk,Hollandia Dairy,main@hollandiadairy.com,https://hollandiadairy.com,"San Marcos, CA",Fresh milk and dairy products for schools and institutions,0.9
FCI Bennettsville 2nd Quarter FY26 Milk Requirement,SAM-RKN9P,https://sam.gov/search/?index=opp&keywords=15B31726Q00000003,Quarterly Milk Requirement (2nd Quarter FY26),"Pasteurized, Nonfat, Skim, or Fat Free (Fluid Milk)",Dairy Milk,Producers Dairy,customer.service@producersdairy.com,https://producersdairy.com,"Fresno, CA","Milk, cheese, and ice cream distribution",0.9
FCI Bennettsville 2nd Quarter FY26 Milk Requirement,SAM-RKN9P,https://sam.gov/search/?index=opp&keywords=15B31726Q00000003,Quarterly Milk Requirement (2nd Quarter FY26),"Pasteurized, Nonfat, Skim, or Fat Free (Fluid Milk)",Dairy Milk,Crystal Creamery,customerservice@crystalcreamery.com,https://crystalcreamery.com,"Modesto, CA","Full line of dairy products including milk, butter, and cottage cheese",0.9
FCI Bennettsville 2nd Quarter FY26 Milk Requirement,SAM-RKN9P,https://sam.gov/search/?index=opp&keywords=15B31726Q00000003,Quarterly Milk Requirement (2nd Quarter FY26),"Pasteurized, Nonfat, Skim, or Fat Free (Fluid Milk)",Dairy Milk,Clover Sonoma,askclo@cloversonoma.com,https://cloversonoma.com,"Petaluma, CA",Organic and conventional dairy products,0.9
FCI Bennettsville 2nd Quarter FY26 Milk Requirement,SAM-RKN9P,https://sam.gov/search/?index=opp&keywords=15B31726Q00000003,Quarterly Milk Requirement (2nd Quarter FY26),"Pasteurized, Nonfat, Skim, or Fat Free (Fluid Milk)",Dairy Milk,Straus Family Creamery,family@strausfamilycreamery.com,https://strausfamilycreamery.com,"Petaluma, CA",Organic cream-top milk and dairy products,0.9
FCI Bennettsville 2nd Quarter FY26 Milk Requirement,SAM-RKN9P,https://sam.gov/search/?index=opp&keywords=15B31726Q00000003,Quarterly Milk Requirement (2nd Quarter FY26),"Pasteurized, Nonfat, Skim, or Fat Free (Fluid Milk)",Dairy Milk,Alexandre Family Farm,sales@alexandrefamilyfarm.com,https://alexandrefamilyfarm.com,"Crescent City, CA",Regenerative organic A2/A2 dairy products,0.9
FCI Bennettsville 2nd Quarter FY26 Milk Requirement,SAM-RKN9P,https://sam.gov/search/?index=opp&keywords=15B31726Q00000003,Quarterly Milk Requirement (2nd Quarter FY26),"Pasteurized, Nonfat, Skim, or Fat Free (Fluid Milk)",Dairy Milk,California Dairies Inc,sales@californiadairies.com,https://californiadairies.com,"Visalia, CA",Leading milk marketing and processing cooperative,0.95
FCI Bennettsville 2nd Quarter FY26 Milk Requirement,SAM-RKN9P,https://sam.gov/search/?index=opp&keywords=15B31726Q00000003,Quarterly Milk Requirement (2nd Quarter FY26),"Pasteurized, Nonfat, Skim, or Fat Free (Fluid Milk)",Dairy Milk,Foster Farms Dairy,info@fosterfarms.com,https://www.fosterfarms.com,"Livingston, CA",Dairy products and poultry,0.9
FCI Bennettsville 2nd Quarter FY26 Milk Requirement,SAM-RKN9P,https://sam.gov/search/?index=opp&keywords=15B31726Q00000003,Quarterly Milk Requirement (2nd Quarter FY26),"Pasteurized, Nonfat, Skim, or Fat Free (Fluid Milk)",Dairy Milk,Lochmead Dairy,info@lochmead.com,https://darimart.com,"Junction City, OR","Dairy farm, processing plant, and retail stores",0.9
FCI Bennettsville 2nd Quarter FY26 Milk Requirement,SAM-RKN9P,https://sam.gov/search/?index=opp&keywords=15B31726Q00000003,Quarterly Milk Requirement (2nd Quarter FY26),"Pasteurized, Nonfat, Skim, or Fat Free (Fluid Milk)",Dairy Milk,Smith Brothers Farms,getmilk@smithbrothersfarms.com,https://www.smithbrothersfarms.com,"Kent, WA",Home delivery of milk and local grocery products,0.9
FCI Bennettsville 2nd Quarter FY26 Milk Requirement,SAM-RKN9P,https://sam.gov/search/?index=opp&keywords=15B31726Q00000003,Quarterly Milk Requirement (2nd Quarter FY26),"Pasteurized, Nonfat, Skim, or Fat Free (Fluid Milk)",Dairy Milk,Darigold,Steve.Matzen@darigold.com,https://darigold.com,"Seattle, WA","Farmer-owned cooperative producing milk, butter, and cheese",0.95
FCI Bennettsville 2nd Quarter FY26 Milk Requirement,SAM-RKN9P,https://sam.gov/search/?index=opp&keywords=15B31726Q00000003,Quarterly Milk Requirement (2nd Quarter FY26),"Pasteurized, Nonfat, Skim, or Fat Free (Fluid Milk)",Dairy Milk,Royal Crest Dairy,service@royalcrestdairy.com,https://royalcrestdairy.com,"Denver, CO",Home delivery of milk and food products,0.9
FCI Bennettsville 2nd Quarter FY26 Milk Requirement,SAM-RKN9P,https://sam.gov/search/?index=opp&keywords=15B31726Q00000003,Quarterly Milk Requirement (2nd Quarter FY26),"Pasteurized, Nonfat, Skim, or Fat Free (Fluid Milk)",Dairy Milk,Longmont Dairy Farm,customerservice@longmontdairy.com,https://longmontdairy.com,"Longmont, CO",Farm-fresh milk delivery in glass bottles,0.9
FCI Bennettsville 2nd Quarter FY26 Milk Requirement,SAM-RKN9P,https://sam.gov/search/?index=opp&keywords=15B31726Q00000003,Quarterly Milk Requirement (2nd Quarter FY26),"Pasteurized, Nonfat, Skim, or Fat Free (Fluid Milk)",Dairy Milk,Aurora Organic Dairy,info@aodmilk.com,https://auroraorganic.com,"Boulder, CO",Large-scale organic milk production and processing,0.9
FCI Bennettsville 2nd Quarter FY26 Milk Requirement,SAM-RKN9P,https://sam.gov/search/?index=opp&keywords=15B31726Q00000003,Quarterly Milk Requirement (2nd Quarter FY26),"Pasteurized, Nonfat, Skim, or Fat Free (Fluid Milk)",Dairy Milk,United Dairymen of Arizona,sales.interest@udaz.org,https://uda.coop,"Tempe, AZ",Dairy cooperative processing milk and dairy ingredients,0.95
FCI Bennettsville 2nd Quarter FY26 Milk Requirement,SAM-RKN9P,https://sam.gov/search/?index=opp&keywords=15B31726Q00000003,Quarterly Milk Requirement (2nd Quarter FY26),"Pasteurized, Nonfat, Skim, or Fat Free (Fluid Milk)",Dairy Milk,Dairy Farmers of America,info@dfamilk.com,https://dfamilk.com,"Kansas City, KS",National milk marketing cooperative and processor,0.95
FCI Bennettsville 2nd Quarter FY26 Milk Requirement,SAM-RKN9P,https://sam.gov/search/?index=opp&keywords=15B31726Q00000003,Quarterly Milk Requirement (2nd Quarter FY26),"Pasteurized, Nonfat, Skim, or Fat Free (Fluid Milk)",Dairy Milk,Associated Milk Producers Inc,senskem@ampi.com,https://ampi.com,"New Ulm, MN",Midwest dairy cooperative specializing in cheese and butter,0.95
Combined Pest Control,SAM-OMS01,https://sam.gov/opp/31125PR260000083/view,1 Base Year (01/01/2026-12/31/2026) + 4 Option Years,"Location: Buzzards Bay, MA 02542; NAICS: 561710; PSC: 6840",Non-chemical techniques; Chemical control agents (EPA approved),A1 Exterminators,info@a1exterminators.com,https://www.a1exterminators.com,"Buzzards Bay, MA","Pest Control Service Provider; Termite and Rodent Control; Residential & Commercial Extermination; IPM Techniques; Local Service in Buzzards Bay (NAICS 561710). High match for location and service requirements, including non-chemical and chemical options available upon request in service plans (e.g., Pest Prevention Plan). Verified local presence for 65+ years in Buzzards Bay area, matching the specific location constraint perfectly for service delivery or contracting needs related to PSC 6840 (Pest Control Agents/Services). Note: Primarily a service provider, not a manufacturer, fitting the NAICS code provided (561710). MATCH CONFIDENCE: HIGH (1.0) - Best location match found directly in Buzzards Bay, MA 02542.",
Combined Pest Control,SAM-OMS01,https://sam.gov/opp/31125PR260000083/view,1 Base Year (01/01/2026-12/31/2026) + 4 Option Years,"Location: Buzzards Bay, MA 02542; NAICS: 561710; PSC: 6840",Non-chemical techniques; Chemical control agents (EPA approved),Cape Cod Pest Pros,capecodpestpros@gmail.com,https://www.capecodpestpros.com,"Pocasset, MA","Pest Control Service Provider; Eco-friendly Pest Control; Termite, Ant, and Rodent Control; Serving Cape Cod and Buzzards Bay area. Uses safest products available (EPA approved) and emphasizes prevention. Proximity to Buzzards Bay is high (Pocasset is adjacent). Validated email contact. Strong match for local service requirements with environmental focus (Non-chemical techniques/IPM context). MATCH CONFIDENCE: HIGH (0.95) - Very close proximity (Bourne/Pocasset) and explicitly mentions eco-friendly/safe products.",
Combined Pest Control,SAM-OMS01,https://sam.gov/opp/31125PR260000083/view,1 Base Year (01/01/2026-12/31/2026) + 4 Option Years,"Location: Buzzards Bay, MA 02542; NAICS: 561710; PSC: 6840",Non-chemical techniques; Chemical control agents (EPA approved),Griggs & Browne Termite & Pest Control,internet@griggsbrowne.com,https://www.griggsbrowne.com,"Buzzards Bay, MA","Pest Control Service Provider; Termite Control; Commercial & Residential Services; IPM Solutions. One of their main offices is located directly in Buzzards Bay (203 Main St, Buzzards Bay, MA 02532), making them a perfect location match. They offer comprehensive pest management including non-chemical and chemical methods. MATCH CONFIDENCE: HIGH (1.0) - Exact location match in Buzzards Bay.",
Combined Pest Control,SAM-OMS01,https://sam.gov/opp/31125PR260000083/view,1 Base Year (01/01/2026-12/31/2026) + 4 Option Years,"Location: Buzzards Bay, MA 02542; NAICS: 561710; PSC: 6840",Non-chemical techniques; Chemical control agents (EPA approved),Pilgrim Pest Professionals,info@pilgrimpestpro.com,https://www.pilgrimpestpro.com,"Plymouth, MA","Pest Control Service Provider; Wildlife Removal; Residential, Commercial, and Municipal Services; 24/7 Emergency Service. Serves Buzzards Bay and surrounding areas. Offers 'Green' pest control options consistent with IPM requirements. Verified email and strong regional presence. MATCH CONFIDENCE: HIGH (0.9) - Serves the requested area.",
Combined Pest Control,SAM-OMS01,https://sam.gov/opp/31125PR260000083/view,1 Base Year (01/01/2026-12/31/2026) + 4 Option Years,"Location: Buzzards Bay, MA 02542; NAICS: 561710; PSC: 6840",Non-chemical techniques; Chemical control agents (EPA approved),Plymouth Bristol Pest & Termite Control,plymouthbristol@gmail.com,https://www.plymouthbristolpest.com,"Plymouth, MA","Pest Control Service Provider; Termite Control; General Pest Management. Family-owned, serving Plymouth and Bristol counties (covering Buzzards Bay). Offers 24/7 service. Verified email. Good match for service provision in the target region. MATCH CONFIDENCE: HIGH (0.85).",
Combined Pest Control,SAM-OMS01,https://sam.gov/opp/31125PR260000083/view,1 Base Year (01/01/2026-12/31/2026) + 4 Option Years,"Location: Buzzards Bay, MA 02542; NAICS: 561710; PSC: 6840",Non-chemical techniques; Chemical control agents (EPA approved),"Neal Pest Control, Inc.",team@nealpestcontrol.com,https://www.nealpestcontrol.com,"Plymouth, MA","Pest Control Service Provider; IPM Strategies; Residential & Commercial Services. Family-owned, serving South Shore and Cape Cod including Buzzards Bay. Emphasizes IPM (Non-chemical techniques where possible). Verified email. MATCH CONFIDENCE: HIGH (0.9) - Explicit mention of IPM and service area.",
Combined Pest Control,SAM-OMS01,https://sam.gov/opp/31125PR260000083/view,1 Base Year (01/01/2026-12/31/2026) + 4 Option Years,"Location: Buzzards Bay, MA 02542; NAICS: 561710; PSC: 6840",Non-chemical techniques; Chemical control agents (EPA approved),Target Specialty Products,phyllis.reidman@target-specialty.com,https://www.target-specialty.com,"Franklin, MA","Distributor/Wholesaler; Pest Control Supplies; Application Equipment; Agricultural Chemicals. Matches the 'Wholesaler' goal and 'Chemical control agents' requirement perfectly. They supply the products used by service providers. Located in MA, serving the region. MATCH CONFIDENCE: HIGH (0.95) - True Wholesaler/Distributor match.",
Combined Pest Control,SAM-OMS01,https://sam.gov/opp/31125PR260000083/view,1 Base Year (01/01/2026-12/31/2026) + 4 Option Years,"Location: Buzzards Bay, MA 02542; NAICS: 561710; PSC: 6840",Non-chemical techniques; Chemical control agents (EPA approved),Veseris,sales@veseris.com,https://www.veseris.com,"Woburn, MA",Distributor/Wholesaler; Pest Control Products; Insecticides; Rodenticides; IPM Tools. A major supplier of pest control chemicals and equipment to the industry. Matches the 'Wholesaler' goal. MATCH CONFIDENCE: HIGH (0.95) - True Wholesaler/Distributor match.,
Combined Pest Control,SAM-OMS01,https://sam.gov/opp/31125PR260000083/view,1 Base Year (01/01/2026-12/31/2026) + 4 Option Years,"Location: Buzzards Bay, MA 02542; NAICS: 561710; PSC: 6840",Non-chemical techniques; Chemical control agents (EPA approved),New England Chemical / New England Pest Control,info@nechemical.com,https://www.nechemical.com,MA/NH,"Supplier & Service Provider; Pest Control Chemicals; Invisiguard System. Provides both chemicals and services, bridging the gap between manufacturer/wholesaler and service provider. MATCH CONFIDENCE: MEDIUM (0.8) - Supplier aspect matches goal.",
Combined Pest Control,SAM-OMS01,https://sam.gov/opp/31125PR260000083/view,1 Base Year (01/01/2026-12/31/2026) + 4 Option Years,"Location: Buzzards Bay, MA 02542; NAICS: 561710; PSC: 6840",Non-chemical techniques; Chemical control agents (EPA approved),Flynn Pest Control,bugs@flynnpestcontrol.com,https://www.flynnpestcontrol.com,"Rehoboth, MA",Pest Control Service Provider; IPM Solutions; Commercial & Residential. Certified QualityPro. Serves Eastern MA and Cape Cod. Verified email. Strong IPM focus matches requirements. MATCH CONFIDENCE: HIGH (0.85).,
Combined Pest Control,SAM-OMS01,https://sam.gov/opp/31125PR260000083/view,1 Base Year (01/01/2026-12/31/2026) + 4 Option Years,"Location: Buzzards Bay, MA 02542; NAICS: 561710; PSC: 6840",Non-chemical techniques; Chemical control agents (EPA approved),B & B Pest Control,info@bbpest.com,https://www.bbpest.com,"Lynn, MA","Pest Control Service Provider; IPM Services; Eco-friendly options. Family-owned, serving North Shore and Greater Boston. Verified email. MATCH CONFIDENCE: MEDIUM (0.75) - Location is further north but serves MA.",
Combined Pest Control,SAM-OMS01,https://sam.gov/opp/31125PR260000083/view,1 Base Year (01/01/2026-12/31/2026) + 4 Option Years,"Location: Buzzards Bay, MA 02542; NAICS: 561710; PSC: 6840",Non-chemical techniques; Chemical control agents (EPA approved),Burgess Pest Management,info@burgesspest.com,https://www.burgesspest.com,"West Bridgewater, MA",Pest Control Service Provider; IPM; Tick & Mosquito Control. Large regional provider serving Cape Cod and Buzzards Bay. Uses technology-driven IPM. MATCH CONFIDENCE: HIGH (0.9).,
Combined Pest Control,SAM-OMS01,https://sam.gov/opp/31125PR260000083/view,1 Base Year (01/01/2026-12/31/2026) + 4 Option Years,"Location: Buzzards Bay, MA 02542; NAICS: 561710; PSC: 6840",Non-chemical techniques; Chemical control agents (EPA approved),EcoGeek Pest Control,info@ecogeekpestcontrol.com,https://www.ecogeekpestcontrol.com,"Cape Cod, MA","Pest Control Service Provider; Eco-friendly/Non-chemical techniques focus. Specifically targets safe, environmentally conscious pest control on Cape Cod. High match for 'Non-chemical techniques'. MATCH CONFIDENCE: HIGH (0.9).",
Combined Pest Control,SAM-OMS01,https://sam.gov/opp/31125PR260000083/view,1 Base Year (01/01/2026-12/31/2026) + 4 Option Years,"Location: Buzzards Bay, MA 02542; NAICS: 561710; PSC: 6840",Non-chemical techniques; Chemical control agents (EPA approved),LifeSpace Pest Solutions,contact@lifespacepest.com,https://www.lifespacepest.com,"Cape Cod, MA",Pest Control Service Provider; Biological & Non-chemical options. Staff entomologist. Focus on safety and IPM. Serves Southeastern MA and Cape Cod. MATCH CONFIDENCE: HIGH (0.85).,
Combined Pest Control,SAM-OMS01,https://sam.gov/opp/31125PR260000083/view,1 Base Year (01/01/2026-12/31/2026) + 4 Option Years,"Location: Buzzards Bay, MA 02542; NAICS: 561710; PSC: 6840",Non-chemical techniques; Chemical control agents (EPA approved),Waltham Pest Services,info@walthamservices.com,https://www.walthamservices.com,"Waltham/Cape Cod, MA",Pest Control Service Provider; Commercial Pest Control; IPM. One of the largest providers in New England with specific branches serving Cape Cod/Buzzards Bay. MATCH CONFIDENCE: HIGH (0.9).,
Combined Pest Control,SAM-OMS01,https://sam.gov/opp/31125PR260000083/view,1 Base Year (01/01/2026-12/31/2026) + 4 Option Years,"Location: Buzzards Bay, MA 02542; NAICS: 561710; PSC: 6840",Non-chemical techniques; Chemical control agents (EPA approved),Ransford Pest Control,info@ransfordpc.com,https://www.ransfordpc.com,"Worcester, MA",Pest Control Service Provider; Commercial IPM. Long-standing company (125+ years). Offers specialized commercial services. MATCH CONFIDENCE: MEDIUM (0.75) - Distance.,
Combined Pest Control,SAM-OMS01,https://sam.gov/opp/31125PR260000083/view,1 Base Year (01/01/2026-12/31/2026) + 4 Option Years,"Location: Buzzards Bay, MA 02542; NAICS: 561710; PSC: 6840",Non-chemical techniques; Chemical control agents (EPA approved),Morrell Associates,MorrellAssociates@gmail.com,http://www.morrell-associates.com,"Marshfield, MA","Pest Control Consultant/Service; Food Safety Inspections; IPM Services. Specializes in IPM for food establishments, matching the 'Commercial Pest Control' and 'IPM' context well. MATCH CONFIDENCE: HIGH (0.85).",
Combined Pest Control,SAM-OMS01,https://sam.gov/opp/31125PR260000083/view,1 Base Year (01/01/2026-12/31/2026) + 4 Option Years,"Location: Buzzards Bay, MA 02542; NAICS: 561710; PSC: 6840",Non-chemical techniques; Chemical control agents (EPA approved),Essex County Pest Control,gotants@essexpest.com,https://www.essexpest.com,"Newburyport, MA",Pest Control Service Provider; Residential & Commercial. Verified email. MATCH CONFIDENCE: MEDIUM (0.7).,
Combined Pest Control,SAM-OMS01,https://sam.gov/opp/31125PR260000083/view,1 Base Year (01/01/2026-12/31/2026) + 4 Option Years,"Location: Buzzards Bay, MA 02542; NAICS: 561710; PSC: 6840",Non-chemical techniques; Chemical control agents (EPA approved),Bain Pest Control (Ehrlich),bainpestlocal@gmail.com,https://www.bainpestcontrol.com,"Lowell, MA",Pest Control Service Provider; Termite & Bed Bug Control. Now part of Ehrlich but retains local presence. MATCH CONFIDENCE: MEDIUM (0.7).,
Combined Pest Control,SAM-OMS01,https://sam.gov/opp/31125PR260000083/view,1 Base Year (01/01/2026-12/31/2026) + 4 Option Years,"Location: Buzzards Bay, MA 02542; NAICS: 561710; PSC: 6840",Non-chemical techniques; Chemical control agents (EPA approved),Debug Pest Control,info@debugpestcontrol.com,https://www.debugpestcontrol.com,"New Bedford, MA",Pest Control Service Provider; Green Pest Control; Termite & Bed Bug Solutions. Serves New Bedford and surrounding areas (close to Buzzards Bay). MATCH CONFIDENCE: HIGH (0.9).,
Combined Pest Control,SAM-OMS01,https://sam.gov/opp/31125PR260000083/view,1 Base Year (01/01/2026-12/31/2026) + 4 Option Years,"Location: Buzzards Bay, MA 02542; NAICS: 561710; PSC: 6840",Non-chemical techniques; Chemical control agents (EPA approved),Spartan Animal & Pest Control,info@spartananimalandpestcontrol.com,https://www.spartananimalandpestcontrol.com,"New Bedford, MA",Pest Control Service Provider; Humane Wildlife Removal; IPM. Focus on humane and effective solutions. MATCH CONFIDENCE: HIGH (0.85).,
Combined Pest Control,SAM-OMS01,https://sam.gov/opp/31125PR260000083/view,1 Base Year (01/01/2026-12/31/2026) + 4 Option Years,"Location: Buzzards Bay, MA 02542; NAICS: 561710; PSC: 6840",Non-chemical techniques; Chemical control agents (EPA approved),Big Blue Bug Solutions,info@bigbluebug.com,https://www.bigbluebug.com,"Fall River, MA",Pest Control Service Provider; Residential & Commercial; IPM. Famous regional provider serving MA/RI. MATCH CONFIDENCE: HIGH (0.85).,
Combined Pest Control,SAM-OMS01,https://sam.gov/opp/31125PR260000083/view,1 Base Year (01/01/2026-12/31/2026) + 4 Option Years,"Location: Buzzards Bay, MA 02542; NAICS: 561710; PSC: 6840",Non-chemical techniques; Chemical control agents (EPA approved),NW Pest Control,info@nwpestcontrol.com,https://www.nwpestcontrol.com,"Fall River, MA",Pest Control Service Provider; Family Owned; Residential & Commercial. Serves Fall River and South Coast. MATCH CONFIDENCE: HIGH (0.8).,
Combined Pest Control,SAM-OMS01,https://sam.gov/opp/31125PR260000083/view,1 Base Year (01/01/2026-12/31/2026) + 4 Option Years,"Location: Buzzards Bay, MA 02542; NAICS: 561710; PSC: 6840",Non-chemical techniques; Chemical control agents (EPA approved),Guardian Pest Control,info@guardianpestri.com,https://www.guardianpestri.com,"Fall River, MA",Pest Control Service Provider; Prevention Services. Serves Fall River and surrounding areas. MATCH CONFIDENCE: HIGH (0.8).,
Combined Pest Control,SAM-OMS01,https://sam.gov/opp/31125PR260000083/view,1 Base Year (01/01/2026-12/31/2026) + 4 Option Years,"Location: Buzzards Bay, MA 02542; NAICS: 561710; PSC: 6840",Non-chemical techniques; Chemical control agents (EPA approved),South Shore IPM,info@southshoreipm.com,https://www.southshoreipm.com,"Weymouth, MA",Pest Control Service Provider; IPM; Organic Options. Focus on Integrated Pest Management and eco-friendly solutions. MATCH CONFIDENCE: HIGH (0.85).,
Combined Pest Control,SAM-OMS01,https://sam.gov/opp/31125PR260000083/view,1 Base Year (01/01/2026-12/31/2026) + 4 Option Years,"Location: Buzzards Bay, MA 02542; NAICS: 561710; PSC: 6840",Non-chemical techniques; Chemical control agents (EPA approved),Assurance Pest Solutions,info@assurancepestsolutions.com,https://www.assurancepestsolutions.com,"Middlesex, MA",Pest Control Service Provider; IPM; Associate Certified Entomologists on staff. High confidence in technical capability (IPM). MATCH CONFIDENCE: MEDIUM (0.75).,
Combined Pest Control,SAM-OMS01,https://sam.gov/opp/31125PR260000083/view,1 Base Year (01/01/2026-12/31/2026) + 4 Option Years,"Location: Buzzards Bay, MA 02542; NAICS: 561710; PSC: 6840",Non-chemical techniques; Chemical control agents (EPA approved),Pestex,info@pestexinc.com,https://www.pestexinc.com,"Boston, MA",Pest Control Service Provider; Termite Colony Elimination; Exclusion Services. Focus on long-term solutions and exclusion (non-chemical). MATCH CONFIDENCE: HIGH (0.8).,
Combined Pest Control,SAM-OMS01,https://sam.gov/opp/31125PR260000083/view,1 Base Year (01/01/2026-12/31/2026) + 4 Option Years,"Location: Buzzards Bay, MA 02542; NAICS: 561710; PSC: 6840",Non-chemical techniques; Chemical control agents (EPA approved),Yankee Pest Control,info@yankeepestcontrol.com,https://www.yankeepestcontrol.com,"Malden, MA",Pest Control Service Provider; IPM; Commercial & Residential. Strong commercial focus. MATCH CONFIDENCE: MEDIUM (0.75).,
Combined Pest Control,SAM-OMS01,https://sam.gov/opp/31125PR260000083/view,1 Base Year (01/01/2026-12/31/2026) + 4 Option Years,"Location: Buzzards Bay, MA 02542; NAICS: 561710; PSC: 6840",Non-chemical techniques; Chemical control agents (EPA approved),Catseye Pest Control,service@catseyepest.com,https://www.catseyepest.com,"Plymouth, MA",Pest Control Service Provider; Exclusion Systems (Cat-Guard); Wildlife Control. Strong focus on non-chemical exclusion techniques. MATCH CONFIDENCE: HIGH (0.85).,
Combined Pest Control,SAM-OMS01,https://sam.gov/opp/31125PR260000083/view,1 Base Year (01/01/2026-12/31/2026) + 4 Option Years,"Location: Buzzards Bay, MA 02542; NAICS: 561710; PSC: 6840",Non-chemical techniques; Chemical control agents (EPA approved),Ultra Safe Pest Management,info@ultrasafepest.com,https://www.ultrasafepest.com,"Boston, MA",Pest Control Service Provider; Wildlife Removal; IPM. Emphasizes safety and IPM. MATCH CONFIDENCE: MEDIUM (0.75).,
Combined Pest Control,SAM-OMS01,https://sam.gov/opp/31125PR260000083/view,1 Base Year (01/01/2026-12/31/2026) + 4 Option Years,"Location: Buzzards Bay, MA 02542; NAICS: 561710; PSC: 6840",Non-chemical techniques; Chemical control agents (EPA approved),Ecologic Entomology,info@ecologicentomology.com,https://www.ecologicentomology.com,"Boston, MA",Pest Control Service Provider; Commercial Focus; IPM. specialized in commercial pest control using entomology-based solutions. MATCH CONFIDENCE: HIGH (0.8).,
Combined Pest Control,SAM-OMS01,https://sam.gov/opp/31125PR260000083/view,1 Base Year (01/01/2026-12/31/2026) + 4 Option Years,"Location: Buzzards Bay, MA 02542; NAICS: 561710; PSC: 6840",Non-chemical techniques; Chemical control agents (EPA approved),Michael Scott Pest Control,info@michaelscottpestcontrol.com,https://www.michaelscottpestcontrol.com,"Brockton, MA",Pest Control Service Provider; Emergency Services; General Pest Control. MATCH CONFIDENCE: MEDIUM (0.7).,
Combined Pest Control,SAM-OMS01,https://sam.gov/opp/31125PR260000083/view,1 Base Year (01/01/2026-12/31/2026) + 4 Option Years,"Location: Buzzards Bay, MA 02542; NAICS: 561710; PSC: 6840",Non-chemical techniques; Chemical control agents (EPA approved),Freedom Pest Control,info@callfreedompest.com,https://www.callfreedompest.com,"Merrimac, MA",Pest Control Service Provider; Food Safety; IPM. Certified and licensed. MATCH CONFIDENCE: MEDIUM (0.7).,
Combined Pest Control,SAM-OMS01,https://sam.gov/opp/31125PR260000083/view,1 Base Year (01/01/2026-12/31/2026) + 4 Option Years,"Location: Buzzards Bay, MA 02542; NAICS: 561710; PSC: 6840",Non-chemical techniques; Chemical control agents (EPA approved),Minuteman Pest Control,Paul@minutemanpest.com,https://www.minutemanpest.com,"Northampton, MA",Pest Control Service Provider; IPM Certified; Environmentally Responsible. Strong IPM credential. MATCH CONFIDENCE: MEDIUM (0.7).,
Combined Pest Control,SAM-OMS01,https://sam.gov/opp/31125PR260000083/view,1 Base Year (01/01/2026-12/31/2026) + 4 Option Years,"Location: Buzzards Bay, MA 02542; NAICS: 561710; PSC: 6840",Non-chemical techniques; Chemical control agents (EPA approved),General Environmental Services,info@teamges.net,https://www.teamges.net,"Malden, MA",Pest Control Service Provider; Commercial & Industrial; Vegetation Control. Matching 'Commercial Pest Control' context. MATCH CONFIDENCE: MEDIUM (0.75).,
Combined Pest Control,SAM-OMS01,https://sam.gov/opp/31125PR260000083/view,1 Base Year (01/01/2026-12/31/2026) + 4 Option Years,"Location: Buzzards Bay, MA 02542; NAICS: 561710; PSC: 6840",Non-chemical techniques; Chemical control agents (EPA approved),Five Star Pest Control,info@plymouthpestcontrol.com,https://www.plymouthpestcontrol.com,"Plymouth, MA",Pest Control Service Provider; Eco-friendly; Residential & Commercial. Local to Plymouth/Buzzards Bay area. MATCH CONFIDENCE: HIGH (0.85).,
Combined Pest Control,SAM-OMS01,https://sam.gov/opp/31125PR260000083/view,1 Base Year (01/01/2026-12/31/2026) + 4 Option Years,"Location: Buzzards Bay, MA 02542; NAICS: 561710; PSC: 6840",Non-chemical techniques; Chemical control agents (EPA approved),Beyond Pest Services,info@beyondpestservices.com,https://www.beyondpestservices.com,"New Bedford, MA",Pest Control Service Provider; Integrated Management. Local New Bedford service. MATCH CONFIDENCE: HIGH (0.8).,
Combined Pest Control,SAM-OMS01,https://sam.gov/opp/31125PR260000083/view,1 Base Year (01/01/2026-12/31/2026) + 4 Option Years,"Location: Buzzards Bay, MA 02542; NAICS: 561710; PSC: 6840",Non-chemical techniques; Chemical control agents (EPA approved),Pest Assassins,info@pestassassins.com,https://www.pestassassins.com,"Fall River, MA",Pest Control Service Provider; Rodent & Insect Control. No contract options. MATCH CONFIDENCE: HIGH (0.75).,
Combined Pest Control,SAM-OMS01,https://sam.gov/opp/31125PR260000083/view,1 Base Year (01/01/2026-12/31/2026) + 4 Option Years,"Location: Buzzards Bay, MA 02542; NAICS: 561710; PSC: 6840",Non-chemical techniques; Chemical control agents (EPA approved),Insight Pest Solutions,info@insightpest.com,https://www.insightpest.com,"Taunton, MA",Pest Control Service Provider; Residential & Commercial. Local branch in Taunton. MATCH CONFIDENCE: HIGH (0.8).,
Combined Pest Control,SAM-OMS01,https://sam.gov/opp/31125PR260000083/view,1 Base Year (01/01/2026-12/31/2026) + 4 Option Years,"Location: Buzzards Bay, MA 02542; NAICS: 561710; PSC: 6840",Non-chemical techniques; Chemical control agents (EPA approved),Lancelot Janitorial Pest Control Supplies,info@lancelotjanitorial.com,https://www.lancelotjanitorial.com,"Lynn, MA","Distributor/Wholesaler; Pest Control Supplies; Janitorial Supplies. Sells traps, baits, and sprays. Matches 'Wholesaler' goal. MATCH CONFIDENCE: HIGH (0.9).",
6515--NX EQ Lift: Patient Transfer: Clip Based Standard - Amedment,SAM-3OMEE,https://sam.gov/search/?index=opp&keywords=36C10G26R0006,Requirements contract (12-month base period + 4 one-year options),Safe Working Load: 227 kg (500 lbs); Lifting Range: 225 mm - 1575 mm (8.75 in - 62 in); Unit Weight: 70 kg (154 lbs); External Width (Closed): 718 mm (28.25 in); External Width (Open): 1196 mm (47 in),Powder-coated Aluminum and Stainless Steel chassis with high-grade plastic covers,Arjo,info.us@arjo.com,https://www.arjo.com,"IL, USA","Manufacturer of the NX EQ Lift equivalent (Maxi Move), patient handling systems, hygiene, and disinfection.",1
6515--NX EQ Lift: Patient Transfer: Clip Based Standard - Amedment,SAM-3OMEE,https://sam.gov/search/?index=opp&keywords=36C10G26R0006,Requirements contract (12-month base period + 4 one-year options),Safe Working Load: 227 kg (500 lbs); Lifting Range: 225 mm - 1575 mm (8.75 in - 62 in); Unit Weight: 70 kg (154 lbs); External Width (Closed): 718 mm (28.25 in); External Width (Open): 1196 mm (47 in),Powder-coated Aluminum and Stainless Steel chassis with high-grade plastic covers,Hillrom (Baxter),hrc_us_customerservice@baxter.com,https://www.hillrom.com,"IL, USA","Manufacturer of Liko patient lifts, mobile lifts, and ceiling hoists.",0.95
6515--NX EQ Lift: Patient Transfer: Clip Based Standard - Amedment,SAM-3OMEE,https://sam.gov/search/?index=opp&keywords=36C10G26R0006,Requirements contract (12-month base period + 4 one-year options),Safe Working Load: 227 kg (500 lbs); Lifting Range: 225 mm - 1575 mm (8.75 in - 62 in); Unit Weight: 70 kg (154 lbs); External Width (Closed): 718 mm (28.25 in); External Width (Open): 1196 mm (47 in),Powder-coated Aluminum and Stainless Steel chassis with high-grade plastic covers,Joerns Healthcare,info@joerns.com,https://www.joerns.com,"NC, USA","Manufacturer of Hoyer lifts, classic hydraulic and electric patient lifters.",0.95
6515--NX EQ Lift: Patient Transfer: Clip Based Standard - Amedment,SAM-3OMEE,https://sam.gov/search/?index=opp&keywords=36C10G26R0006,Requirements contract (12-month base period + 4 one-year options),Safe Working Load: 227 kg (500 lbs); Lifting Range: 225 mm - 1575 mm (8.75 in - 62 in); Unit Weight: 70 kg (154 lbs); External Width (Closed): 718 mm (28.25 in); External Width (Open): 1196 mm (47 in),Powder-coated Aluminum and Stainless Steel chassis with high-grade plastic covers,Drive DeVilbiss Healthcare,customerservice@drivemedical.com,https://www.drivemedical.com,"NY, USA",Major supplier of durable medical equipment including electric and hydraulic patient lifts.,0.9
6515--NX EQ Lift: Patient Transfer: Clip Based Standard - Amedment,SAM-3OMEE,https://sam.gov/search/?index=opp&keywords=36C10G26R0006,Requirements contract (12-month base period + 4 one-year options),Safe Working Load: 227 kg (500 lbs); Lifting Range: 225 mm - 1575 mm (8.75 in - 62 in); Unit Weight: 70 kg (154 lbs); External Width (Closed): 718 mm (28.25 in); External Width (Open): 1196 mm (47 in),Powder-coated Aluminum and Stainless Steel chassis with high-grade plastic covers,Medline Industries,helpdesk@medline.com,https://www.medline.com,"IL, USA",Manufacturer and distributor of a wide range of patient lifts and medical supplies.,0.9
6515--NX EQ Lift: Patient Transfer: Clip Based Standard - Amedment,SAM-3OMEE,https://sam.gov/search/?index=opp&keywords=36C10G26R0006,Requirements contract (12-month base period + 4 one-year options),Safe Working Load: 227 kg (500 lbs); Lifting Range: 225 mm - 1575 mm (8.75 in - 62 in); Unit Weight: 70 kg (154 lbs); External Width (Closed): 718 mm (28.25 in); External Width (Open): 1196 mm (47 in),Powder-coated Aluminum and Stainless Steel chassis with high-grade plastic covers,Stryker,medicalcustomerservice@stryker.com,https://www.stryker.com,"MI, USA","Manufacturer of acute care medical equipment, stretchers, and patient handling solutions.",0.85
6515--NX EQ Lift: Patient Transfer: Clip Based Standard - Amedment,SAM-3OMEE,https://sam.gov/search/?index=opp&keywords=36C10G26R0006,Requirements contract (12-month base period + 4 one-year options),Safe Working Load: 227 kg (500 lbs); Lifting Range: 225 mm - 1575 mm (8.75 in - 62 in); Unit Weight: 70 kg (154 lbs); External Width (Closed): 718 mm (28.25 in); External Width (Open): 1196 mm (47 in),Powder-coated Aluminum and Stainless Steel chassis with high-grade plastic covers,Direct Supply,hello@directsupplyinc.com,https://www.directsupply.com,"WI, USA","Large distributor of equipment for senior living, including patient lifts and mobility aids.",0.85
6515--NX EQ Lift: Patient Transfer: Clip Based Standard - Amedment,SAM-3OMEE,https://sam.gov/search/?index=opp&keywords=36C10G26R0006,Requirements contract (12-month base period + 4 one-year options),Safe Working Load: 227 kg (500 lbs); Lifting Range: 225 mm - 1575 mm (8.75 in - 62 in); Unit Weight: 70 kg (154 lbs); External Width (Closed): 718 mm (28.25 in); External Width (Open): 1196 mm (47 in),Powder-coated Aluminum and Stainless Steel chassis with high-grade plastic covers,Graham-Field,cs@grahamfield.com,https://www.grahamfield.com,"GA, USA",Manufacturer of Lumex patient lifts and healthcare products.,0.9
6515--NX EQ Lift: Patient Transfer: Clip Based Standard - Amedment,SAM-3OMEE,https://sam.gov/search/?index=opp&keywords=36C10G26R0006,Requirements contract (12-month base period + 4 one-year options),Safe Working Load: 227 kg (500 lbs); Lifting Range: 225 mm - 1575 mm (8.75 in - 62 in); Unit Weight: 70 kg (154 lbs); External Width (Closed): 718 mm (28.25 in); External Width (Open): 1196 mm (47 in),Powder-coated Aluminum and Stainless Steel chassis with high-grade plastic covers,Proactive Medical Products,sales@proactivemedical.com,https://www.proactivemedical.com,"NY, USA",Manufacturer of Protekt series patient lifts (500lb/600lb capacity) matching specs.,0.95
6515--NX EQ Lift: Patient Transfer: Clip Based Standard - Amedment,SAM-3OMEE,https://sam.gov/search/?index=opp&keywords=36C10G26R0006,Requirements contract (12-month base period + 4 one-year options),Safe Working Load: 227 kg (500 lbs); Lifting Range: 225 mm - 1575 mm (8.75 in - 62 in); Unit Weight: 70 kg (154 lbs); External Width (Closed): 718 mm (28.25 in); External Width (Open): 1196 mm (47 in),Powder-coated Aluminum and Stainless Steel chassis with high-grade plastic covers,Guldmann Inc,info@guldmann.net,https://www.guldmann.com,"FL, USA",Specialist in ceiling hoists and mobile lifters (GL5) for safe patient handling.,0.95
6515--NX EQ Lift: Patient Transfer: Clip Based Standard - Amedment,SAM-3OMEE,https://sam.gov/search/?index=opp&keywords=36C10G26R0006,Requirements contract (12-month base period + 4 one-year options),Safe Working Load: 227 kg (500 lbs); Lifting Range: 225 mm - 1575 mm (8.75 in - 62 in); Unit Weight: 70 kg (154 lbs); External Width (Closed): 718 mm (28.25 in); External Width (Open): 1196 mm (47 in),Powder-coated Aluminum and Stainless Steel chassis with high-grade plastic covers,HoverTech International,info@hovertechinternational.com,https://www.hovertechinternational.com,"PA, USA",Manufacturer of air-assisted patient transfer systems and lifts.,0.85
6515--NX EQ Lift: Patient Transfer: Clip Based Standard - Amedment,SAM-3OMEE,https://sam.gov/search/?index=opp&keywords=36C10G26R0006,Requirements contract (12-month base period + 4 one-year options),Safe Working Load: 227 kg (500 lbs); Lifting Range: 225 mm - 1575 mm (8.75 in - 62 in); Unit Weight: 70 kg (154 lbs); External Width (Closed): 718 mm (28.25 in); External Width (Open): 1196 mm (47 in),Powder-coated Aluminum and Stainless Steel chassis with high-grade plastic covers,Silvalea,customerservices@silvalea.com,https://www.silvalea.com,"Newton Abbot, UK",Manufacturer of patient transfer slings and hoist accessories (Division of Savaria).,0.9
6515--NX EQ Lift: Patient Transfer: Clip Based Standard - Amedment,SAM-3OMEE,https://sam.gov/search/?index=opp&keywords=36C10G26R0006,Requirements contract (12-month base period + 4 one-year options),Safe Working Load: 227 kg (500 lbs); Lifting Range: 225 mm - 1575 mm (8.75 in - 62 in); Unit Weight: 70 kg (154 lbs); External Width (Closed): 718 mm (28.25 in); External Width (Open): 1196 mm (47 in),Powder-coated Aluminum and Stainless Steel chassis with high-grade plastic covers,Human Care,info.us@humancaregroup.com,https://www.humancaregroup.com,"TX, USA","Manufacturer of overhead lifts, mobile lifts, and convertible chairs.",0.9
6515--NX EQ Lift: Patient Transfer: Clip Based Standard - Amedment,SAM-3OMEE,https://sam.gov/search/?index=opp&keywords=36C10G26R0006,Requirements contract (12-month base period + 4 one-year options),Safe Working Load: 227 kg (500 lbs); Lifting Range: 225 mm - 1575 mm (8.75 in - 62 in); Unit Weight: 70 kg (154 lbs); External Width (Closed): 718 mm (28.25 in); External Width (Open): 1196 mm (47 in),Powder-coated Aluminum and Stainless Steel chassis with high-grade plastic covers,Span-America,info@spanamerica.com,https://www.spanamerica.com,"SC, USA",Manufacturer of therapeutic support surfaces and patient positioners (Division of Savaria).,0.9
6515--NX EQ Lift: Patient Transfer: Clip Based Standard - Amedment,SAM-3OMEE,https://sam.gov/search/?index=opp&keywords=36C10G26R0006,Requirements contract (12-month base period + 4 one-year options),Safe Working Load: 227 kg (500 lbs); Lifting Range: 225 mm - 1575 mm (8.75 in - 62 in); Unit Weight: 70 kg (154 lbs); External Width (Closed): 718 mm (28.25 in); External Width (Open): 1196 mm (47 in),Powder-coated Aluminum and Stainless Steel chassis with high-grade plastic covers,AliMed,customerservice@alimed.com,https://www.alimed.com,"MA, USA",Distributor and manufacturer of a vast range of medical and ergonomic products.,0.85
6515--NX EQ Lift: Patient Transfer: Clip Based Standard - Amedment,SAM-3OMEE,https://sam.gov/search/?index=opp&keywords=36C10G26R0006,Requirements contract (12-month base period + 4 one-year options),Safe Working Load: 227 kg (500 lbs); Lifting Range: 225 mm - 1575 mm (8.75 in - 62 in); Unit Weight: 70 kg (154 lbs); External Width (Closed): 718 mm (28.25 in); External Width (Open): 1196 mm (47 in),Powder-coated Aluminum and Stainless Steel chassis with high-grade plastic covers,Novum Medical Products,info@novummed.com,https://www.novummed.com,"NY, USA",Manufacturer of medical equipment including pediatric cribs and steel medical products.,0.85
6515--NX EQ Lift: Patient Transfer: Clip Based Standard - Amedment,SAM-3OMEE,https://sam.gov/search/?index=opp&keywords=36C10G26R0006,Requirements contract (12-month base period + 4 one-year options),Safe Working Load: 227 kg (500 lbs); Lifting Range: 225 mm - 1575 mm (8.75 in - 62 in); Unit Weight: 70 kg (154 lbs); External Width (Closed): 718 mm (28.25 in); External Width (Open): 1196 mm (47 in),Powder-coated Aluminum and Stainless Steel chassis with high-grade plastic covers,McKesson Medical-Surgical,government.bids@mckesson.com,https://www.mckesson.com,"VA, USA","Largest distributor of pharmaceuticals and medical supplies, including patient lifts.",0.9
6515--NX EQ Lift: Patient Transfer: Clip Based Standard - Amedment,SAM-3OMEE,https://sam.gov/search/?index=opp&keywords=36C10G26R0006,Requirements contract (12-month base period + 4 one-year options),Safe Working Load: 227 kg (500 lbs); Lifting Range: 225 mm - 1575 mm (8.75 in - 62 in); Unit Weight: 70 kg (154 lbs); External Width (Closed): 718 mm (28.25 in); External Width (Open): 1196 mm (47 in),Powder-coated Aluminum and Stainless Steel chassis with high-grade plastic covers,NAUSICAA Médical,contact@nausicaa-medical.com,https://www.nausicaa-medical.com,France,"Manufacturer of patient lifts and transfer aids, exporting globally.",0.9
6515--NX EQ Lift: Patient Transfer: Clip Based Standard - Amedment,SAM-3OMEE,https://sam.gov/search/?index=opp&keywords=36C10G26R0006,Requirements contract (12-month base period + 4 one-year options),Safe Working Load: 227 kg (500 lbs); Lifting Range: 225 mm - 1575 mm (8.75 in - 62 in); Unit Weight: 70 kg (154 lbs); External Width (Closed): 718 mm (28.25 in); External Width (Open): 1196 mm (47 in),Powder-coated Aluminum and Stainless Steel chassis with high-grade plastic covers,Performance Health,customersupport@performancehealth.com,https://www.performancehealth.com,"IL, USA",Manufacturer and distributor of rehabilitation and wellness products.,0.85
6515--NX EQ Lift: Patient Transfer: Clip Based Standard - Amedment,SAM-3OMEE,https://sam.gov/search/?index=opp&keywords=36C10G26R0006,Requirements contract (12-month base period + 4 one-year options),Safe Working Load: 227 kg (500 lbs); Lifting Range: 225 mm - 1575 mm (8.75 in - 62 in); Unit Weight: 70 kg (154 lbs); External Width (Closed): 718 mm (28.25 in); External Width (Open): 1196 mm (47 in),Powder-coated Aluminum and Stainless Steel chassis with high-grade plastic covers,Bestcare LLC,info@bestcarellc.com,https://www.bestcarellc.com,"GA, USA",Manufacturer specialized in patient lifts (BestLift series) and transfer aids.,0.95
6515--NX EQ Lift: Patient Transfer: Clip Based Standard - Amedment,SAM-3OMEE,https://sam.gov/search/?index=opp&keywords=36C10G26R0006,Requirements contract (12-month base period + 4 one-year options),Safe Working Load: 227 kg (500 lbs); Lifting Range: 225 mm - 1575 mm (8.75 in - 62 in); Unit Weight: 70 kg (154 lbs); External Width (Closed): 718 mm (28.25 in); External Width (Open): 1196 mm (47 in),Powder-coated Aluminum and Stainless Steel chassis with high-grade plastic covers,Rhythm Healthcare,contactus@rhythmhc.com,https://www.rhythmhc.com,"FL, USA",Supplier of durable medical equipment including mobility and patient room products.,0.9
6515--NX EQ Lift: Patient Transfer: Clip Based Standard - Amedment,SAM-3OMEE,https://sam.gov/search/?index=opp&keywords=36C10G26R0006,Requirements contract (12-month base period + 4 one-year options),Safe Working Load: 227 kg (500 lbs); Lifting Range: 225 mm - 1575 mm (8.75 in - 62 in); Unit Weight: 70 kg (154 lbs); External Width (Closed): 718 mm (28.25 in); External Width (Open): 1196 mm (47 in),Powder-coated Aluminum and Stainless Steel chassis with high-grade plastic covers,Vive Health,service@vivehealth.com,https://www.vivehealth.com,"FL, USA",Direct-to-consumer and wholesale supplier of mobility and home health equipment.,0.85
6515--NX EQ Lift: Patient Transfer: Clip Based Standard - Amedment,SAM-3OMEE,https://sam.gov/search/?index=opp&keywords=36C10G26R0006,Requirements contract (12-month base period + 4 one-year options),Safe Working Load: 227 kg (500 lbs); Lifting Range: 225 mm - 1575 mm (8.75 in - 62 in); Unit Weight: 70 kg (154 lbs); External Width (Closed): 718 mm (28.25 in); External Width (Open): 1196 mm (47 in),Powder-coated Aluminum and Stainless Steel chassis with high-grade plastic covers,Med-Mizer,sales@med-mizer.com,https://www.med-mizer.com,"IN, USA",Manufacturer of hospital beds and safe patient handling solutions.,0.9
6515--NX EQ Lift: Patient Transfer: Clip Based Standard - Amedment,SAM-3OMEE,https://sam.gov/search/?index=opp&keywords=36C10G26R0006,Requirements contract (12-month base period + 4 one-year options),Safe Working Load: 227 kg (500 lbs); Lifting Range: 225 mm - 1575 mm (8.75 in - 62 in); Unit Weight: 70 kg (154 lbs); External Width (Closed): 718 mm (28.25 in); External Width (Open): 1196 mm (47 in),Powder-coated Aluminum and Stainless Steel chassis with high-grade plastic covers,TR Equipment,information@trequipment.com,https://www.trequipment.com,"NY, USA",Manufacturer of shower trolleys and patient bathing/transfer lifts.,0.9
6515--NX EQ Lift: Patient Transfer: Clip Based Standard - Amedment,SAM-3OMEE,https://sam.gov/search/?index=opp&keywords=36C10G26R0006,Requirements contract (12-month base period + 4 one-year options),Safe Working Load: 227 kg (500 lbs); Lifting Range: 225 mm - 1575 mm (8.75 in - 62 in); Unit Weight: 70 kg (154 lbs); External Width (Closed): 718 mm (28.25 in); External Width (Open): 1196 mm (47 in),Powder-coated Aluminum and Stainless Steel chassis with high-grade plastic covers,Horcher Lifting Systems,office@horcher.com,https://www.horcher.com,Germany,Manufacturer of patient lifts and bathing systems.,0.9
6515--NX EQ Lift: Patient Transfer: Clip Based Standard - Amedment,SAM-3OMEE,https://sam.gov/search/?index=opp&keywords=36C10G26R0006,Requirements contract (12-month base period + 4 one-year options),Safe Working Load: 227 kg (500 lbs); Lifting Range: 225 mm - 1575 mm (8.75 in - 62 in); Unit Weight: 70 kg (154 lbs); External Width (Closed): 718 mm (28.25 in); External Width (Open): 1196 mm (47 in),Powder-coated Aluminum and Stainless Steel chassis with high-grade plastic covers,Wy'East Medical,info@wyeastmed.com,https://www.wyeastmedical.com,"OR, USA",Manufacturer of TotalLift transfer chairs and patient handling equipment.,0.9
6515--NX EQ Lift: Patient Transfer: Clip Based Standard - Amedment,SAM-3OMEE,https://sam.gov/search/?index=opp&keywords=36C10G26R0006,Requirements contract (12-month base period + 4 one-year options),Safe Working Load: 227 kg (500 lbs); Lifting Range: 225 mm - 1575 mm (8.75 in - 62 in); Unit Weight: 70 kg (154 lbs); External Width (Closed): 718 mm (28.25 in); External Width (Open): 1196 mm (47 in),Powder-coated Aluminum and Stainless Steel chassis with high-grade plastic covers,Clarke Health Care Products,info@clarkehealthcare.com,https://www.clarkehealthcare.com,"PA, USA",Distributor of niche medical equipment including Aquatec and other mobility aids.,0.85
6515--NX EQ Lift: Patient Transfer: Clip Based Standard - Amedment,SAM-3OMEE,https://sam.gov/search/?index=opp&keywords=36C10G26R0006,Requirements contract (12-month base period + 4 one-year options),Safe Working Load: 227 kg (500 lbs); Lifting Range: 225 mm - 1575 mm (8.75 in - 62 in); Unit Weight: 70 kg (154 lbs); External Width (Closed): 718 mm (28.25 in); External Width (Open): 1196 mm (47 in),Powder-coated Aluminum and Stainless Steel chassis with high-grade plastic covers,Lopital,info@lopital.nl,https://www.lopital.com,Netherlands,Manufacturer of hygiene and patient transfer equipment.,0.9
6515--NX EQ Lift: Patient Transfer: Clip Based Standard - Amedment,SAM-3OMEE,https://sam.gov/search/?index=opp&keywords=36C10G26R0006,Requirements contract (12-month base period + 4 one-year options),Safe Working Load: 227 kg (500 lbs); Lifting Range: 225 mm - 1575 mm (8.75 in - 62 in); Unit Weight: 70 kg (154 lbs); External Width (Closed): 718 mm (28.25 in); External Width (Open): 1196 mm (47 in),Powder-coated Aluminum and Stainless Steel chassis with high-grade plastic covers,Amico Corporation,info@amico.com,https://www.amico.com,"ON, Canada",Manufacturer of a broad range of medical equipment including patient lifts and booms.,0.9
6515--NX EQ Lift: Patient Transfer: Clip Based Standard - Amedment,SAM-3OMEE,https://sam.gov/search/?index=opp&keywords=36C10G26R0006,Requirements contract (12-month base period + 4 one-year options),Safe Working Load: 227 kg (500 lbs); Lifting Range: 225 mm - 1575 mm (8.75 in - 62 in); Unit Weight: 70 kg (154 lbs); External Width (Closed): 718 mm (28.25 in); External Width (Open): 1196 mm (47 in),Powder-coated Aluminum and Stainless Steel chassis with high-grade plastic covers,"EZ Way, Inc.",ezway@ezlifts.com,https://www.ezlifts.com,"IA, USA",Manufacturer of safe patient handling equipment including lifts and stands.,0.95
6515--NX EQ Lift: Patient Transfer: Clip Based Standard - Amedment,SAM-3OMEE,https://sam.gov/search/?index=opp&keywords=36C10G26R0006,Requirements contract (12-month base period + 4 one-year options),Safe Working Load: 227 kg (500 lbs); Lifting Range: 225 mm - 1575 mm (8.75 in - 62 in); Unit Weight: 70 kg (154 lbs); External Width (Closed): 718 mm (28.25 in); External Width (Open): 1196 mm (47 in),Powder-coated Aluminum and Stainless Steel chassis with high-grade plastic covers,Tollos,customerservice@tollos.com,https://www.tollos.com,"MD, USA","Manufacturer of ceiling and floor lifts, focusing on injury reduction.",0.95
6515--NX EQ Lift: Patient Transfer: Clip Based Standard - Amedment,SAM-3OMEE,https://sam.gov/search/?index=opp&keywords=36C10G26R0006,Requirements contract (12-month base period + 4 one-year options),Safe Working Load: 227 kg (500 lbs); Lifting Range: 225 mm - 1575 mm (8.75 in - 62 in); Unit Weight: 70 kg (154 lbs); External Width (Closed): 718 mm (28.25 in); External Width (Open): 1196 mm (47 in),Powder-coated Aluminum and Stainless Steel chassis with high-grade plastic covers,Vancare,info@vancare.com,https://www.vancare.com,"NE, USA",Manufacturer of Safe Patient Handling equipment including mobile lifts and slings.,0.95
6515--NX EQ Lift: Patient Transfer: Clip Based Standard - Amedment,SAM-3OMEE,https://sam.gov/search/?index=opp&keywords=36C10G26R0006,Requirements contract (12-month base period + 4 one-year options),Safe Working Load: 227 kg (500 lbs); Lifting Range: 225 mm - 1575 mm (8.75 in - 62 in); Unit Weight: 70 kg (154 lbs); External Width (Closed): 718 mm (28.25 in); External Width (Open): 1196 mm (47 in),Powder-coated Aluminum and Stainless Steel chassis with high-grade plastic covers,Prism Health Care Services,orders@prismhc.com,https://www.prismhc.com,"IL, USA",Distributor and service provider for durable medical equipment and patient lifts.,0.9
6515--NX EQ Lift: Patient Transfer: Clip Based Standard - Amedment,SAM-3OMEE,https://sam.gov/search/?index=opp&keywords=36C10G26R0006,Requirements contract (12-month base period + 4 one-year options),Safe Working Load: 227 kg (500 lbs); Lifting Range: 225 mm - 1575 mm (8.75 in - 62 in); Unit Weight: 70 kg (154 lbs); External Width (Closed): 718 mm (28.25 in); External Width (Open): 1196 mm (47 in),Powder-coated Aluminum and Stainless Steel chassis with high-grade plastic covers,Savaria (Handicare),info@savaria.com,https://www.savaria.com,"QC, Canada","Manufacturer of accessibility lifts, patient handling (Handicare brand), and elevators.",0.95
6515--NX EQ Lift: Patient Transfer: Clip Based Standard - Amedment,SAM-3OMEE,https://sam.gov/search/?index=opp&keywords=36C10G26R0006,Requirements contract (12-month base period + 4 one-year options),Safe Working Load: 227 kg (500 lbs); Lifting Range: 225 mm - 1575 mm (8.75 in - 62 in); Unit Weight: 70 kg (154 lbs); External Width (Closed): 718 mm (28.25 in); External Width (Open): 1196 mm (47 in),Powder-coated Aluminum and Stainless Steel chassis with high-grade plastic covers,Etac,sales.us@etac.com,https://www.etac.com,"NC, USA",Manufacturer of Molift patient lifts and other mobility aids.,0.95
6515--NX EQ Lift: Patient Transfer: Clip Based Standard - Amedment,SAM-3OMEE,https://sam.gov/search/?index=opp&keywords=36C10G26R0006,Requirements contract (12-month base period + 4 one-year options),Safe Working Load: 227 kg (500 lbs); Lifting Range: 225 mm - 1575 mm (8.75 in - 62 in); Unit Weight: 70 kg (154 lbs); External Width (Closed): 718 mm (28.25 in); External Width (Open): 1196 mm (47 in),Powder-coated Aluminum and Stainless Steel chassis with high-grade plastic covers,Detecto,detecto@cardet.com,https://www.detecto.com,"MO, USA","Manufacturer of medical scales, often integrated with patient lifts.",0.85
6515--NX EQ Lift: Patient Transfer: Clip Based Standard - Amedment,SAM-3OMEE,https://sam.gov/search/?index=opp&keywords=36C10G26R0006,Requirements contract (12-month base period + 4 one-year options),Safe Working Load: 227 kg (500 lbs); Lifting Range: 225 mm - 1575 mm (8.75 in - 62 in); Unit Weight: 70 kg (154 lbs); External Width (Closed): 718 mm (28.25 in); External Width (Open): 1196 mm (47 in),Powder-coated Aluminum and Stainless Steel chassis with high-grade plastic covers,Bemis Manufacturing Health Care,corp@bemismfg.com,https://www.bemishealthcare.com,"WI, USA",Manufacturer of medical plastic products and waste management systems.,0.8
6515--NX EQ Lift: Patient Transfer: Clip Based Standard - Amedment,SAM-3OMEE,https://sam.gov/search/?index=opp&keywords=36C10G26R0006,Requirements contract (12-month base period + 4 one-year options),Safe Working Load: 227 kg (500 lbs); Lifting Range: 225 mm - 1575 mm (8.75 in - 62 in); Unit Weight: 70 kg (154 lbs); External Width (Closed): 718 mm (28.25 in); External Width (Open): 1196 mm (47 in),Powder-coated Aluminum and Stainless Steel chassis with high-grade plastic covers,Pedigo Products,support@pedigo-usa.com,https://www.pedigo-usa.com,"WA, USA","Manufacturer of stainless steel medical equipment, stretchers, and transport aids.",0.8
6515--NX EQ Lift: Patient Transfer: Clip Based Standard - Amedment,SAM-3OMEE,https://sam.gov/search/?index=opp&keywords=36C10G26R0006,Requirements contract (12-month base period + 4 one-year options),Safe Working Load: 227 kg (500 lbs); Lifting Range: 225 mm - 1575 mm (8.75 in - 62 in); Unit Weight: 70 kg (154 lbs); External Width (Closed): 718 mm (28.25 in); External Width (Open): 1196 mm (47 in),Powder-coated Aluminum and Stainless Steel chassis with high-grade plastic covers,Healthline Medical Products,pvcdmeds1@aol.com,https://www.healthlinemedical.com,"FL, USA",Manufacturer of PVC medical equipment including shower chairs and carts.,0.85
6515--NX EQ Lift: Patient Transfer: Clip Based Standard - Amedment,SAM-3OMEE,https://sam.gov/search/?index=opp&keywords=36C10G26R0006,Requirements contract (12-month base period + 4 one-year options),Safe Working Load: 227 kg (500 lbs); Lifting Range: 225 mm - 1575 mm (8.75 in - 62 in); Unit Weight: 70 kg (154 lbs); External Width (Closed): 718 mm (28.25 in); External Width (Open): 1196 mm (47 in),Powder-coated Aluminum and Stainless Steel chassis with high-grade plastic covers,Agiliti Health,info@agilitihealth.com,https://www.agilitihealth.com,"MN, USA","Provider of medical equipment management, rental, and clinical engineering services.",0.9
N0016425SC001 CSO,SAM-YD6C4,https://sam.gov/search/?index=opp&keywords=N0016425SC001,Solution Briefs (Prototype/Indefinite Quantity),"MAS MGO: Max weight 40 oz, Min exit pupil 5mm; SMOLDr: Max weight 6.5 lbs, Max dimensions 21 inches","Aluminum alloy (housing), Optical glass, Rare earth elements (Erbium for lasers), Electronics",Smart Shooter Inc.,scott@smart-shooter.com,https://www.smart-shooter.com,"Herndon, VA, USA","Fire Control Systems, SMASH optics, drone engagement, small arms fire control integration (MAS MGO context). @scott@smart-shooter.com is VP US Ops or info@smart-shooter.com for general inquiries including N00164 solicitation interest for SMOLDr/MGO systems integration with advanced tracking algorithms and ruggedized electronics manufacturing capability verification confidence: High (Direct match to 'Fire control system manufacturing' and 'MAS MGO' context). Use: scott@smart-shooter.com or info@smart-shooter.com (Verified US contact). Specialty: Advanced Fire Control Systems for Small Arms. Confidence: 0.98.",
N0016425SC001 CSO,SAM-YD6C4,https://sam.gov/search/?index=opp&keywords=N0016425SC001,Solution Briefs (Prototype/Indefinite Quantity),"MAS MGO: Max weight 40 oz, Min exit pupil 5mm; SMOLDr: Max weight 6.5 lbs, Max dimensions 21 inches","Aluminum alloy (housing), Optical glass, Rare earth elements (Erbium for lasers), Electronics",Wilcox Industries Corp.,contact@wilcoxind.com,https://www.wilcoxind.com,"Newington, NH, USA","Tactical electro-optics, fire control systems, laser aiming devices, and mounting systems. High relevance for SMOLDr and MAS MGO ruggedized requirements. Specialty: Defense Optoelectronics & Laser Systems. Confidence: 0.95.",
N0016425SC001 CSO,SAM-YD6C4,https://sam.gov/search/?index=opp&keywords=N0016425SC001,Solution Briefs (Prototype/Indefinite Quantity),"MAS MGO: Max weight 40 oz, Min exit pupil 5mm; SMOLDr: Max weight 6.5 lbs, Max dimensions 21 inches","Aluminum alloy (housing), Optical glass, Rare earth elements (Erbium for lasers), Electronics",Vortex Optics,govsales@vortexoptics.com,https://vortexoptics.com,"Barneveld, WI, USA","Manufacturer of ruggedized optics, riflescopes, and fire control systems (NGSW-FC participant). Excellent match for MAS MGO 3.4x optic and aluminum housing requirements. Specialty: Ruggedized Optical Sights. Confidence: 0.92.",
N0016425SC001 CSO,SAM-YD6C4,https://sam.gov/search/?index=opp&keywords=N0016425SC001,Solution Briefs (Prototype/Indefinite Quantity),"MAS MGO: Max weight 40 oz, Min exit pupil 5mm; SMOLDr: Max weight 6.5 lbs, Max dimensions 21 inches","Aluminum alloy (housing), Optical glass, Rare earth elements (Erbium for lasers), Electronics",Rochester Precision Optics (RPO),bd@rpoptics.com,https://rpoptics.com,"West Henrietta, NY, USA","Precision optical assembly, night vision optics, and electro-optical manufacturing. High capability in molding optical glass and ruggedizing for defense. Specialty: Precision Optical Assembly. Confidence: 0.96.",
N0016425SC001 CSO,SAM-YD6C4,https://sam.gov/search/?index=opp&keywords=N0016425SC001,Solution Briefs (Prototype/Indefinite Quantity),"MAS MGO: Max weight 40 oz, Min exit pupil 5mm; SMOLDr: Max weight 6.5 lbs, Max dimensions 21 inches","Aluminum alloy (housing), Optical glass, Rare earth elements (Erbium for lasers), Electronics","Optimax Systems, Inc.",sales@optimaxsi.com,https://www.optimaxsi.com,"Ontario, NY, USA","Manufacturer of precision optics, optical glass components, and lenses for defense and aerospace. Key supplier for 'Optical glass' requirement. Specialty: Precision Optical Components. Confidence: 0.90.",
N0016425SC001 CSO,SAM-YD6C4,https://sam.gov/search/?index=opp&keywords=N0016425SC001,Solution Briefs (Prototype/Indefinite Quantity),"MAS MGO: Max weight 40 oz, Min exit pupil 5mm; SMOLDr: Max weight 6.5 lbs, Max dimensions 21 inches","Aluminum alloy (housing), Optical glass, Rare earth elements (Erbium for lasers), Electronics",Clear Align,info@clearalign.com,https://www.clearalign.com,"Eagleville, PA, USA","Design and manufacture of EO/IR systems, surveillance, and ruggedized optical assemblies. High match for 'Electro-optical manufacturing'. Specialty: EO/IR Systems Integration. Confidence: 0.94.",
N0016425SC001 CSO,SAM-YD6C4,https://sam.gov/search/?index=opp&keywords=N0016425SC001,Solution Briefs (Prototype/Indefinite Quantity),"MAS MGO: Max weight 40 oz, Min exit pupil 5mm; SMOLDr: Max weight 6.5 lbs, Max dimensions 21 inches","Aluminum alloy (housing), Optical glass, Rare earth elements (Erbium for lasers), Electronics",Optex Systems,info@optexsys.com,http://www.optexsys.com,"Richardson, TX, USA","Manufacturing of optical sighting systems, periscopes, and assembly for military vehicles and small arms. Specialty: Defense Sighting Systems. Confidence: 0.93.",
N0016425SC001 CSO,SAM-YD6C4,https://sam.gov/search/?index=opp&keywords=N0016425SC001,Solution Briefs (Prototype/Indefinite Quantity),"MAS MGO: Max weight 40 oz, Min exit pupil 5mm; SMOLDr: Max weight 6.5 lbs, Max dimensions 21 inches","Aluminum alloy (housing), Optical glass, Rare earth elements (Erbium for lasers), Electronics",Photonis Defense,info@photonisdefense.com,https://www.photonisdefense.com,"Lancaster, PA, USA","Night vision, digital vision sensors, and ruggedized defense electronics. Specialty: Night Vision & Sensors. Confidence: 0.89.",
N0016425SC001 CSO,SAM-YD6C4,https://sam.gov/search/?index=opp&keywords=N0016425SC001,Solution Briefs (Prototype/Indefinite Quantity),"MAS MGO: Max weight 40 oz, Min exit pupil 5mm; SMOLDr: Max weight 6.5 lbs, Max dimensions 21 inches","Aluminum alloy (housing), Optical glass, Rare earth elements (Erbium for lasers), Electronics",American Rheinmetall Systems,danielle.callender@rheinmetall-us.com,https://www.rheinmetall-arv-us.com,"Biddeford, ME, USA","Provider of fire control systems, laser rangefinders, and soldier systems. High relevance for SMOLDr laser designator integration. Specialty: Laser Systems & Fire Control. Confidence: 0.95.",
N0016425SC001 CSO,SAM-YD6C4,https://sam.gov/search/?index=opp&keywords=N0016425SC001,Solution Briefs (Prototype/Indefinite Quantity),"MAS MGO: Max weight 40 oz, Min exit pupil 5mm; SMOLDr: Max weight 6.5 lbs, Max dimensions 21 inches","Aluminum alloy (housing), Optical glass, Rare earth elements (Erbium for lasers), Electronics",IBC Advanced Alloys,coppersales@ibcadvancedalloys.com,https://www.ibcadvancedalloys.com,"Franklin, IN, USA","Manufacturer of Beryllium-Aluminum alloys used in high-performance optical housings (e.g., F-35 EOTS). Critical for 'Aluminum alloy (housing)' requirement. Specialty: Advanced Alloy Housings. Confidence: 0.91.",
N0016425SC001 CSO,SAM-YD6C4,https://sam.gov/search/?index=opp&keywords=N0016425SC001,Solution Briefs (Prototype/Indefinite Quantity),"MAS MGO: Max weight 40 oz, Min exit pupil 5mm; SMOLDr: Max weight 6.5 lbs, Max dimensions 21 inches","Aluminum alloy (housing), Optical glass, Rare earth elements (Erbium for lasers), Electronics",B.E. Meyers & Co.,info@bemeyers.com,https://bemeyers.com,"Redmond, WA, USA","Manufacturer of advanced laser systems, pointers, and illuminators (VCSEL/Erbium). Direct match for SMOLDr laser designator context. Specialty: Defense Laser Systems. Confidence: 0.97.",
N0016425SC001 CSO,SAM-YD6C4,https://sam.gov/search/?index=opp&keywords=N0016425SC001,Solution Briefs (Prototype/Indefinite Quantity),"MAS MGO: Max weight 40 oz, Min exit pupil 5mm; SMOLDr: Max weight 6.5 lbs, Max dimensions 21 inches","Aluminum alloy (housing), Optical glass, Rare earth elements (Erbium for lasers), Electronics",Steiner eOptics,apickett@steiner-eoptics.com,https://www.steiner-defense.com,"Miamisburg, OH, USA","Manufacturer of laser aiming solutions, tactical lights, and battle-hardened optics for military use. Specialty: Laser Aiming & Tactical Optics. Confidence: 0.96.",
N0016425SC001 CSO,SAM-YD6C4,https://sam.gov/search/?index=opp&keywords=N0016425SC001,Solution Briefs (Prototype/Indefinite Quantity),"MAS MGO: Max weight 40 oz, Min exit pupil 5mm; SMOLDr: Max weight 6.5 lbs, Max dimensions 21 inches","Aluminum alloy (housing), Optical glass, Rare earth elements (Erbium for lasers), Electronics",Aimpoint Inc.,professional.sales@aimpoint.us,https://www.aimpoint.us,"Manassas, VA, USA","Originator of red dot sighting technology, ruggedized fire control optics. High relevance for MAS MGO. Specialty: Reflex Sights & Fire Control. Confidence: 0.94.",
N0016425SC001 CSO,SAM-YD6C4,https://sam.gov/search/?index=opp&keywords=N0016425SC001,Solution Briefs (Prototype/Indefinite Quantity),"MAS MGO: Max weight 40 oz, Min exit pupil 5mm; SMOLDr: Max weight 6.5 lbs, Max dimensions 21 inches","Aluminum alloy (housing), Optical glass, Rare earth elements (Erbium for lasers), Electronics","Trijicon, Inc.",sales@trijicon.com,https://www.trijicon.com,"Wixom, MI, USA","Manufacturer of ACOG, RMR, and machine gun optics (MGO) with rugged aluminum housings. Specialty: Machine Gun Optics. Confidence: 0.98.",
N0016425SC001 CSO,SAM-YD6C4,https://sam.gov/search/?index=opp&keywords=N0016425SC001,Solution Briefs (Prototype/Indefinite Quantity),"MAS MGO: Max weight 40 oz, Min exit pupil 5mm; SMOLDr: Max weight 6.5 lbs, Max dimensions 21 inches","Aluminum alloy (housing), Optical glass, Rare earth elements (Erbium for lasers), Electronics",EOTECH,Rudy.Benz@eotechgov.com,https://www.eotechinc.com,"Plymouth, MI, USA",Holographic weapon sights and laser systems. High confidence for ruggedized electronics and optics. Specialty: Holographic Sights. Confidence: 0.93.,
N0016425SC001 CSO,SAM-YD6C4,https://sam.gov/search/?index=opp&keywords=N0016425SC001,Solution Briefs (Prototype/Indefinite Quantity),"MAS MGO: Max weight 40 oz, Min exit pupil 5mm; SMOLDr: Max weight 6.5 lbs, Max dimensions 21 inches","Aluminum alloy (housing), Optical glass, Rare earth elements (Erbium for lasers), Electronics","Leupold & Stevens, Inc.",govsales@leupold.com,https://www.leupold.com,"Beaverton, OR, USA","Manufacturer of high-performance tactical optics, spotting scopes, and mounts. Specialty: Tactical Optics Manufacturing. Confidence: 0.92.",
N0016425SC001 CSO,SAM-YD6C4,https://sam.gov/search/?index=opp&keywords=N0016425SC001,Solution Briefs (Prototype/Indefinite Quantity),"MAS MGO: Max weight 40 oz, Min exit pupil 5mm; SMOLDr: Max weight 6.5 lbs, Max dimensions 21 inches","Aluminum alloy (housing), Optical glass, Rare earth elements (Erbium for lasers), Electronics",Elbit Systems of America,douglas.schoen@elbitsystems-us.com,https://www.elbitamerica.com,"Fort Worth, TX, USA","Major defense contractor for EO/IR systems, laser rangefinders, and fire control. Specialty: EO/IR & Fire Control Systems. Confidence: 0.97.",
N0016425SC001 CSO,SAM-YD6C4,https://sam.gov/search/?index=opp&keywords=N0016425SC001,Solution Briefs (Prototype/Indefinite Quantity),"MAS MGO: Max weight 40 oz, Min exit pupil 5mm; SMOLDr: Max weight 6.5 lbs, Max dimensions 21 inches","Aluminum alloy (housing), Optical glass, Rare earth elements (Erbium for lasers), Electronics",Teledyne FLIR,defense@flir.com,https://www.flir.com,"Wilsonville, OR, USA","Leader in thermal imaging, EO/IR sensors, and laser designation systems. Specialty: Thermal & EO/IR Systems. Confidence: 0.96.",
N0016425SC001 CSO,SAM-YD6C4,https://sam.gov/search/?index=opp&keywords=N0016425SC001,Solution Briefs (Prototype/Indefinite Quantity),"MAS MGO: Max weight 40 oz, Min exit pupil 5mm; SMOLDr: Max weight 6.5 lbs, Max dimensions 21 inches","Aluminum alloy (housing), Optical glass, Rare earth elements (Erbium for lasers), Electronics",L3Harris Technologies,info@l3harris.com,https://www.l3harris.com,"Melbourne, FL, USA","Global leader in defense technologies, including laser rangefinders and electro-optical systems. Specialty: Major Defense Systems Integrator. Confidence: 0.99.",
N0016425SC001 CSO,SAM-YD6C4,https://sam.gov/search/?index=opp&keywords=N0016425SC001,Solution Briefs (Prototype/Indefinite Quantity),"MAS MGO: Max weight 40 oz, Min exit pupil 5mm; SMOLDr: Max weight 6.5 lbs, Max dimensions 21 inches","Aluminum alloy (housing), Optical glass, Rare earth elements (Erbium for lasers), Electronics",Raytheon (RTX),corporatepr@rtx.com,https://www.rtx.com,"Arlington, VA, USA","Major producer of EO/IR systems, ELCAN sights, and laser technologies. Specialty: Major Defense Systems Integrator. Confidence: 0.99.",
N0016425SC001 CSO,SAM-YD6C4,https://sam.gov/search/?index=opp&keywords=N0016425SC001,Solution Briefs (Prototype/Indefinite Quantity),"MAS MGO: Max weight 40 oz, Min exit pupil 5mm; SMOLDr: Max weight 6.5 lbs, Max dimensions 21 inches","Aluminum alloy (housing), Optical glass, Rare earth elements (Erbium for lasers), Electronics",BAE Systems,inc.communications@baesystems.com,https://www.baesystems.com,"Falls Church, VA, USA",Advanced precision guidance and optical systems for defense. Specialty: Defense Electronics & Systems. Confidence: 0.95.,
N0016425SC001 CSO,SAM-YD6C4,https://sam.gov/search/?index=opp&keywords=N0016425SC001,Solution Briefs (Prototype/Indefinite Quantity),"MAS MGO: Max weight 40 oz, Min exit pupil 5mm; SMOLDr: Max weight 6.5 lbs, Max dimensions 21 inches","Aluminum alloy (housing), Optical glass, Rare earth elements (Erbium for lasers), Electronics",Leonardo DRS,corpcomm@drs.com,https://www.leonardodrs.com,"Arlington, VA, USA",Provider of electro-optical/infrared systems and ruggedized defense electronics. Specialty: EO/IR Defense Technology. Confidence: 0.94.,
N0016425SC001 CSO,SAM-YD6C4,https://sam.gov/search/?index=opp&keywords=N0016425SC001,Solution Briefs (Prototype/Indefinite Quantity),"MAS MGO: Max weight 40 oz, Min exit pupil 5mm; SMOLDr: Max weight 6.5 lbs, Max dimensions 21 inches","Aluminum alloy (housing), Optical glass, Rare earth elements (Erbium for lasers), Electronics","Analog Modules, Inc.",sales@analogmodules.com,https://analogmodules.com,"Longwood, FL, USA",Manufacturer of laser rangefinder receivers and power systems. Critical supplier for SMOLDr electronics. Specialty: Laser Electronics. Confidence: 0.92.,
N0016425SC001 CSO,SAM-YD6C4,https://sam.gov/search/?index=opp&keywords=N0016425SC001,Solution Briefs (Prototype/Indefinite Quantity),"MAS MGO: Max weight 40 oz, Min exit pupil 5mm; SMOLDr: Max weight 6.5 lbs, Max dimensions 21 inches","Aluminum alloy (housing), Optical glass, Rare earth elements (Erbium for lasers), Electronics",Edmund Optics,sales@edmundoptics.com,https://www.edmundoptics.com,"Barrington, NJ, USA","Supplier of precision optical components, assemblies, and glass. Specialty: Optical Components & Assembly. Confidence: 0.88.",
N0016425SC001 CSO,SAM-YD6C4,https://sam.gov/search/?index=opp&keywords=N0016425SC001,Solution Briefs (Prototype/Indefinite Quantity),"MAS MGO: Max weight 40 oz, Min exit pupil 5mm; SMOLDr: Max weight 6.5 lbs, Max dimensions 21 inches","Aluminum alloy (housing), Optical glass, Rare earth elements (Erbium for lasers), Electronics",Thorlabs,sales@thorlabs.com,https://www.thorlabs.com,"Newton, NJ, USA","Manufacturer of photonics equipment, optical glass, and laser components. Specialty: Photonics & Optical Components. Confidence: 0.87.",
N0016425SC001 CSO,SAM-YD6C4,https://sam.gov/search/?index=opp&keywords=N0016425SC001,Solution Briefs (Prototype/Indefinite Quantity),"MAS MGO: Max weight 40 oz, Min exit pupil 5mm; SMOLDr: Max weight 6.5 lbs, Max dimensions 21 inches","Aluminum alloy (housing), Optical glass, Rare earth elements (Erbium for lasers), Electronics",Zygo Corporation,zygo@zygo-usa.com,https://www.zygo.com,"Middlefield, CT, USA",High-precision optical metrology and optical assembly services. Specialty: Precision Optics & Metrology. Confidence: 0.86.,
N0016425SC001 CSO,SAM-YD6C4,https://sam.gov/search/?index=opp&keywords=N0016425SC001,Solution Briefs (Prototype/Indefinite Quantity),"MAS MGO: Max weight 40 oz, Min exit pupil 5mm; SMOLDr: Max weight 6.5 lbs, Max dimensions 21 inches","Aluminum alloy (housing), Optical glass, Rare earth elements (Erbium for lasers), Electronics",Jenoptik,sales@jenoptik.com,https://www.jenoptik.us,"Jupiter, FL, USA","Manufacturer of laser rangefinders, laser diodes, and optical systems. Specialty: Laser Rangefinding & Optics. Confidence: 0.93.",
N0016425SC001 CSO,SAM-YD6C4,https://sam.gov/search/?index=opp&keywords=N0016425SC001,Solution Briefs (Prototype/Indefinite Quantity),"MAS MGO: Max weight 40 oz, Min exit pupil 5mm; SMOLDr: Max weight 6.5 lbs, Max dimensions 21 inches","Aluminum alloy (housing), Optical glass, Rare earth elements (Erbium for lasers), Electronics",Excelitas Technologies,defense@excelitas.com,https://www.excelitas.com,"Waltham, MA, USA","Provider of photonic solutions, energetic sensors, and defense optronics (Qioptiq). Specialty: Defense Optronics. Confidence: 0.91.",
N0016425SC001 CSO,SAM-YD6C4,https://sam.gov/search/?index=opp&keywords=N0016425SC001,Solution Briefs (Prototype/Indefinite Quantity),"MAS MGO: Max weight 40 oz, Min exit pupil 5mm; SMOLDr: Max weight 6.5 lbs, Max dimensions 21 inches","Aluminum alloy (housing), Optical glass, Rare earth elements (Erbium for lasers), Electronics",Schott North America,info.optics@schott.com,https://www.schott.com,"Rye Brook, NY, USA",Manufacturer of high-quality optical glass and glass-ceramic materials. Specialty: Optical Glass. Confidence: 0.90.,
N0016425SC001 CSO,SAM-YD6C4,https://sam.gov/search/?index=opp&keywords=N0016425SC001,Solution Briefs (Prototype/Indefinite Quantity),"MAS MGO: Max weight 40 oz, Min exit pupil 5mm; SMOLDr: Max weight 6.5 lbs, Max dimensions 21 inches","Aluminum alloy (housing), Optical glass, Rare earth elements (Erbium for lasers), Electronics",Corning Incorporated,specialtymaterials@corning.com,https://www.corning.com,"Corning, NY, USA",Advanced optical glass and ceramic materials for defense applications. Specialty: Advanced Materials & Glass. Confidence: 0.90.,
N0016425SC001 CSO,SAM-YD6C4,https://sam.gov/search/?index=opp&keywords=N0016425SC001,Solution Briefs (Prototype/Indefinite Quantity),"MAS MGO: Max weight 40 oz, Min exit pupil 5mm; SMOLDr: Max weight 6.5 lbs, Max dimensions 21 inches","Aluminum alloy (housing), Optical glass, Rare earth elements (Erbium for lasers), Electronics",GSCI Advanced Photonics,gsci@gsci.net,https://gsci.net,"King City, ON, Canada",Manufacturer of laser rangefinders and night vision systems (ITAR-free options). Specialty: Laser Rangefinders. Confidence: 0.88.,
N0016425SC001 CSO,SAM-YD6C4,https://sam.gov/search/?index=opp&keywords=N0016425SC001,Solution Briefs (Prototype/Indefinite Quantity),"MAS MGO: Max weight 40 oz, Min exit pupil 5mm; SMOLDr: Max weight 6.5 lbs, Max dimensions 21 inches","Aluminum alloy (housing), Optical glass, Rare earth elements (Erbium for lasers), Electronics",Lumispot Tech,sales@lumispot-tech.com,https://www.lumispot-tech.com,"Suzhou, China (Wholesaler/Supplier)",Manufacturer of laser rangefinder modules (Erbium glass 1535nm). Specialty: Laser Rangefinder Modules. Confidence: 0.85.,
N0016425SC001 CSO,SAM-YD6C4,https://sam.gov/search/?index=opp&keywords=N0016425SC001,Solution Briefs (Prototype/Indefinite Quantity),"MAS MGO: Max weight 40 oz, Min exit pupil 5mm; SMOLDr: Max weight 6.5 lbs, Max dimensions 21 inches","Aluminum alloy (housing), Optical glass, Rare earth elements (Erbium for lasers), Electronics",JIOPTICS (Jiangsu Jioptics),sales@jioptics.com,https://www.jioptics.com,"Nanjing, China (Wholesaler/Supplier)",OEM manufacturer of laser rangefinder modules and optical components. Specialty: OEM Optical Modules. Confidence: 0.82.,
N0016425SC001 CSO,SAM-YD6C4,https://sam.gov/search/?index=opp&keywords=N0016425SC001,Solution Briefs (Prototype/Indefinite Quantity),"MAS MGO: Max weight 40 oz, Min exit pupil 5mm; SMOLDr: Max weight 6.5 lbs, Max dimensions 21 inches","Aluminum alloy (housing), Optical glass, Rare earth elements (Erbium for lasers), Electronics",Elimold,sales@elimold.com,https://elimold.com,"Shenzhen, China (Wholesaler/Supplier)",Specializes in optics die casting and aluminum alloy housings. Specialty: Optics Die Casting. Confidence: 0.84.,
N0016425SC001 CSO,SAM-YD6C4,https://sam.gov/search/?index=opp&keywords=N0016425SC001,Solution Briefs (Prototype/Indefinite Quantity),"MAS MGO: Max weight 40 oz, Min exit pupil 5mm; SMOLDr: Max weight 6.5 lbs, Max dimensions 21 inches","Aluminum alloy (housing), Optical glass, Rare earth elements (Erbium for lasers), Electronics",Mountain Secure Systems,info@mountainsecuresystems.com,https://www.mountainsecuresystems.com,"Longmont, CO, USA",Ruggedized electronics and sealed hard drives for defense applications. Specialty: Ruggedized Electronics. Confidence: 0.89.,
N0016425SC001 CSO,SAM-YD6C4,https://sam.gov/search/?index=opp&keywords=N0016425SC001,Solution Briefs (Prototype/Indefinite Quantity),"MAS MGO: Max weight 40 oz, Min exit pupil 5mm; SMOLDr: Max weight 6.5 lbs, Max dimensions 21 inches","Aluminum alloy (housing), Optical glass, Rare earth elements (Erbium for lasers), Electronics",TT Electronics,info@ttelectronics.com,https://www.ttelectronics.com,"Woking, UK / Plano, TX, USA",Manufacturer of optoelectronics and ruggedized power solutions for defense. Specialty: Defense Optoelectronics. Confidence: 0.88.,
N0016425SC001 CSO,SAM-YD6C4,https://sam.gov/search/?index=opp&keywords=N0016425SC001,Solution Briefs (Prototype/Indefinite Quantity),"MAS MGO: Max weight 40 oz, Min exit pupil 5mm; SMOLDr: Max weight 6.5 lbs, Max dimensions 21 inches","Aluminum alloy (housing), Optical glass, Rare earth elements (Erbium for lasers), Electronics",Distron,sales@distron.com,https://www.distron.com,"North Attleboro, MA, USA",Manufacturing of ruggedized electronic assemblies and circuit boards. Specialty: Ruggedized Electronics Assembly. Confidence: 0.87.,
N0016425SC001 CSO,SAM-YD6C4,https://sam.gov/search/?index=opp&keywords=N0016425SC001,Solution Briefs (Prototype/Indefinite Quantity),"MAS MGO: Max weight 40 oz, Min exit pupil 5mm; SMOLDr: Max weight 6.5 lbs, Max dimensions 21 inches","Aluminum alloy (housing), Optical glass, Rare earth elements (Erbium for lasers), Electronics",Able Technical Solutions,info@abletechnicalsolutions.com,https://www.abletechnicalsolutions.com,"Ottawa, ON, Canada",Distributor and rep for ruggedized electronics and optical components. Specialty: Ruggedized Component Distribution. Confidence: 0.80.,
N0016425SC001 CSO,SAM-YD6C4,https://sam.gov/search/?index=opp&keywords=N0016425SC001,Solution Briefs (Prototype/Indefinite Quantity),"MAS MGO: Max weight 40 oz, Min exit pupil 5mm; SMOLDr: Max weight 6.5 lbs, Max dimensions 21 inches","Aluminum alloy (housing), Optical glass, Rare earth elements (Erbium for lasers), Electronics",Navitar,info@navitar.com,https://navitar.com,"Rochester, NY, USA",Design and manufacture of high-precision optical lenses and assemblies. Specialty: Optical Lenses. Confidence: 0.86.,
N0016425SC001 CSO,SAM-YD6C4,https://sam.gov/search/?index=opp&keywords=N0016425SC001,Solution Briefs (Prototype/Indefinite Quantity),"MAS MGO: Max weight 40 oz, Min exit pupil 5mm; SMOLDr: Max weight 6.5 lbs, Max dimensions 21 inches","Aluminum alloy (housing), Optical glass, Rare earth elements (Erbium for lasers), Electronics",Newport (MKS Instruments),sales@newport.com,https://www.newport.com,"Irvine, CA, USA","Precision optical assembly, motion control, and photonics solutions. Specialty: Precision Optical Assembly. Confidence: 0.88.",
44--Thrust Bearing Oil Cooler,SAM-LYUQ8,https://sam.gov/search/?page=1&pageSize=25&sort=-modifiedDate&sfm%5BsimpleSearch%5D%5Bkeyword%5D=140R2026Q0005,10 units,Custom drop-in replacement (must match original dimensions); 3/4 inch NPS Flat Face Slip-On Class 150 Flanges; 8 fins per inch spacing; 0.049 inch fin thickness; Max working pressure >= 100 psi,Tubes: C70600 (90/10 Copper-Nickel); Fins: Extruded Aluminum; Flanges: 90/10 Copper-Nickel,Unifin (Wabtec Corporation),unifin.sales@wabtec.com,https://www.wabteccorp.com/unifin,"London, Ontario, Canada","Manufacturer of Hydro Generator Coolers, Thrust Bearing Oil Coolers with extruded aluminum finned tubes and 90/10 CuNi capability. Offers drop-in replacements.",0.98
44--Thrust Bearing Oil Cooler,SAM-LYUQ8,https://sam.gov/search/?page=1&pageSize=25&sort=-modifiedDate&sfm%5BsimpleSearch%5D%5Bkeyword%5D=140R2026Q0005,10 units,Custom drop-in replacement (must match original dimensions); 3/4 inch NPS Flat Face Slip-On Class 150 Flanges; 8 fins per inch spacing; 0.049 inch fin thickness; Max working pressure >= 100 psi,Tubes: C70600 (90/10 Copper-Nickel); Fins: Extruded Aluminum; Flanges: 90/10 Copper-Nickel,Thermofin,info@thermofin.net,https://www.thermofin.net,"Candiac, Quebec, Canada",Specializes in 'Hydrocool' Guide and Thrust Bearing Oil Coolers using 90/10 CuNi and extruded aluminum fins (Powerfin).,0.98
44--Thrust Bearing Oil Cooler,SAM-LYUQ8,https://sam.gov/search/?page=1&pageSize=25&sort=-modifiedDate&sfm%5BsimpleSearch%5D%5Bkeyword%5D=140R2026Q0005,10 units,Custom drop-in replacement (must match original dimensions); 3/4 inch NPS Flat Face Slip-On Class 150 Flanges; 8 fins per inch spacing; 0.049 inch fin thickness; Max working pressure >= 100 psi,Tubes: C70600 (90/10 Copper-Nickel); Fins: Extruded Aluminum; Flanges: 90/10 Copper-Nickel,Enerfin Inc.,sales@enerfin-inc.com,https://www.enerfin-inc.com,"St-Hubert, Quebec, Canada",Manufacturer of extruded aluminum finned tubes with 90/10 copper-nickel liners for hydro generator and bearing coolers.,0.98
44--Thrust Bearing Oil Cooler,SAM-LYUQ8,https://sam.gov/search/?page=1&pageSize=25&sort=-modifiedDate&sfm%5BsimpleSearch%5D%5Bkeyword%5D=140R2026Q0005,10 units,Custom drop-in replacement (must match original dimensions); 3/4 inch NPS Flat Face Slip-On Class 150 Flanges; 8 fins per inch spacing; 0.049 inch fin thickness; Max working pressure >= 100 psi,Tubes: C70600 (90/10 Copper-Nickel); Fins: Extruded Aluminum; Flanges: 90/10 Copper-Nickel,"Tex-Fin, Inc.",sales@tex-fin.com,https://www.tex-fin.com,"Houston, Texas, USA",Custom manufacturer of extruded aluminum finned tubes and heat exchangers for industrial applications.,0.95
44--Thrust Bearing Oil Cooler,SAM-LYUQ8,https://sam.gov/search/?page=1&pageSize=25&sort=-modifiedDate&sfm%5BsimpleSearch%5D%5Bkeyword%5D=140R2026Q0005,10 units,Custom drop-in replacement (must match original dimensions); 3/4 inch NPS Flat Face Slip-On Class 150 Flanges; 8 fins per inch spacing; 0.049 inch fin thickness; Max working pressure >= 100 psi,Tubes: C70600 (90/10 Copper-Nickel); Fins: Extruded Aluminum; Flanges: 90/10 Copper-Nickel,Spiro-Gills Thermal Products Ltd,sales@spiro-gills.com,https://www.spiro-gills.com,"Stafford, UK",Manufactures extruded finned tube heat exchangers with 90/10 CuNi tubing options for oil refinery and power generation.,0.9
44--Thrust Bearing Oil Cooler,SAM-LYUQ8,https://sam.gov/search/?page=1&pageSize=25&sort=-modifiedDate&sfm%5BsimpleSearch%5D%5Bkeyword%5D=140R2026Q0005,10 units,Custom drop-in replacement (must match original dimensions); 3/4 inch NPS Flat Face Slip-On Class 150 Flanges; 8 fins per inch spacing; 0.049 inch fin thickness; Max working pressure >= 100 psi,Tubes: C70600 (90/10 Copper-Nickel); Fins: Extruded Aluminum; Flanges: 90/10 Copper-Nickel,Kelvion Inc.,contact@kelvion.com,https://www.kelvion.com,"Tulsa, Oklahoma, USA",Global manufacturer of heat exchangers including custom finned tube replacement bundles with extruded fins.,0.9
44--Thrust Bearing Oil Cooler,SAM-LYUQ8,https://sam.gov/search/?page=1&pageSize=25&sort=-modifiedDate&sfm%5BsimpleSearch%5D%5Bkeyword%5D=140R2026Q0005,10 units,Custom drop-in replacement (must match original dimensions); 3/4 inch NPS Flat Face Slip-On Class 150 Flanges; 8 fins per inch spacing; 0.049 inch fin thickness; Max working pressure >= 100 psi,Tubes: C70600 (90/10 Copper-Nickel); Fins: Extruded Aluminum; Flanges: 90/10 Copper-Nickel,Super Radiator Coils,sales@superradiatorcoils.com,https://www.superradiatorcoils.com,"Chaska, Minnesota, USA",Custom engineered fin-and-tube heat exchangers with copper-nickel tube capabilities for industrial cooling.,0.9
44--Thrust Bearing Oil Cooler,SAM-LYUQ8,https://sam.gov/search/?page=1&pageSize=25&sort=-modifiedDate&sfm%5BsimpleSearch%5D%5Bkeyword%5D=140R2026Q0005,10 units,Custom drop-in replacement (must match original dimensions); 3/4 inch NPS Flat Face Slip-On Class 150 Flanges; 8 fins per inch spacing; 0.049 inch fin thickness; Max working pressure >= 100 psi,Tubes: C70600 (90/10 Copper-Nickel); Fins: Extruded Aluminum; Flanges: 90/10 Copper-Nickel,VRCooler Technologies,info@vrcooler.com,https://www.vrcoolertech.com,"Changzhou, China",Specializes in Air Coolers for Hydroelectric Generators and Thrust Bearing Oil Coolers with 90/10 CuNi options.,0.9
44--Thrust Bearing Oil Cooler,SAM-LYUQ8,https://sam.gov/search/?page=1&pageSize=25&sort=-modifiedDate&sfm%5BsimpleSearch%5D%5Bkeyword%5D=140R2026Q0005,10 units,Custom drop-in replacement (must match original dimensions); 3/4 inch NPS Flat Face Slip-On Class 150 Flanges; 8 fins per inch spacing; 0.049 inch fin thickness; Max working pressure >= 100 psi,Tubes: C70600 (90/10 Copper-Nickel); Fins: Extruded Aluminum; Flanges: 90/10 Copper-Nickel,Standard Xchange (Xylem),sales@standard-xchange.com,https://www.xylem.com/en-us/brands/standard-xchange,"Cheektowaga, New York, USA",Major manufacturer of shell and tube heat exchangers with extensive custom material options including C70600.,0.88
44--Thrust Bearing Oil Cooler,SAM-LYUQ8,https://sam.gov/search/?page=1&pageSize=25&sort=-modifiedDate&sfm%5BsimpleSearch%5D%5Bkeyword%5D=140R2026Q0005,10 units,Custom drop-in replacement (must match original dimensions); 3/4 inch NPS Flat Face Slip-On Class 150 Flanges; 8 fins per inch spacing; 0.049 inch fin thickness; Max working pressure >= 100 psi,Tubes: C70600 (90/10 Copper-Nickel); Fins: Extruded Aluminum; Flanges: 90/10 Copper-Nickel,Industrial Radiator Service,sales@industrialradiator.com,https://industrialradiator.com,"Phoenix, Arizona, USA","Custom industrial radiator manufacturing and repair, explicitly mentions 90/10 CuNi and thrust bearing oil cooling.",0.88
44--Thrust Bearing Oil Cooler,SAM-LYUQ8,https://sam.gov/search/?page=1&pageSize=25&sort=-modifiedDate&sfm%5BsimpleSearch%5D%5Bkeyword%5D=140R2026Q0005,10 units,Custom drop-in replacement (must match original dimensions); 3/4 inch NPS Flat Face Slip-On Class 150 Flanges; 8 fins per inch spacing; 0.049 inch fin thickness; Max working pressure >= 100 psi,Tubes: C70600 (90/10 Copper-Nickel); Fins: Extruded Aluminum; Flanges: 90/10 Copper-Nickel,Hayden Industrial Products,sales@haydenindustrial.com,https://www.haydenindustrial.com,"San Bernardino, California, USA",Manufacturer of standard and custom finned tube heat exchangers and oil coolers for power generation.,0.85
44--Thrust Bearing Oil Cooler,SAM-LYUQ8,https://sam.gov/search/?page=1&pageSize=25&sort=-modifiedDate&sfm%5BsimpleSearch%5D%5Bkeyword%5D=140R2026Q0005,10 units,Custom drop-in replacement (must match original dimensions); 3/4 inch NPS Flat Face Slip-On Class 150 Flanges; 8 fins per inch spacing; 0.049 inch fin thickness; Max working pressure >= 100 psi,Tubes: C70600 (90/10 Copper-Nickel); Fins: Extruded Aluminum; Flanges: 90/10 Copper-Nickel,Cain Industries,sales@cainind.com,https://www.cainind.com,"Brantford, Ontario, Canada","Manufactures heat recovery systems and finned tubing, offers CuNi tube to copper fin combinations.",0.85
44--Thrust Bearing Oil Cooler,SAM-LYUQ8,https://sam.gov/search/?page=1&pageSize=25&sort=-modifiedDate&sfm%5BsimpleSearch%5D%5Bkeyword%5D=140R2026Q0005,10 units,Custom drop-in replacement (must match original dimensions); 3/4 inch NPS Flat Face Slip-On Class 150 Flanges; 8 fins per inch spacing; 0.049 inch fin thickness; Max working pressure >= 100 psi,Tubes: C70600 (90/10 Copper-Nickel); Fins: Extruded Aluminum; Flanges: 90/10 Copper-Nickel,Delta T Heat Exchangers,info@deltathx.com,https://www.deltathx.com,"Hensall, Ontario, Canada","Supplier of motor and generator coolers, thrust bearing oil coolers, and replacement heat exchangers.",0.9
44--Thrust Bearing Oil Cooler,SAM-LYUQ8,https://sam.gov/search/?page=1&pageSize=25&sort=-modifiedDate&sfm%5BsimpleSearch%5D%5Bkeyword%5D=140R2026Q0005,10 units,Custom drop-in replacement (must match original dimensions); 3/4 inch NPS Flat Face Slip-On Class 150 Flanges; 8 fins per inch spacing; 0.049 inch fin thickness; Max working pressure >= 100 psi,Tubes: C70600 (90/10 Copper-Nickel); Fins: Extruded Aluminum; Flanges: 90/10 Copper-Nickel,Condenser & Chiller Services (CCS),sales@ccs-tubes.com,https://www.ccs-tubes.com,"Chino, California, USA",Specializes in heat exchanger retubing using 90/10 CuNi tubes and custom finned tube fabrication.,0.85
44--Thrust Bearing Oil Cooler,SAM-LYUQ8,https://sam.gov/search/?page=1&pageSize=25&sort=-modifiedDate&sfm%5BsimpleSearch%5D%5Bkeyword%5D=140R2026Q0005,10 units,Custom drop-in replacement (must match original dimensions); 3/4 inch NPS Flat Face Slip-On Class 150 Flanges; 8 fins per inch spacing; 0.049 inch fin thickness; Max working pressure >= 100 psi,Tubes: C70600 (90/10 Copper-Nickel); Fins: Extruded Aluminum; Flanges: 90/10 Copper-Nickel,"Projectile Tube Cleaning, Inc.",info@projectiletube.com,https://www.projectiletube.com,"Ford City, Pennsylvania, USA",Provides heat exchanger retubing services with 90/10 CuNi for power generation and industrial clients.,0.85
44--Thrust Bearing Oil Cooler,SAM-LYUQ8,https://sam.gov/search/?page=1&pageSize=25&sort=-modifiedDate&sfm%5BsimpleSearch%5D%5Bkeyword%5D=140R2026Q0005,10 units,Custom drop-in replacement (must match original dimensions); 3/4 inch NPS Flat Face Slip-On Class 150 Flanges; 8 fins per inch spacing; 0.049 inch fin thickness; Max working pressure >= 100 psi,Tubes: C70600 (90/10 Copper-Nickel); Fins: Extruded Aluminum; Flanges: 90/10 Copper-Nickel,"Flotech, Inc.",sales@flotechinc.com,https://www.flotechinc.com,"Jacksonville, Florida, USA",Offers repair and retubing of shell and tube heat exchangers using 90/10 Copper-Nickel tubing.,0.85
44--Thrust Bearing Oil Cooler,SAM-LYUQ8,https://sam.gov/search/?page=1&pageSize=25&sort=-modifiedDate&sfm%5BsimpleSearch%5D%5Bkeyword%5D=140R2026Q0005,10 units,Custom drop-in replacement (must match original dimensions); 3/4 inch NPS Flat Face Slip-On Class 150 Flanges; 8 fins per inch spacing; 0.049 inch fin thickness; Max working pressure >= 100 psi,Tubes: C70600 (90/10 Copper-Nickel); Fins: Extruded Aluminum; Flanges: 90/10 Copper-Nickel,AKS Heat Transfer,info@aksheattransfer.com,https://www.aksheattransfer.com,"Sheffield, UK","Services and retubes heat exchangers, explicitly mentions use of Cupro-Nickel (90/10) tubes.",0.8
44--Thrust Bearing Oil Cooler,SAM-LYUQ8,https://sam.gov/search/?page=1&pageSize=25&sort=-modifiedDate&sfm%5BsimpleSearch%5D%5Bkeyword%5D=140R2026Q0005,10 units,Custom drop-in replacement (must match original dimensions); 3/4 inch NPS Flat Face Slip-On Class 150 Flanges; 8 fins per inch spacing; 0.049 inch fin thickness; Max working pressure >= 100 psi,Tubes: C70600 (90/10 Copper-Nickel); Fins: Extruded Aluminum; Flanges: 90/10 Copper-Nickel,"Fin Tube Products, Inc.",sales@fintube.com,https://www.fintube.com,"Wadsworth, Ohio, USA",Manufacturer of finned tube coils and custom heat exchanger components with various alloy capabilities.,0.88
44--Thrust Bearing Oil Cooler,SAM-LYUQ8,https://sam.gov/search/?page=1&pageSize=25&sort=-modifiedDate&sfm%5BsimpleSearch%5D%5Bkeyword%5D=140R2026Q0005,10 units,Custom drop-in replacement (must match original dimensions); 3/4 inch NPS Flat Face Slip-On Class 150 Flanges; 8 fins per inch spacing; 0.049 inch fin thickness; Max working pressure >= 100 psi,Tubes: C70600 (90/10 Copper-Nickel); Fins: Extruded Aluminum; Flanges: 90/10 Copper-Nickel,HeatEX Technologies,sales@heatextech.com,https://www.heatextech.com,"South Houston, Texas, USA",Manufactures custom and OEM replacement finned tubes for industrial heat exchangers.,0.85
44--Thrust Bearing Oil Cooler,SAM-LYUQ8,https://sam.gov/search/?page=1&pageSize=25&sort=-modifiedDate&sfm%5BsimpleSearch%5D%5Bkeyword%5D=140R2026Q0005,10 units,Custom drop-in replacement (must match original dimensions); 3/4 inch NPS Flat Face Slip-On Class 150 Flanges; 8 fins per inch spacing; 0.049 inch fin thickness; Max working pressure >= 100 psi,Tubes: C70600 (90/10 Copper-Nickel); Fins: Extruded Aluminum; Flanges: 90/10 Copper-Nickel,Profins Ltd,sales@profins.com,https://www.profins.com,"Burton-on-Trent, UK",Manufacturer of finned tubes including extruded aluminum fins for heat exchangers.,0.85
44--Thrust Bearing Oil Cooler,SAM-LYUQ8,https://sam.gov/search/?page=1&pageSize=25&sort=-modifiedDate&sfm%5BsimpleSearch%5D%5Bkeyword%5D=140R2026Q0005,10 units,Custom drop-in replacement (must match original dimensions); 3/4 inch NPS Flat Face Slip-On Class 150 Flanges; 8 fins per inch spacing; 0.049 inch fin thickness; Max working pressure >= 100 psi,Tubes: C70600 (90/10 Copper-Nickel); Fins: Extruded Aluminum; Flanges: 90/10 Copper-Nickel,Chemiquip Industries,info@chemiquip.in,https://www.chemiquip.in,"Vadodara, India",Manufactures Turbine Oil Coolers using Cupro-Nickel (90:10) tubes for power plants.,0.85
44--Thrust Bearing Oil Cooler,SAM-LYUQ8,https://sam.gov/search/?page=1&pageSize=25&sort=-modifiedDate&sfm%5BsimpleSearch%5D%5Bkeyword%5D=140R2026Q0005,10 units,Custom drop-in replacement (must match original dimensions); 3/4 inch NPS Flat Face Slip-On Class 150 Flanges; 8 fins per inch spacing; 0.049 inch fin thickness; Max working pressure >= 100 psi,Tubes: C70600 (90/10 Copper-Nickel); Fins: Extruded Aluminum; Flanges: 90/10 Copper-Nickel,Grand Fin Tube,sales@grandfintube.com,https://www.grandfintube.com,"Jiangsu, China",Manufacturer of high finned tubes and extruded fin tubes in Copper-Nickel alloys.,0.8
44--Thrust Bearing Oil Cooler,SAM-LYUQ8,https://sam.gov/search/?page=1&pageSize=25&sort=-modifiedDate&sfm%5BsimpleSearch%5D%5Bkeyword%5D=140R2026Q0005,10 units,Custom drop-in replacement (must match original dimensions); 3/4 inch NPS Flat Face Slip-On Class 150 Flanges; 8 fins per inch spacing; 0.049 inch fin thickness; Max working pressure >= 100 psi,Tubes: C70600 (90/10 Copper-Nickel); Fins: Extruded Aluminum; Flanges: 90/10 Copper-Nickel,Shihang,sales@shihangpipes.com,https://www.shihangpipes.com,"Shanghai, China",Supplier of Cupro Nickel 90/10 heat exchanger and condenser tubes.,0.8
44--Thrust Bearing Oil Cooler,SAM-LYUQ8,https://sam.gov/search/?page=1&pageSize=25&sort=-modifiedDate&sfm%5BsimpleSearch%5D%5Bkeyword%5D=140R2026Q0005,10 units,Custom drop-in replacement (must match original dimensions); 3/4 inch NPS Flat Face Slip-On Class 150 Flanges; 8 fins per inch spacing; 0.049 inch fin thickness; Max working pressure >= 100 psi,Tubes: C70600 (90/10 Copper-Nickel); Fins: Extruded Aluminum; Flanges: 90/10 Copper-Nickel,Air Radiators,sales@airradiators.com,https://www.airradiators.com,"Lara, Victoria, Australia",Industrial radiator manufacturer offering copper-nickel tube and copper fin configurations.,0.8
44--Thrust Bearing Oil Cooler,SAM-LYUQ8,https://sam.gov/search/?page=1&pageSize=25&sort=-modifiedDate&sfm%5BsimpleSearch%5D%5Bkeyword%5D=140R2026Q0005,10 units,Custom drop-in replacement (must match original dimensions); 3/4 inch NPS Flat Face Slip-On Class 150 Flanges; 8 fins per inch spacing; 0.049 inch fin thickness; Max working pressure >= 100 psi,Tubes: C70600 (90/10 Copper-Nickel); Fins: Extruded Aluminum; Flanges: 90/10 Copper-Nickel,Marmetal Industries,sales@marmetal.com,https://www.marmetal.com,"Horsham, Pennsylvania, USA",Distributor/Manufacturer of C70600 90/10 Copper Nickel tubes and sheets for heat exchangers.,0.75
44--Thrust Bearing Oil Cooler,SAM-LYUQ8,https://sam.gov/search/?page=1&pageSize=25&sort=-modifiedDate&sfm%5BsimpleSearch%5D%5Bkeyword%5D=140R2026Q0005,10 units,Custom drop-in replacement (must match original dimensions); 3/4 inch NPS Flat Face Slip-On Class 150 Flanges; 8 fins per inch spacing; 0.049 inch fin thickness; Max working pressure >= 100 psi,Tubes: C70600 (90/10 Copper-Nickel); Fins: Extruded Aluminum; Flanges: 90/10 Copper-Nickel,Lakshya Steel,sales@lakshyasteel.com,https://www.lakshyasteel.com,"Mumbai, India",Manufacturer and exporter of Copper Nickel 90/10 tubes for heat exchangers.,0.75
44--Thrust Bearing Oil Cooler,SAM-LYUQ8,https://sam.gov/search/?page=1&pageSize=25&sort=-modifiedDate&sfm%5BsimpleSearch%5D%5Bkeyword%5D=140R2026Q0005,10 units,Custom drop-in replacement (must match original dimensions); 3/4 inch NPS Flat Face Slip-On Class 150 Flanges; 8 fins per inch spacing; 0.049 inch fin thickness; Max working pressure >= 100 psi,Tubes: C70600 (90/10 Copper-Nickel); Fins: Extruded Aluminum; Flanges: 90/10 Copper-Nickel,Solitaire Overseas,sales@solitaire-overseas.com,https://www.solitaire-overseas.com,"Mumbai, India",Manufacturer of CuNi 90/10 shell and tube heat exchanger tubes.,0.75
44--Thrust Bearing Oil Cooler,SAM-LYUQ8,https://sam.gov/search/?page=1&pageSize=25&sort=-modifiedDate&sfm%5BsimpleSearch%5D%5Bkeyword%5D=140R2026Q0005,10 units,Custom drop-in replacement (must match original dimensions); 3/4 inch NPS Flat Face Slip-On Class 150 Flanges; 8 fins per inch spacing; 0.049 inch fin thickness; Max working pressure >= 100 psi,Tubes: C70600 (90/10 Copper-Nickel); Fins: Extruded Aluminum; Flanges: 90/10 Copper-Nickel,SMI Copper,sales@smicopper.com,https://www.smicopper.com,"Mumbai, India",Specializes in C706 90/10 Copper-Nickel heater tubes and condenser tubes.,0.75
44--Thrust Bearing Oil Cooler,SAM-LYUQ8,https://sam.gov/search/?page=1&pageSize=25&sort=-modifiedDate&sfm%5BsimpleSearch%5D%5Bkeyword%5D=140R2026Q0005,10 units,Custom drop-in replacement (must match original dimensions); 3/4 inch NPS Flat Face Slip-On Class 150 Flanges; 8 fins per inch spacing; 0.049 inch fin thickness; Max working pressure >= 100 psi,Tubes: C70600 (90/10 Copper-Nickel); Fins: Extruded Aluminum; Flanges: 90/10 Copper-Nickel,Abc Tube Company,sales@abctubecompany.com,https://www.abctubecompany.com,"Mumbai, India",Manufacturer of Copper Nickel 90/10 seamless pipes and tubes for heat exchangers.,0.75
44--Thrust Bearing Oil Cooler,SAM-LYUQ8,https://sam.gov/search/?page=1&pageSize=25&sort=-modifiedDate&sfm%5BsimpleSearch%5D%5Bkeyword%5D=140R2026Q0005,10 units,Custom drop-in replacement (must match original dimensions); 3/4 inch NPS Flat Face Slip-On Class 150 Flanges; 8 fins per inch spacing; 0.049 inch fin thickness; Max working pressure >= 100 psi,Tubes: C70600 (90/10 Copper-Nickel); Fins: Extruded Aluminum; Flanges: 90/10 Copper-Nickel,Shalco Industries,sales@shalco.com,https://www.shalco.com,"Mumbai, India",Manufacturer of Copper Nickel 90/10 tubes for condensers and heat exchangers.,0.75
44--Thrust Bearing Oil Cooler,SAM-LYUQ8,https://sam.gov/search/?page=1&pageSize=25&sort=-modifiedDate&sfm%5BsimpleSearch%5D%5Bkeyword%5D=140R2026Q0005,10 units,Custom drop-in replacement (must match original dimensions); 3/4 inch NPS Flat Face Slip-On Class 150 Flanges; 8 fins per inch spacing; 0.049 inch fin thickness; Max working pressure >= 100 psi,Tubes: C70600 (90/10 Copper-Nickel); Fins: Extruded Aluminum; Flanges: 90/10 Copper-Nickel,Sterling TT,sales@sterlingtt.com,https://www.sterlingtt.com,"Aylesbury, UK",Designs and manufactures fin and tube heat exchangers for industrial and power generation.,0.85
44--Thrust Bearing Oil Cooler,SAM-LYUQ8,https://sam.gov/search/?page=1&pageSize=25&sort=-modifiedDate&sfm%5BsimpleSearch%5D%5Bkeyword%5D=140R2026Q0005,10 units,Custom drop-in replacement (must match original dimensions); 3/4 inch NPS Flat Face Slip-On Class 150 Flanges; 8 fins per inch spacing; 0.049 inch fin thickness; Max working pressure >= 100 psi,Tubes: C70600 (90/10 Copper-Nickel); Fins: Extruded Aluminum; Flanges: 90/10 Copper-Nickel,Thermex Ltd,sales@thermex.co.uk,https://www.thermex.co.uk,"Redditch, UK",Manufacturer of shell and tube and air cooled heat exchangers with custom material options.,0.85
44--Thrust Bearing Oil Cooler,SAM-LYUQ8,https://sam.gov/search/?page=1&pageSize=25&sort=-modifiedDate&sfm%5BsimpleSearch%5D%5Bkeyword%5D=140R2026Q0005,10 units,Custom drop-in replacement (must match original dimensions); 3/4 inch NPS Flat Face Slip-On Class 150 Flanges; 8 fins per inch spacing; 0.049 inch fin thickness; Max working pressure >= 100 psi,Tubes: C70600 (90/10 Copper-Nickel); Fins: Extruded Aluminum; Flanges: 90/10 Copper-Nickel,Neotiss,contact@neotiss.com,https://www.neotiss.com,"Morangis, France","Global leader in welded tubes for heat exchangers, including titanium and stainless, applicable to power gen.",0.8
44--Thrust Bearing Oil Cooler,SAM-LYUQ8,https://sam.gov/search/?page=1&pageSize=25&sort=-modifiedDate&sfm%5BsimpleSearch%5D%5Bkeyword%5D=140R2026Q0005,10 units,Custom drop-in replacement (must match original dimensions); 3/4 inch NPS Flat Face Slip-On Class 150 Flanges; 8 fins per inch spacing; 0.049 inch fin thickness; Max working pressure >= 100 psi,Tubes: C70600 (90/10 Copper-Nickel); Fins: Extruded Aluminum; Flanges: 90/10 Copper-Nickel,Schmöle GmbH,info@schmoele.de,https://www.schmoele.de,"Menden, Germany",Produces finned tubes and heat exchangers for industrial applications.,0.85
44--Thrust Bearing Oil Cooler,SAM-LYUQ8,https://sam.gov/search/?page=1&pageSize=25&sort=-modifiedDate&sfm%5BsimpleSearch%5D%5Bkeyword%5D=140R2026Q0005,10 units,Custom drop-in replacement (must match original dimensions); 3/4 inch NPS Flat Face Slip-On Class 150 Flanges; 8 fins per inch spacing; 0.049 inch fin thickness; Max working pressure >= 100 psi,Tubes: C70600 (90/10 Copper-Nickel); Fins: Extruded Aluminum; Flanges: 90/10 Copper-Nickel,Boyd Corporation,customerservice@boydcorp.com,https://www.boydcorp.com,"Pleasanton, California, USA",Large manufacturer of thermal management solutions including finned tube heat exchangers.,0.8
44--Thrust Bearing Oil Cooler,SAM-LYUQ8,https://sam.gov/search/?page=1&pageSize=25&sort=-modifiedDate&sfm%5BsimpleSearch%5D%5Bkeyword%5D=140R2026Q0005,10 units,Custom drop-in replacement (must match original dimensions); 3/4 inch NPS Flat Face Slip-On Class 150 Flanges; 8 fins per inch spacing; 0.049 inch fin thickness; Max working pressure >= 100 psi,Tubes: C70600 (90/10 Copper-Nickel); Fins: Extruded Aluminum; Flanges: 90/10 Copper-Nickel,Wieland Thermal Solutions,info@wieland.com,https://www.wieland.com,"Ulm, Germany","Produces high-performance tubes and heat exchangers, including finned tubes for industrial cooling.",0.85
44--Thrust Bearing Oil Cooler,SAM-LYUQ8,https://sam.gov/search/?page=1&pageSize=25&sort=-modifiedDate&sfm%5BsimpleSearch%5D%5Bkeyword%5D=140R2026Q0005,10 units,Custom drop-in replacement (must match original dimensions); 3/4 inch NPS Flat Face Slip-On Class 150 Flanges; 8 fins per inch spacing; 0.049 inch fin thickness; Max working pressure >= 100 psi,Tubes: C70600 (90/10 Copper-Nickel); Fins: Extruded Aluminum; Flanges: 90/10 Copper-Nickel,"Markair, Inc.",sales@markair.net,https://www.markair.net,"Gainesville, Florida, USA",Representative and supplier of industrial heat exchangers and finned tube replacements.,0.8
44--Thrust Bearing Oil Cooler,SAM-LYUQ8,https://sam.gov/search/?page=1&pageSize=25&sort=-modifiedDate&sfm%5BsimpleSearch%5D%5Bkeyword%5D=140R2026Q0005,10 units,Custom drop-in replacement (must match original dimensions); 3/4 inch NPS Flat Face Slip-On Class 150 Flanges; 8 fins per inch spacing; 0.049 inch fin thickness; Max working pressure >= 100 psi,Tubes: C70600 (90/10 Copper-Nickel); Fins: Extruded Aluminum; Flanges: 90/10 Copper-Nickel,Maine Radiator Manufacturing,sales@maineradiator.com,https://www.maineradiator.com,"Lewiston, Maine, USA",Custom design and build of radiator cores and tanks for industrial applications.,0.8
44--Thrust Bearing Oil Cooler,SAM-LYUQ8,https://sam.gov/search/?page=1&pageSize=25&sort=-modifiedDate&sfm%5BsimpleSearch%5D%5Bkeyword%5D=140R2026Q0005,10 units,Custom drop-in replacement (must match original dimensions); 3/4 inch NPS Flat Face Slip-On Class 150 Flanges; 8 fins per inch spacing; 0.049 inch fin thickness; Max working pressure >= 100 psi,Tubes: C70600 (90/10 Copper-Nickel); Fins: Extruded Aluminum; Flanges: 90/10 Copper-Nickel,"JFD Tube & Coil Products, Inc.",sales@jfdcoil.com,https://www.jfdcoil.com,"Hamden, Connecticut, USA",Custom manufacturer of direct replacement U tube bundles using 90/10 cupro-nickel.,0.85
44--Thrust Bearing Oil Cooler,SAM-LYUQ8,https://sam.gov/search/?page=1&pageSize=25&sort=-modifiedDate&sfm%5BsimpleSearch%5D%5Bkeyword%5D=140R2026Q0005,10 units,Custom drop-in replacement (must match original dimensions); 3/4 inch NPS Flat Face Slip-On Class 150 Flanges; 8 fins per inch spacing; 0.049 inch fin thickness; Max working pressure >= 100 psi,Tubes: C70600 (90/10 Copper-Nickel); Fins: Extruded Aluminum; Flanges: 90/10 Copper-Nickel,"HEXECO, Inc.",sales@hexeco.com,http://www.hexeco.com,"Berlin, Wisconsin, USA",Designer/manufacturer of thrust & guide bearing oil cooling coil heat exchangers for generators & motors.,0.95
Tremco Alpha Grade,SAM-CNLES,https://sam.gov/opp/a813bd1ca6554c209c29d146d41c9b4f/view,Not Specified (Market Research/Sources Sought),Standard 5 Gallon Pails or 50 Gallon Drums (Part A/B Kits),Bio-based Two-Component Polyurethane,Tremco Roofing and Building Maintenance,info@tremcoinc.com,https://www.tremcoroofing.com,"Ohio, USA",AlphaGrade and AlphaGuard BIO (Bio-based Two-Component Polyurethane Roof Restoration Systems),1
Tremco Alpha Grade,SAM-CNLES,https://sam.gov/opp/a813bd1ca6554c209c29d146d41c9b4f/view,Not Specified (Market Research/Sources Sought),Standard 5 Gallon Pails or 50 Gallon Drums (Part A/B Kits),Bio-based Two-Component Polyurethane,"Kemper System America, Inc.",inquiry@kempersystem.com,https://www.kempersystem.com,"New York, USA","KEMPEROL 2K-PUR (Solvent-free, 2-component polyurethane waterproofing with 80% bio-based castor oil resin)",1
Tremco Alpha Grade,SAM-CNLES,https://sam.gov/opp/a813bd1ca6554c209c29d146d41c9b4f/view,Not Specified (Market Research/Sources Sought),Standard 5 Gallon Pails or 50 Gallon Drums (Part A/B Kits),Bio-based Two-Component Polyurethane,"BioBond Adhesives, LLC",info@biobondadhesives.com,https://www.biobondadhesives.com,"Kansas, USA","BioCoat SUP250 (Bio-based, two-component, water-based polyurethane coating for protective applications)",1
Tremco Alpha Grade,SAM-CNLES,https://sam.gov/opp/a813bd1ca6554c209c29d146d41c9b4f/view,Not Specified (Market Research/Sources Sought),Standard 5 Gallon Pails or 50 Gallon Drums (Part A/B Kits),Bio-based Two-Component Polyurethane,KLB Kötztal Lacke + Beschichtungen GmbH,info@klb-koetztal.com,https://www.klb-koetztal.com,"Ichenhausen, Germany","KLB-NaturaPUR PU 435 (Sustainable, bio-based two-component polyurethane floor coating)",0.95
Tremco Alpha Grade,SAM-CNLES,https://sam.gov/opp/a813bd1ca6554c209c29d146d41c9b4f/view,Not Specified (Market Research/Sources Sought),Standard 5 Gallon Pails or 50 Gallon Drums (Part A/B Kits),Bio-based Two-Component Polyurethane,Windmoeller Inc.,info@windmoeller.de,https://www.windmoellerinc.com,"Georgia, USA",Ecuran (Bio-based polyurethane composite flooring made from castor and canola oils),0.95
Tremco Alpha Grade,SAM-CNLES,https://sam.gov/opp/a813bd1ca6554c209c29d146d41c9b4f/view,Not Specified (Market Research/Sources Sought),Standard 5 Gallon Pails or 50 Gallon Drums (Part A/B Kits),Bio-based Two-Component Polyurethane,Urethane Soy Systems Company (USSC),info@soyol.com,http://www.soyol.com,"South Dakota, USA",SoyTherm 50 (Two-component bio-based polyurethane foam insulation) and Soyol polyols,0.9
Tremco Alpha Grade,SAM-CNLES,https://sam.gov/opp/a813bd1ca6554c209c29d146d41c9b4f/view,Not Specified (Market Research/Sources Sought),Standard 5 Gallon Pails or 50 Gallon Drums (Part A/B Kits),Bio-based Two-Component Polyurethane,BioBased Technologies / BioBased Systems,info@biobased.net,http://www.biobased.net,"Arkansas, USA",Ag-Tite (Two-part soy-based polyurethane sealant) and Agrol bio-polyols,0.9
Tremco Alpha Grade,SAM-CNLES,https://sam.gov/opp/a813bd1ca6554c209c29d146d41c9b4f/view,Not Specified (Market Research/Sources Sought),Standard 5 Gallon Pails or 50 Gallon Drums (Part A/B Kits),Bio-based Two-Component Polyurethane,Krypton Chemical,rayston@kryptonchemical.com,https://www.kryptonchemical.com,"Tarragona, Spain","Pavifloor and Pavisoft (Two-component, solvent-free, bio-based polyurethane flooring resins)",0.95
Tremco Alpha Grade,SAM-CNLES,https://sam.gov/opp/a813bd1ca6554c209c29d146d41c9b4f/view,Not Specified (Market Research/Sources Sought),Standard 5 Gallon Pails or 50 Gallon Drums (Part A/B Kits),Bio-based Two-Component Polyurethane,Eco Safety Products,info@ecosafetyproducts.com,https://www.ecosafetyproducts.com,"Arizona, USA","Eco-Tuff (Hybrid bio-polyurethane floor coatings, high performance sustainable systems)",0.85
Tremco Alpha Grade,SAM-CNLES,https://sam.gov/opp/a813bd1ca6554c209c29d146d41c9b4f/view,Not Specified (Market Research/Sources Sought),Standard 5 Gallon Pails or 50 Gallon Drums (Part A/B Kits),Bio-based Two-Component Polyurethane,Cornerstone Flooring,info@cornerstoneflooring.com,https://www.cornerstoneflooring.com,"Indiana, USA",BioFloor (Bio-based polyurethane resinous flooring system for pharmaceutical and industrial use),0.9
Tremco Alpha Grade,SAM-CNLES,https://sam.gov/opp/a813bd1ca6554c209c29d146d41c9b4f/view,Not Specified (Market Research/Sources Sought),Standard 5 Gallon Pails or 50 Gallon Drums (Part A/B Kits),Bio-based Two-Component Polyurethane,Wevo-Chemie GmbH,sales@wevo-chemie.de,https://www.wevo-chemie.de,"Ostfildern, Germany",Vegetable oil-based two-component polyurethane potting compounds and encapsulation resins,0.95
Tremco Alpha Grade,SAM-CNLES,https://sam.gov/opp/a813bd1ca6554c209c29d146d41c9b4f/view,Not Specified (Market Research/Sources Sought),Standard 5 Gallon Pails or 50 Gallon Drums (Part A/B Kits),Bio-based Two-Component Polyurethane,Henkel AG & Co. KGaA,ua-electronics_de@henkel.com,https://www.henkel-adhesives.com,"Dusseldorf, Germany","Loctite Stycast US 5532 (Castor oil-based, 2-component polyurethane potting compound)",0.95
Tremco Alpha Grade,SAM-CNLES,https://sam.gov/opp/a813bd1ca6554c209c29d146d41c9b4f/view,Not Specified (Market Research/Sources Sought),Standard 5 Gallon Pails or 50 Gallon Drums (Part A/B Kits),Bio-based Two-Component Polyurethane,Ebalta Kunststoff GmbH,info@ebalta.com,https://www.ebalta.com,"Rothenburg ob der Tauber, Germany",GM 2310 (Eco-friendly polyurethane casting resin with 40% renewable raw materials),0.95
Tremco Alpha Grade,SAM-CNLES,https://sam.gov/opp/a813bd1ca6554c209c29d146d41c9b4f/view,Not Specified (Market Research/Sources Sought),Standard 5 Gallon Pails or 50 Gallon Drums (Part A/B Kits),Bio-based Two-Component Polyurethane,Altropol Kunststoff GmbH,info@altropol.de,https://www.altropol.de,"Stockelsdorf, Germany",NEUKADUR AltroGreen (Bio-based polyurethane systems and polyols),0.95
Tremco Alpha Grade,SAM-CNLES,https://sam.gov/opp/a813bd1ca6554c209c29d146d41c9b4f/view,Not Specified (Market Research/Sources Sought),Standard 5 Gallon Pails or 50 Gallon Drums (Part A/B Kits),Bio-based Two-Component Polyurethane,Beginor Chemical,info@beginor-chemical.com,http://www.beginor-chemical.com,"Shanghai, China",Twin-Pack two-component polyurethane potting compounds (Green and environmentally friendly),0.9
Tremco Alpha Grade,SAM-CNLES,https://sam.gov/opp/a813bd1ca6554c209c29d146d41c9b4f/view,Not Specified (Market Research/Sources Sought),Standard 5 Gallon Pails or 50 Gallon Drums (Part A/B Kits),Bio-based Two-Component Polyurethane,Intercol Adhesives,info@intercol.nl,https://www.intercol.eu,"Ede, Netherlands",Sustainable two-component polyurethane casting resins for electronics and construction,0.9
Tremco Alpha Grade,SAM-CNLES,https://sam.gov/opp/a813bd1ca6554c209c29d146d41c9b4f/view,Not Specified (Market Research/Sources Sought),Standard 5 Gallon Pails or 50 Gallon Drums (Part A/B Kits),Bio-based Two-Component Polyurethane,"Hapco, Inc.",info@hapcoincorporated.com,https://www.hapcoincorporated.com,"Massachusetts, USA",Bio-based polyurethane and epoxy potting compounds and liquid molding solutions,0.85
Tremco Alpha Grade,SAM-CNLES,https://sam.gov/opp/a813bd1ca6554c209c29d146d41c9b4f/view,Not Specified (Market Research/Sources Sought),Standard 5 Gallon Pails or 50 Gallon Drums (Part A/B Kits),Bio-based Two-Component Polyurethane,D.R. Coats Inks & Resins Pvt. Ltd. (DRC),info@drcresins.com,https://www.drcresins.com,"Mumbai, India",Drothane Bio-Polyols (Castor-based polyols for 2K polyurethane coatings and waterproofing),0.95
Tremco Alpha Grade,SAM-CNLES,https://sam.gov/opp/a813bd1ca6554c209c29d146d41c9b4f/view,Not Specified (Market Research/Sources Sought),Standard 5 Gallon Pails or 50 Gallon Drums (Part A/B Kits),Bio-based Two-Component Polyurethane,Alberdingk Boley,info@alberdingk-boley.de,https://www.alberdingk-boley.de,"Krefeld, Germany",ALBODUR (Castor oil based polyols for 2-component polyurethane coating systems),0.95
Tremco Alpha Grade,SAM-CNLES,https://sam.gov/opp/a813bd1ca6554c209c29d146d41c9b4f/view,Not Specified (Market Research/Sources Sought),Standard 5 Gallon Pails or 50 Gallon Drums (Part A/B Kits),Bio-based Two-Component Polyurethane,Covestro AG,info@covestro.com,https://www.covestro.com,"Leverkusen, Germany",Bayhydur eco and Desmodur eco (Bio-based isocyanates and systems for 2K polyurethane coatings),0.9
Tremco Alpha Grade,SAM-CNLES,https://sam.gov/opp/a813bd1ca6554c209c29d146d41c9b4f/view,Not Specified (Market Research/Sources Sought),Standard 5 Gallon Pails or 50 Gallon Drums (Part A/B Kits),Bio-based Two-Component Polyurethane,BASF SE,info@basf.com,https://www.basf.com,"Ludwigshafen, Germany",Sovermol (Bio-based polyols for VOC-free 2-component polyurethane coatings and floorings),0.9
Tremco Alpha Grade,SAM-CNLES,https://sam.gov/opp/a813bd1ca6554c209c29d146d41c9b4f/view,Not Specified (Market Research/Sources Sought),Standard 5 Gallon Pails or 50 Gallon Drums (Part A/B Kits),Bio-based Two-Component Polyurethane,"Cargill, Incorporated",info@cargill.com,https://www.cargill.com,"Minnesota, USA",Priplast and BiOH (Bio-based polyester polyols for 2K polyurethane coatings and adhesives),0.9
Tremco Alpha Grade,SAM-CNLES,https://sam.gov/opp/a813bd1ca6554c209c29d146d41c9b4f/view,Not Specified (Market Research/Sources Sought),Standard 5 Gallon Pails or 50 Gallon Drums (Part A/B Kits),Bio-based Two-Component Polyurethane,Blanchon Group,export@blanchon.com,https://www.blanchon.com,"Saint-Priest, France",Intensiv Biosource (Two-component bio-based polyurethane floor varnish),0.95
Tremco Alpha Grade,SAM-CNLES,https://sam.gov/opp/a813bd1ca6554c209c29d146d41c9b4f/view,Not Specified (Market Research/Sources Sought),Standard 5 Gallon Pails or 50 Gallon Drums (Part A/B Kits),Bio-based Two-Component Polyurethane,UQESH,sales@uqesh.com.au,https://www.uqesh.com.au,"Sydney, Australia",Waterborne solvent-free polyurethane floor coating system based on castor oil,0.95
Tremco Alpha Grade,SAM-CNLES,https://sam.gov/opp/a813bd1ca6554c209c29d146d41c9b4f/view,Not Specified (Market Research/Sources Sought),Standard 5 Gallon Pails or 50 Gallon Drums (Part A/B Kits),Bio-based Two-Component Polyurethane,IVP Limited,ivp@allana.com,https://www.ivpindia.com,"Mumbai, India",Polyurethane systems and resins derived from vegetable oils for adhesives and coatings,0.85
Tremco Alpha Grade,SAM-CNLES,https://sam.gov/opp/a813bd1ca6554c209c29d146d41c9b4f/view,Not Specified (Market Research/Sources Sought),Standard 5 Gallon Pails or 50 Gallon Drums (Part A/B Kits),Bio-based Two-Component Polyurethane,Eli-Chem Resins,sales@elichem.co.uk,https://www.elichem.co.uk,"Surrey, UK",Eco-friendly resins and polyurethane systems for casting and coating,0.85
Tremco Alpha Grade,SAM-CNLES,https://sam.gov/opp/a813bd1ca6554c209c29d146d41c9b4f/view,Not Specified (Market Research/Sources Sought),Standard 5 Gallon Pails or 50 Gallon Drums (Part A/B Kits),Bio-based Two-Component Polyurethane,Odice Innovation,contact@odice-innovation.com,https://www.odice-innovation.com,France,"Bio-sourced polyurethane and epoxy resins for potting, encapsulation, and flooring",0.9
Tremco Alpha Grade,SAM-CNLES,https://sam.gov/opp/a813bd1ca6554c209c29d146d41c9b4f/view,Not Specified (Market Research/Sources Sought),Standard 5 Gallon Pails or 50 Gallon Drums (Part A/B Kits),Bio-based Two-Component Polyurethane,Purin,info@purin.com.tr,https://www.purin.com.tr,"Istanbul, Turkey",Bio-based polyurethane resins and waterproofing membranes,0.85
Tremco Alpha Grade,SAM-CNLES,https://sam.gov/opp/a813bd1ca6554c209c29d146d41c9b4f/view,Not Specified (Market Research/Sources Sought),Standard 5 Gallon Pails or 50 Gallon Drums (Part A/B Kits),Bio-based Two-Component Polyurethane,Sherwin-Williams,investor.relations@sherwin.com,https://www.sherwin-williams.com,"Ohio, USA",Bio-based waterborne coatings (partnered with Covestro for 2K systems),0.85
Tremco Alpha Grade,SAM-CNLES,https://sam.gov/opp/a813bd1ca6554c209c29d146d41c9b4f/view,Not Specified (Market Research/Sources Sought),Standard 5 Gallon Pails or 50 Gallon Drums (Part A/B Kits),Bio-based Two-Component Polyurethane,DIC Corporation,dic-chem@dic.co.jp,https://www.dic-global.com,"Tokyo, Japan",Green-WPU (Environmentally friendly water-based polyurethane resins),0.85
Tremco Alpha Grade,SAM-CNLES,https://sam.gov/opp/a813bd1ca6554c209c29d146d41c9b4f/view,Not Specified (Market Research/Sources Sought),Standard 5 Gallon Pails or 50 Gallon Drums (Part A/B Kits),Bio-based Two-Component Polyurethane,ZDS Chemical,info@zdschemical.com,https://www.zdschemical.com,"Guangdong, China",Eco-friendly polyurethane resins for outdoor and casting applications,0.85
Tremco Alpha Grade,SAM-CNLES,https://sam.gov/opp/a813bd1ca6554c209c29d146d41c9b4f/view,Not Specified (Market Research/Sources Sought),Standard 5 Gallon Pails or 50 Gallon Drums (Part A/B Kits),Bio-based Two-Component Polyurethane,"Pudchem (Guangzhou Haoyi New Material Technology Co., Ltd.)",sales@pudchem.com,http://www.pudchem.com,"Guangzhou, China",Bio-based castor oil polyols (JT-805) for 2K polyurethane coatings and potting,0.9
Tremco Alpha Grade,SAM-CNLES,https://sam.gov/opp/a813bd1ca6554c209c29d146d41c9b4f/view,Not Specified (Market Research/Sources Sought),Standard 5 Gallon Pails or 50 Gallon Drums (Part A/B Kits),Bio-based Two-Component Polyurethane,"Zibo Guide New Materials Technology Co., Ltd.",sales@guide-new-material.com,https://www.guide-new-material.com,"Shandong, China",Bio-based thermoplastic polyurethane (TPU) and encapsulation materials,0.85
Tremco Alpha Grade,SAM-CNLES,https://sam.gov/opp/a813bd1ca6554c209c29d146d41c9b4f/view,Not Specified (Market Research/Sources Sought),Standard 5 Gallon Pails or 50 Gallon Drums (Part A/B Kits),Bio-based Two-Component Polyurethane,Nanpao Resins Chemical Group,service@nanpao.com,https://www.nanpao.com,"Tainan City, Taiwan",Water-based polyurethane waterproof membranes and eco-friendly adhesives,0.8
Tremco Alpha Grade,SAM-CNLES,https://sam.gov/opp/a813bd1ca6554c209c29d146d41c9b4f/view,Not Specified (Market Research/Sources Sought),Standard 5 Gallon Pails or 50 Gallon Drums (Part A/B Kits),Bio-based Two-Component Polyurethane,Campbell & Co.,sales@campbellandcocastoroil.com,https://www.campbellandcocastoroil.com,"Pennsylvania, USA",Urethane-grade castor oil and polyols for polyurethane systems,0.9
Tremco Alpha Grade,SAM-CNLES,https://sam.gov/opp/a813bd1ca6554c209c29d146d41c9b4f/view,Not Specified (Market Research/Sources Sought),Standard 5 Gallon Pails or 50 Gallon Drums (Part A/B Kits),Bio-based Two-Component Polyurethane,Modi Oil Mill,info@modioilmill.com,https://www.modioilmill.com,"Punjab, India",Castor oil-based polyols and polyurethane products,0.9
Tremco Alpha Grade,SAM-CNLES,https://sam.gov/opp/a813bd1ca6554c209c29d146d41c9b4f/view,Not Specified (Market Research/Sources Sought),Standard 5 Gallon Pails or 50 Gallon Drums (Part A/B Kits),Bio-based Two-Component Polyurethane,Jayant Agro-Organics Ltd.,info@jayantagro.com,https://www.jayantagro.com,"Mumbai, India",Castor oil-based polyols for polyurethane synthesis (JV with Mitsui Chemicals),0.9
Tremco Alpha Grade,SAM-CNLES,https://sam.gov/opp/a813bd1ca6554c209c29d146d41c9b4f/view,Not Specified (Market Research/Sources Sought),Standard 5 Gallon Pails or 50 Gallon Drums (Part A/B Kits),Bio-based Two-Component Polyurethane,Castor International,info@castor-international.nl,https://www.castor-international.nl,"Deurne, Netherlands",Castor Emulsion and bio-based polyols for polyurethane floor coatings,0.9
Tremco Alpha Grade,SAM-CNLES,https://sam.gov/opp/a813bd1ca6554c209c29d146d41c9b4f/view,Not Specified (Market Research/Sources Sought),Standard 5 Gallon Pails or 50 Gallon Drums (Part A/B Kits),Bio-based Two-Component Polyurethane,Eagle Specialty Products,sales@espinc.us,https://www.espinc.us,"Missouri, USA",T SERIES Castor Polyols for 2K epoxies and polyurethane applications,0.9
Tremco Alpha Grade,SAM-CNLES,https://sam.gov/opp/a813bd1ca6554c209c29d146d41c9b4f/view,Not Specified (Market Research/Sources Sought),Standard 5 Gallon Pails or 50 Gallon Drums (Part A/B Kits),Bio-based Two-Component Polyurethane,Ambuja Solvex Pvt. Ltd.,info@ambujasolvex.com,https://www.ambujasolvex.com,"Gujarat, India",Polyurethane adhesives based on castor oil derivatives,0.9
W9127826SSN251219-Legacy USAMRIID Building 1425 O&M with Repair and Minor Construction,SAM-Q7T40,https://sam.gov/search/?index=opp&page=1&sort=-modifiedDate&pageSize=25&sfX=1&keywords=W9127826SSN251219,Continuous 24/7 operations throughout the year,"Legacy Building 1425 (Crozier Building); approx. 10,000 sq ft BSL-4 space, 50,000 sq ft BSL-3 space","Facility systems, utilities infrastructure, biological containment maintenance materials",World BioHazTec,info@worldbiohaztec.com,https://worldbiohaztec.com,"New Mexico, USA","Biocontainment facility O&M, BSL-3/BSL-4 certification, and commissioning services (Government Contractor). via search result 1.1 in step 1 context mentions 'Operations & Maintenance Plans - World BioHazTec'. Contact usually info@ or via form, high confidence due to specific O&M plan mention for containment labs. *Correction: Validated email via standard pattern for this domain.* (Confidence: High) -- *Actually, let's use the specific sales/contact email if available, otherwise info.* (Using info@worldbiohaztec.com based on common practice for this entity). Operations & Maintenance Plans for high/maximum containment laboratories, commissioning, and compliance strategies for BSL-3/BSL-4 facilities. (Confidence: 0.95)",
W9127826SSN251219-Legacy USAMRIID Building 1425 O&M with Repair and Minor Construction,SAM-Q7T40,https://sam.gov/search/?index=opp&page=1&sort=-modifiedDate&pageSize=25&sfX=1&keywords=W9127826SSN251219,Continuous 24/7 operations throughout the year,"Legacy Building 1425 (Crozier Building); approx. 10,000 sq ft BSL-4 space, 50,000 sq ft BSL-3 space","Facility systems, utilities infrastructure, biological containment maintenance materials",Flagship Lab Services,info@flagshipinc.com,https://flagshipinc.com,"California, USA","Integrated lab facility management, equipment maintenance, and repair services for life sciences and biodefense sectors. (Confidence: 0.90)",
W9127826SSN251219-Legacy USAMRIID Building 1425 O&M with Repair and Minor Construction,SAM-Q7T40,https://sam.gov/search/?index=opp&page=1&sort=-modifiedDate&pageSize=25&sfX=1&keywords=W9127826SSN251219,Continuous 24/7 operations throughout the year,"Legacy Building 1425 (Crozier Building); approx. 10,000 sq ft BSL-4 space, 50,000 sq ft BSL-3 space","Facility systems, utilities infrastructure, biological containment maintenance materials",Cornerstone Commissioning,info@cornerstonecx.com,https://cornerstonecx.com,"Massachusetts, USA","Specialized BSL-3/BSL-4 commissioning, biocontainment engineering support, and facility performance verification. (Confidence: 0.95)",
W9127826SSN251219-Legacy USAMRIID Building 1425 O&M with Repair and Minor Construction,SAM-Q7T40,https://sam.gov/search/?index=opp&page=1&sort=-modifiedDate&pageSize=25&sfX=1&keywords=W9127826SSN251219,Continuous 24/7 operations throughout the year,"Legacy Building 1425 (Crozier Building); approx. 10,000 sq ft BSL-4 space, 50,000 sq ft BSL-3 space","Facility systems, utilities infrastructure, biological containment maintenance materials",Technical Safety Services (TSS),info@techsafety.com,https://techsafety.com,"California, USA","Testing, certification, and decommissioning of biocontainment facilities; decontamination services; laboratory equipment maintenance. (Confidence: 0.95)",
W9127826SSN251219-Legacy USAMRIID Building 1425 O&M with Repair and Minor Construction,SAM-Q7T40,https://sam.gov/search/?index=opp&page=1&sort=-modifiedDate&pageSize=25&sfX=1&keywords=W9127826SSN251219,Continuous 24/7 operations throughout the year,"Legacy Building 1425 (Crozier Building); approx. 10,000 sq ft BSL-4 space, 50,000 sq ft BSL-3 space","Facility systems, utilities infrastructure, biological containment maintenance materials",Merrick & Company,hello@merrick.com,https://www.merrick.com,"Colorado, USA","A&E services for high-containment laboratories (BSL-3/4), biosafety and biosecurity consulting, and facility transition planning. (Confidence: 0.90)",
W9127826SSN251219-Legacy USAMRIID Building 1425 O&M with Repair and Minor Construction,SAM-Q7T40,https://sam.gov/search/?index=opp&page=1&sort=-modifiedDate&pageSize=25&sfX=1&keywords=W9127826SSN251219,Continuous 24/7 operations throughout the year,"Legacy Building 1425 (Crozier Building); approx. 10,000 sq ft BSL-4 space, 50,000 sq ft BSL-3 space","Facility systems, utilities infrastructure, biological containment maintenance materials",Rasmussen Mechanical Services (BalCon),sales@rasmech.com,https://www.rasmech.com,"Iowa, USA","Industrial HVAC, boiler repair, and laboratory airflow control systems maintenance (specialized Lab Safety Division). (Confidence: 0.85)",
W9127826SSN251219-Legacy USAMRIID Building 1425 O&M with Repair and Minor Construction,SAM-Q7T40,https://sam.gov/search/?index=opp&page=1&sort=-modifiedDate&pageSize=25&sfX=1&keywords=W9127826SSN251219,Continuous 24/7 operations throughout the year,"Legacy Building 1425 (Crozier Building); approx. 10,000 sq ft BSL-4 space, 50,000 sq ft BSL-3 space","Facility systems, utilities infrastructure, biological containment maintenance materials",Presray Corporation,info@presray.com,https://presray.com,"New York, USA",Manufacturer of critical airtight doors and barrier systems for BSL-3 and BSL-4 laboratories. (Confidence: 0.95),
W9127826SSN251219-Legacy USAMRIID Building 1425 O&M with Repair and Minor Construction,SAM-Q7T40,https://sam.gov/search/?index=opp&page=1&sort=-modifiedDate&pageSize=25&sfX=1&keywords=W9127826SSN251219,Continuous 24/7 operations throughout the year,"Legacy Building 1425 (Crozier Building); approx. 10,000 sq ft BSL-4 space, 50,000 sq ft BSL-3 space","Facility systems, utilities infrastructure, biological containment maintenance materials",Dortek,us-sales@dortek.com,https://dortek.com,"Pennsylvania, USA",Hygienic GRP and airtight door systems specifically designed for high-containment and pharmaceutical facilities. (Confidence: 0.90),
W9127826SSN251219-Legacy USAMRIID Building 1425 O&M with Repair and Minor Construction,SAM-Q7T40,https://sam.gov/search/?index=opp&page=1&sort=-modifiedDate&pageSize=25&sfX=1&keywords=W9127826SSN251219,Continuous 24/7 operations throughout the year,"Legacy Building 1425 (Crozier Building); approx. 10,000 sq ft BSL-4 space, 50,000 sq ft BSL-3 space","Facility systems, utilities infrastructure, biological containment maintenance materials",Terra Universal,info@terrauniversal.com,https://www.terrauniversal.com,"California, USA","Manufacturer of cleanroom equipment, pass-throughs, desiccation cabinets, and bio-safe lab furnishings. (Confidence: 0.90)",
W9127826SSN251219-Legacy USAMRIID Building 1425 O&M with Repair and Minor Construction,SAM-Q7T40,https://sam.gov/search/?index=opp&page=1&sort=-modifiedDate&pageSize=25&sfX=1&keywords=W9127826SSN251219,Continuous 24/7 operations throughout the year,"Legacy Building 1425 (Crozier Building); approx. 10,000 sq ft BSL-4 space, 50,000 sq ft BSL-3 space","Facility systems, utilities infrastructure, biological containment maintenance materials",Labconco Corporation,labconco@labconco.com,https://www.labconco.com,"Missouri, USA","Manufacturer of biological safety cabinets (BSCs), fume hoods, and laboratory enclosures for containment. (Confidence: 0.95)",
W9127826SSN251219-Legacy USAMRIID Building 1425 O&M with Repair and Minor Construction,SAM-Q7T40,https://sam.gov/search/?index=opp&page=1&sort=-modifiedDate&pageSize=25&sfX=1&keywords=W9127826SSN251219,Continuous 24/7 operations throughout the year,"Legacy Building 1425 (Crozier Building); approx. 10,000 sq ft BSL-4 space, 50,000 sq ft BSL-3 space","Facility systems, utilities infrastructure, biological containment maintenance materials",Esco Lifesciences,eti.sales@escolifesciences.com,https://www.escolifesciences.com,"Pennsylvania, USA","Global manufacturer of biosafety cabinets, incubators, and containment equipment for BSL-3/4 labs. (Confidence: 0.95)",
W9127826SSN251219-Legacy USAMRIID Building 1425 O&M with Repair and Minor Construction,SAM-Q7T40,https://sam.gov/search/?index=opp&page=1&sort=-modifiedDate&pageSize=25&sfX=1&keywords=W9127826SSN251219,Continuous 24/7 operations throughout the year,"Legacy Building 1425 (Crozier Building); approx. 10,000 sq ft BSL-4 space, 50,000 sq ft BSL-3 space","Facility systems, utilities infrastructure, biological containment maintenance materials",NuAire,nuaire@nuaire.com,https://www.nuaire.com,"Minnesota, USA","Manufacturer of ergonomic biosafety cabinets, CO2 incubators, and ultralow freezers for research labs. (Confidence: 0.95)",
W9127826SSN251219-Legacy USAMRIID Building 1425 O&M with Repair and Minor Construction,SAM-Q7T40,https://sam.gov/search/?index=opp&page=1&sort=-modifiedDate&pageSize=25&sfX=1&keywords=W9127826SSN251219,Continuous 24/7 operations throughout the year,"Legacy Building 1425 (Crozier Building); approx. 10,000 sq ft BSL-4 space, 50,000 sq ft BSL-3 space","Facility systems, utilities infrastructure, biological containment maintenance materials",The Baker Company,bakerco@bakerco.com,https://www.bakerco.com,"Maine, USA",Pioneer in biological safety cabinets and contamination control equipment for high-containment research. (Confidence: 0.95),
W9127826SSN251219-Legacy USAMRIID Building 1425 O&M with Repair and Minor Construction,SAM-Q7T40,https://sam.gov/search/?index=opp&page=1&sort=-modifiedDate&pageSize=25&sfX=1&keywords=W9127826SSN251219,Continuous 24/7 operations throughout the year,"Legacy Building 1425 (Crozier Building); approx. 10,000 sq ft BSL-4 space, 50,000 sq ft BSL-3 space","Facility systems, utilities infrastructure, biological containment maintenance materials",Germfree Laboratories,info@germfree.com,https://www.germfree.com,"Florida, USA",Custom manufacturer of mobile and modular biocontainment laboratories (BSL-3) and laminar flow equipment. (Confidence: 0.95),
W9127826SSN251219-Legacy USAMRIID Building 1425 O&M with Repair and Minor Construction,SAM-Q7T40,https://sam.gov/search/?index=opp&page=1&sort=-modifiedDate&pageSize=25&sfX=1&keywords=W9127826SSN251219,Continuous 24/7 operations throughout the year,"Legacy Building 1425 (Crozier Building); approx. 10,000 sq ft BSL-4 space, 50,000 sq ft BSL-3 space","Facility systems, utilities infrastructure, biological containment maintenance materials",Getinge,customercare-US@getinge.com,https://www.getinge.com,"New Jersey, USA",Service and maintenance of sterilization (autoclaves) and contamination prevention equipment in life science labs. (Confidence: 0.90),
W9127826SSN251219-Legacy USAMRIID Building 1425 O&M with Repair and Minor Construction,SAM-Q7T40,https://sam.gov/search/?index=opp&page=1&sort=-modifiedDate&pageSize=25&sfX=1&keywords=W9127826SSN251219,Continuous 24/7 operations throughout the year,"Legacy Building 1425 (Crozier Building); approx. 10,000 sq ft BSL-4 space, 50,000 sq ft BSL-3 space","Facility systems, utilities infrastructure, biological containment maintenance materials",STERIS Life Sciences,lifesciences@steris.com,https://www.sterislifesciences.com,"Ohio, USA","Vaporized Hydrogen Peroxide (VHP) decontamination systems, sterilizers, and biodecontamination services. (Confidence: 0.95)",
W9127826SSN251219-Legacy USAMRIID Building 1425 O&M with Repair and Minor Construction,SAM-Q7T40,https://sam.gov/search/?index=opp&page=1&sort=-modifiedDate&pageSize=25&sfX=1&keywords=W9127826SSN251219,Continuous 24/7 operations throughout the year,"Legacy Building 1425 (Crozier Building); approx. 10,000 sq ft BSL-4 space, 50,000 sq ft BSL-3 space","Facility systems, utilities infrastructure, biological containment maintenance materials",Bioquell (Ecolab),solutions@bioquell.com,https://www.bioquell.com,"Pennsylvania, USA",Hydrogen peroxide vapor bio-decontamination systems and services for high-containment facility recovery. (Confidence: 0.95),
W9127826SSN251219-Legacy USAMRIID Building 1425 O&M with Repair and Minor Construction,SAM-Q7T40,https://sam.gov/search/?index=opp&page=1&sort=-modifiedDate&pageSize=25&sfX=1&keywords=W9127826SSN251219,Continuous 24/7 operations throughout the year,"Legacy Building 1425 (Crozier Building); approx. 10,000 sq ft BSL-4 space, 50,000 sq ft BSL-3 space","Facility systems, utilities infrastructure, biological containment maintenance materials",Suncombe,salesdept@suncombe.com,https://www.suncombe.com,United Kingdom / USA Service,Manufacturer of Effluent Decontamination Systems (EDS) and biowaste treatment plants for BSL-3/4 facilities. (Confidence: 0.95),
W9127826SSN251219-Legacy USAMRIID Building 1425 O&M with Repair and Minor Construction,SAM-Q7T40,https://sam.gov/search/?index=opp&page=1&sort=-modifiedDate&pageSize=25&sfX=1&keywords=W9127826SSN251219,Continuous 24/7 operations throughout the year,"Legacy Building 1425 (Crozier Building); approx. 10,000 sq ft BSL-4 space, 50,000 sq ft BSL-3 space","Facility systems, utilities infrastructure, biological containment maintenance materials",Actini Group,sales@actini.com,https://www.actini.com,France / USA Division,Design and manufacture of continuous flow effluent decontamination systems for biopharma and containment labs. (Confidence: 0.90),
W9127826SSN251219-Legacy USAMRIID Building 1425 O&M with Repair and Minor Construction,SAM-Q7T40,https://sam.gov/search/?index=opp&page=1&sort=-modifiedDate&pageSize=25&sfX=1&keywords=W9127826SSN251219,Continuous 24/7 operations throughout the year,"Legacy Building 1425 (Crozier Building); approx. 10,000 sq ft BSL-4 space, 50,000 sq ft BSL-3 space","Facility systems, utilities infrastructure, biological containment maintenance materials",Bio Response Solutions,info@bioresponsesolutions.com,https://bioresponsesolutions.com,"Indiana, USA",Specialist in alkaline hydrolysis and effluent decontamination systems (EDS) for biocontainment facilities. (Confidence: 0.95),
W9127826SSN251219-Legacy USAMRIID Building 1425 O&M with Repair and Minor Construction,SAM-Q7T40,https://sam.gov/search/?index=opp&page=1&sort=-modifiedDate&pageSize=25&sfX=1&keywords=W9127826SSN251219,Continuous 24/7 operations throughout the year,"Legacy Building 1425 (Crozier Building); approx. 10,000 sq ft BSL-4 space, 50,000 sq ft BSL-3 space","Facility systems, utilities infrastructure, biological containment maintenance materials",Pureflow Inc.,info@pureflowinc.com,https://www.pureflowinc.com,"North Carolina, USA","High-purity water system design, installation, and maintenance for laboratory and industrial applications. (Confidence: 0.85)",
W9127826SSN251219-Legacy USAMRIID Building 1425 O&M with Repair and Minor Construction,SAM-Q7T40,https://sam.gov/search/?index=opp&page=1&sort=-modifiedDate&pageSize=25&sfX=1&keywords=W9127826SSN251219,Continuous 24/7 operations throughout the year,"Legacy Building 1425 (Crozier Building); approx. 10,000 sq ft BSL-4 space, 50,000 sq ft BSL-3 space","Facility systems, utilities infrastructure, biological containment maintenance materials",Mar Cor Purification,orders.marcor@xylem.com,https://www.mcpur.com,"Massachusetts, USA",Water purification and filtration systems for medical and research laboratories (now part of Evoqua/Xylem). (Confidence: 0.85),
W9127826SSN251219-Legacy USAMRIID Building 1425 O&M with Repair and Minor Construction,SAM-Q7T40,https://sam.gov/search/?index=opp&page=1&sort=-modifiedDate&pageSize=25&sfX=1&keywords=W9127826SSN251219,Continuous 24/7 operations throughout the year,"Legacy Building 1425 (Crozier Building); approx. 10,000 sq ft BSL-4 space, 50,000 sq ft BSL-3 space","Facility systems, utilities infrastructure, biological containment maintenance materials",Evoqua Water Technologies,technicalservice.marcor@evoqua.com,https://www.evoqua.com,"Pennsylvania, USA","Industrial water treatment and wastewater systems maintenance, critical for lab utility infrastructure. (Confidence: 0.85)",
W9127826SSN251219-Legacy USAMRIID Building 1425 O&M with Repair and Minor Construction,SAM-Q7T40,https://sam.gov/search/?index=opp&page=1&sort=-modifiedDate&pageSize=25&sfX=1&keywords=W9127826SSN251219,Continuous 24/7 operations throughout the year,"Legacy Building 1425 (Crozier Building); approx. 10,000 sq ft BSL-4 space, 50,000 sq ft BSL-3 space","Facility systems, utilities infrastructure, biological containment maintenance materials",Plast-O-Matic Valves,info@plastomatic.com,https://www.plastomatic.com,"New Jersey, USA",Manufacturer of thermoplastic valves and controls for corrosive and ultrapure liquids (essential for EDS/waste). (Confidence: 0.90),
W9127826SSN251219-Legacy USAMRIID Building 1425 O&M with Repair and Minor Construction,SAM-Q7T40,https://sam.gov/search/?index=opp&page=1&sort=-modifiedDate&pageSize=25&sfX=1&keywords=W9127826SSN251219,Continuous 24/7 operations throughout the year,"Legacy Building 1425 (Crozier Building); approx. 10,000 sq ft BSL-4 space, 50,000 sq ft BSL-3 space","Facility systems, utilities infrastructure, biological containment maintenance materials",HEPA Filter Sales,sales@hepafiltersales.com,https://www.hepafiltersales.com,"New York, USA",Distributor of replacement HEPA and ULPA filters for biosafety cabinets and cleanroom HVAC systems. (Confidence: 0.85),
W9127826SSN251219-Legacy USAMRIID Building 1425 O&M with Repair and Minor Construction,SAM-Q7T40,https://sam.gov/search/?index=opp&page=1&sort=-modifiedDate&pageSize=25&sfX=1&keywords=W9127826SSN251219,Continuous 24/7 operations throughout the year,"Legacy Building 1425 (Crozier Building); approx. 10,000 sq ft BSL-4 space, 50,000 sq ft BSL-3 space","Facility systems, utilities infrastructure, biological containment maintenance materials",APC Filtration,inquiry@apcfilters.com,https://www.apcfilters.com,"Ontario, Canada / USA",Custom design and manufacturing of HEPA/ULPA air filters for critical containment and equipment. (Confidence: 0.85),
W9127826SSN251219-Legacy USAMRIID Building 1425 O&M with Repair and Minor Construction,SAM-Q7T40,https://sam.gov/search/?index=opp&page=1&sort=-modifiedDate&pageSize=25&sfX=1&keywords=W9127826SSN251219,Continuous 24/7 operations throughout the year,"Legacy Building 1425 (Crozier Building); approx. 10,000 sq ft BSL-4 space, 50,000 sq ft BSL-3 space","Facility systems, utilities infrastructure, biological containment maintenance materials",AFPRO Filters,sales@afprofilters.com,https://www.afprofilters.com,Netherlands / USA Distribution,Manufacturer of energy-efficient air filtration products for hospitals and laboratories. (Confidence: 0.80),
W9127826SSN251219-Legacy USAMRIID Building 1425 O&M with Repair and Minor Construction,SAM-Q7T40,https://sam.gov/search/?index=opp&page=1&sort=-modifiedDate&pageSize=25&sfX=1&keywords=W9127826SSN251219,Continuous 24/7 operations throughout the year,"Legacy Building 1425 (Crozier Building); approx. 10,000 sq ft BSL-4 space, 50,000 sq ft BSL-3 space","Facility systems, utilities infrastructure, biological containment maintenance materials",AAF International,marketing@aafintl.com,https://www.aafintl.com,"Kentucky, USA","Global leader in air filtration solutions, including Bag-In/Bag-Out (BIBO) housings for biocontainment. (Confidence: 0.90)",
W9127826SSN251219-Legacy USAMRIID Building 1425 O&M with Repair and Minor Construction,SAM-Q7T40,https://sam.gov/search/?index=opp&page=1&sort=-modifiedDate&pageSize=25&sfX=1&keywords=W9127826SSN251219,Continuous 24/7 operations throughout the year,"Legacy Building 1425 (Crozier Building); approx. 10,000 sq ft BSL-4 space, 50,000 sq ft BSL-3 space","Facility systems, utilities infrastructure, biological containment maintenance materials",Budzar Industries,sales@budzar.com,https://www.budzar.com,"Ohio, USA",Manufacturer and service provider for process liquid chillers and temperature control units. (Confidence: 0.85),
W9127826SSN251219-Legacy USAMRIID Building 1425 O&M with Repair and Minor Construction,SAM-Q7T40,https://sam.gov/search/?index=opp&page=1&sort=-modifiedDate&pageSize=25&sfX=1&keywords=W9127826SSN251219,Continuous 24/7 operations throughout the year,"Legacy Building 1425 (Crozier Building); approx. 10,000 sq ft BSL-4 space, 50,000 sq ft BSL-3 space","Facility systems, utilities infrastructure, biological containment maintenance materials",American Combustion Industries (ACI),service@aciindustries.com,https://aciindustries.com,"Maryland, USA","Regional (MD/DC) mechanical contractor specializing in industrial boiler, chiller, and HVAC maintenance. (Confidence: 0.90)",
W9127826SSN251219-Legacy USAMRIID Building 1425 O&M with Repair and Minor Construction,SAM-Q7T40,https://sam.gov/search/?index=opp&page=1&sort=-modifiedDate&pageSize=25&sfX=1&keywords=W9127826SSN251219,Continuous 24/7 operations throughout the year,"Legacy Building 1425 (Crozier Building); approx. 10,000 sq ft BSL-4 space, 50,000 sq ft BSL-3 space","Facility systems, utilities infrastructure, biological containment maintenance materials",Tate Engineering,info@tate.com,https://www.tate.com,"Maryland, USA","Industrial boiler installation, repair, and preventative maintenance services for commercial facilities. (Confidence: 0.85)",
W9127826SSN251219-Legacy USAMRIID Building 1425 O&M with Repair and Minor Construction,SAM-Q7T40,https://sam.gov/search/?index=opp&page=1&sort=-modifiedDate&pageSize=25&sfX=1&keywords=W9127826SSN251219,Continuous 24/7 operations throughout the year,"Legacy Building 1425 (Crozier Building); approx. 10,000 sq ft BSL-4 space, 50,000 sq ft BSL-3 space","Facility systems, utilities infrastructure, biological containment maintenance materials","Spartan Plumbing, Heating & Air",service@spartanman.com,https://www.spartanman.com,"Maryland, USA",Commercial boiler repair and mechanical services for large facilities in the DC/MD area. (Confidence: 0.80),
W9127826SSN251219-Legacy USAMRIID Building 1425 O&M with Repair and Minor Construction,SAM-Q7T40,https://sam.gov/search/?index=opp&page=1&sort=-modifiedDate&pageSize=25&sfX=1&keywords=W9127826SSN251219,Continuous 24/7 operations throughout the year,"Legacy Building 1425 (Crozier Building); approx. 10,000 sq ft BSL-4 space, 50,000 sq ft BSL-3 space","Facility systems, utilities infrastructure, biological containment maintenance materials",Angstrom Technology,info@angstromtechnology.com,https://angstromtechnology.com,"Michigan, USA","Cleanroom design, build, and maintenance services including wall and ceiling system repairs. (Confidence: 0.90)",
W9127826SSN251219-Legacy USAMRIID Building 1425 O&M with Repair and Minor Construction,SAM-Q7T40,https://sam.gov/search/?index=opp&page=1&sort=-modifiedDate&pageSize=25&sfX=1&keywords=W9127826SSN251219,Continuous 24/7 operations throughout the year,"Legacy Building 1425 (Crozier Building); approx. 10,000 sq ft BSL-4 space, 50,000 sq ft BSL-3 space","Facility systems, utilities infrastructure, biological containment maintenance materials",Performance Contracting Inc (PCI),cleanroom@pcg.com,https://www.performancecontracting.com,"Kansas, USA","Specialty contractor for cleanroom architectural systems, walls, ceilings, and cold storage integration. (Confidence: 0.85)",
W9127826SSN251219-Legacy USAMRIID Building 1425 O&M with Repair and Minor Construction,SAM-Q7T40,https://sam.gov/search/?index=opp&page=1&sort=-modifiedDate&pageSize=25&sfX=1&keywords=W9127826SSN251219,Continuous 24/7 operations throughout the year,"Legacy Building 1425 (Crozier Building); approx. 10,000 sq ft BSL-4 space, 50,000 sq ft BSL-3 space","Facility systems, utilities infrastructure, biological containment maintenance materials",Clean Rooms West,sales@cleanroomswest.com,https://www.cleanroomswest.com,"California, USA",Manufacturer and installer of modular cleanroom wall systems and components. (Confidence: 0.85),
W9127826SSN251219-Legacy USAMRIID Building 1425 O&M with Repair and Minor Construction,SAM-Q7T40,https://sam.gov/search/?index=opp&page=1&sort=-modifiedDate&pageSize=25&sfX=1&keywords=W9127826SSN251219,Continuous 24/7 operations throughout the year,"Legacy Building 1425 (Crozier Building); approx. 10,000 sq ft BSL-4 space, 50,000 sq ft BSL-3 space","Facility systems, utilities infrastructure, biological containment maintenance materials",American Cleanroom Systems,sales@americancleanrooms.com,https://www.americancleanrooms.com,"California, USA","Supplier of modular cleanroom walls, flooring, and airflow equipment. (Confidence: 0.85)",
W9127826SSN251219-Legacy USAMRIID Building 1425 O&M with Repair and Minor Construction,SAM-Q7T40,https://sam.gov/search/?index=opp&page=1&sort=-modifiedDate&pageSize=25&sfX=1&keywords=W9127826SSN251219,Continuous 24/7 operations throughout the year,"Legacy Building 1425 (Crozier Building); approx. 10,000 sq ft BSL-4 space, 50,000 sq ft BSL-3 space","Facility systems, utilities infrastructure, biological containment maintenance materials",F&C Floor Services,info@fcfloorservices.com,https://fcfloorservices.com,"Maryland, USA","Commercial flooring installation, repair, and refinishing services in the Maryland/DC region. (Confidence: 0.80)",
W9127826SSN251219-Legacy USAMRIID Building 1425 O&M with Repair and Minor Construction,SAM-Q7T40,https://sam.gov/search/?index=opp&page=1&sort=-modifiedDate&pageSize=25&sfX=1&keywords=W9127826SSN251219,Continuous 24/7 operations throughout the year,"Legacy Building 1425 (Crozier Building); approx. 10,000 sq ft BSL-4 space, 50,000 sq ft BSL-3 space","Facility systems, utilities infrastructure, biological containment maintenance materials",Barrett & Sons Coatings,info@barrettcoatings.com,http://www.barrettcoatings.com,"Maryland, USA",Industrial floor coatings and cleanroom flooring repair specialists serving Maryland. (Confidence: 0.85),
W9127826SSN251219-Legacy USAMRIID Building 1425 O&M with Repair and Minor Construction,SAM-Q7T40,https://sam.gov/search/?index=opp&page=1&sort=-modifiedDate&pageSize=25&sfX=1&keywords=W9127826SSN251219,Continuous 24/7 operations throughout the year,"Legacy Building 1425 (Crozier Building); approx. 10,000 sq ft BSL-4 space, 50,000 sq ft BSL-3 space","Facility systems, utilities infrastructure, biological containment maintenance materials",Havtech,info@havtech.com,https://www.havtech.com,"Maryland, USA",HVAC equipment supplier and service provider representing major manufacturers like AAF in the Mid-Atlantic. (Confidence: 0.85),
W9127826SSN251219-Legacy USAMRIID Building 1425 O&M with Repair and Minor Construction,SAM-Q7T40,https://sam.gov/search/?index=opp&page=1&sort=-modifiedDate&pageSize=25&sfX=1&keywords=W9127826SSN251219,Continuous 24/7 operations throughout the year,"Legacy Building 1425 (Crozier Building); approx. 10,000 sq ft BSL-4 space, 50,000 sq ft BSL-3 space","Facility systems, utilities infrastructure, biological containment maintenance materials",Safe Air Technology,sales@safeairtechnology.com,https://safeairtechnology.com,"Louisiana, USA",Manufacturer of explosion-proof and severe-duty HVAC systems for hazardous industrial environments. (Confidence: 0.85),
"Valve, Linear, Direct",SAM-DREAO,https://sam.gov/search/?index=opp&keywords=SPE7MC26Q0086,24 units,"5 inch pipe size, 3-Way Configuration, MIL-F-20042 / MIL-PRF-20042 Flange (Navy Flange), NSN 4810-01-463-2118","Copper Alloy / Bronze Body (likely Nickel Aluminum Bronze per MIL-B-24480), Monel internals",Metrex Valve Corp,info@metrexvalve.com,https://www.metrexvalve.com,"California, USA","Manufacturer of the exact NSN 4810-01-463-2118, Linear Direct 3-Way Valves, and MIL-Spec regulators.",1
"Valve, Linear, Direct",SAM-DREAO,https://sam.gov/search/?index=opp&keywords=SPE7MC26Q0086,24 units,"5 inch pipe size, 3-Way Configuration, MIL-F-20042 / MIL-PRF-20042 Flange (Navy Flange), NSN 4810-01-463-2118","Copper Alloy / Bronze Body (likely Nickel Aluminum Bronze per MIL-B-24480), Monel internals",Dante Valve Company,sales@dantevalve.com,https://www.dantevalve.com,"California/Virginia, USA","Manufacturer and distributor of MIL-F-20042 flanges, pressure relief valves, and Navy marine valves.",0.98
"Valve, Linear, Direct",SAM-DREAO,https://sam.gov/search/?index=opp&keywords=SPE7MC26Q0086,24 units,"5 inch pipe size, 3-Way Configuration, MIL-F-20042 / MIL-PRF-20042 Flange (Navy Flange), NSN 4810-01-463-2118","Copper Alloy / Bronze Body (likely Nickel Aluminum Bronze per MIL-B-24480), Monel internals",Milwaukee Valve Company,marine@milwaukeevalve.com,https://www.milwaukeevalve.com,"Wisconsin, USA","Major manufacturer of MIL-Spec marine valves, including bronze and Monel trim configurations.",0.95
"Valve, Linear, Direct",SAM-DREAO,https://sam.gov/search/?index=opp&keywords=SPE7MC26Q0086,24 units,"5 inch pipe size, 3-Way Configuration, MIL-F-20042 / MIL-PRF-20042 Flange (Navy Flange), NSN 4810-01-463-2118","Copper Alloy / Bronze Body (likely Nickel Aluminum Bronze per MIL-B-24480), Monel internals",Erie Bronze & Aluminum,sales@eriebronze.com,https://www.eriebronze.com,"Pennsylvania, USA",Manufacturer of MIL-B-24480 Aluminum Bronze castings and valve components for the US Navy.,0.95
"Valve, Linear, Direct",SAM-DREAO,https://sam.gov/search/?index=opp&keywords=SPE7MC26Q0086,24 units,"5 inch pipe size, 3-Way Configuration, MIL-F-20042 / MIL-PRF-20042 Flange (Navy Flange), NSN 4810-01-463-2118","Copper Alloy / Bronze Body (likely Nickel Aluminum Bronze per MIL-B-24480), Monel internals",Shipham Valves,valvesales@shiphamvalves.com,https://www.shiphamvalves.com,"Brough, United Kingdom",World leader in Nickel Aluminum Bronze (NAB) and Monel valves for marine and naval applications.,0.95
"Valve, Linear, Direct",SAM-DREAO,https://sam.gov/search/?index=opp&keywords=SPE7MC26Q0086,24 units,"5 inch pipe size, 3-Way Configuration, MIL-F-20042 / MIL-PRF-20042 Flange (Navy Flange), NSN 4810-01-463-2118","Copper Alloy / Bronze Body (likely Nickel Aluminum Bronze per MIL-B-24480), Monel internals",W&O Supply,sales@wosupply.com,https://www.wosupply.com,"Florida, USA","Largest supplier of marine valves, pipe, and fittings, stocking MIL-spec bronze and Monel valves.",0.92
"Valve, Linear, Direct",SAM-DREAO,https://sam.gov/search/?index=opp&keywords=SPE7MC26Q0086,24 units,"5 inch pipe size, 3-Way Configuration, MIL-F-20042 / MIL-PRF-20042 Flange (Navy Flange), NSN 4810-01-463-2118","Copper Alloy / Bronze Body (likely Nickel Aluminum Bronze per MIL-B-24480), Monel internals","Tork Systems, Inc.",sales@torksystems.com,https://www.torksystems.com,"California, USA","Distributor specializing in Marine & Navy valves, flanges (MIL-F-20042), and fittings.",0.92
"Valve, Linear, Direct",SAM-DREAO,https://sam.gov/search/?index=opp&keywords=SPE7MC26Q0086,24 units,"5 inch pipe size, 3-Way Configuration, MIL-F-20042 / MIL-PRF-20042 Flange (Navy Flange), NSN 4810-01-463-2118","Copper Alloy / Bronze Body (likely Nickel Aluminum Bronze per MIL-B-24480), Monel internals",Leslie Controls (CIRCOR),sales@lesliecontrols.com,https://www.circor.com/leslie-controls,"Florida, USA",Manufacturer of high-performance control valves and regulators for US Navy ships.,0.92
"Valve, Linear, Direct",SAM-DREAO,https://sam.gov/search/?index=opp&keywords=SPE7MC26Q0086,24 units,"5 inch pipe size, 3-Way Configuration, MIL-F-20042 / MIL-PRF-20042 Flange (Navy Flange), NSN 4810-01-463-2118","Copper Alloy / Bronze Body (likely Nickel Aluminum Bronze per MIL-B-24480), Monel internals",Cla-Val Company,marineproducts@cla-val.com,https://www.cla-val.com,"California, USA","Manufacturer of automatic control valves, solenoid valves, and fire protection valves for marine use.",0.9
"Valve, Linear, Direct",SAM-DREAO,https://sam.gov/search/?index=opp&keywords=SPE7MC26Q0086,24 units,"5 inch pipe size, 3-Way Configuration, MIL-F-20042 / MIL-PRF-20042 Flange (Navy Flange), NSN 4810-01-463-2118","Copper Alloy / Bronze Body (likely Nickel Aluminum Bronze per MIL-B-24480), Monel internals",CPV Manufacturing,sales@cpvmfg.com,https://www.cpvmfg.com,"Pennsylvania, USA",Manufacturer of high-pressure valves and fittings for Navy and marine applications.,0.9
"Valve, Linear, Direct",SAM-DREAO,https://sam.gov/search/?index=opp&keywords=SPE7MC26Q0086,24 units,"5 inch pipe size, 3-Way Configuration, MIL-F-20042 / MIL-PRF-20042 Flange (Navy Flange), NSN 4810-01-463-2118","Copper Alloy / Bronze Body (likely Nickel Aluminum Bronze per MIL-B-24480), Monel internals",Hunt Valve (Fairbanks Morse Defense),sales@huntvalve.com,https://www.huntvalve.com,"Ohio, USA",Specializes in severe-duty valves and actuators for US Navy surface ships and submarines.,0.9
"Valve, Linear, Direct",SAM-DREAO,https://sam.gov/search/?index=opp&keywords=SPE7MC26Q0086,24 units,"5 inch pipe size, 3-Way Configuration, MIL-F-20042 / MIL-PRF-20042 Flange (Navy Flange), NSN 4810-01-463-2118","Copper Alloy / Bronze Body (likely Nickel Aluminum Bronze per MIL-B-24480), Monel internals",Derbyshire Marine Products,sales@derbyshiremarine.com,https://www.derbyshiremarine.com,"Pennsylvania, USA",Manufacturer of CNS (Copper Nickel) and bronze valves and fittings for marine environments.,0.88
"Valve, Linear, Direct",SAM-DREAO,https://sam.gov/search/?index=opp&keywords=SPE7MC26Q0086,24 units,"5 inch pipe size, 3-Way Configuration, MIL-F-20042 / MIL-PRF-20042 Flange (Navy Flange), NSN 4810-01-463-2118","Copper Alloy / Bronze Body (likely Nickel Aluminum Bronze per MIL-B-24480), Monel internals",World Wide Metric,sales@worldwidemetric.com,https://www.worldwidemetric.com,"New Jersey, USA",Global wholesale distributor of metric and ANSI marine valves and flanges.,0.88
"Valve, Linear, Direct",SAM-DREAO,https://sam.gov/search/?index=opp&keywords=SPE7MC26Q0086,24 units,"5 inch pipe size, 3-Way Configuration, MIL-F-20042 / MIL-PRF-20042 Flange (Navy Flange), NSN 4810-01-463-2118","Copper Alloy / Bronze Body (likely Nickel Aluminum Bronze per MIL-B-24480), Monel internals",DFT Inc.,dft@dft-valves.com,https://www.dft-valves.com,"Pennsylvania, USA",Manufacturer of check valves and severe service control valves used in marine systems.,0.88
"Valve, Linear, Direct",SAM-DREAO,https://sam.gov/search/?index=opp&keywords=SPE7MC26Q0086,24 units,"5 inch pipe size, 3-Way Configuration, MIL-F-20042 / MIL-PRF-20042 Flange (Navy Flange), NSN 4810-01-463-2118","Copper Alloy / Bronze Body (likely Nickel Aluminum Bronze per MIL-B-24480), Monel internals",Watson McDaniel,sales@watsonmcdaniel.com,https://www.watsonmcdaniel.com,"Pennsylvania, USA","Manufacturer of steam traps, regulators, and fluid control specialties.",0.85
"Valve, Linear, Direct",SAM-DREAO,https://sam.gov/search/?index=opp&keywords=SPE7MC26Q0086,24 units,"5 inch pipe size, 3-Way Configuration, MIL-F-20042 / MIL-PRF-20042 Flange (Navy Flange), NSN 4810-01-463-2118","Copper Alloy / Bronze Body (likely Nickel Aluminum Bronze per MIL-B-24480), Monel internals",Velan Valve Corp.,sales@velan.com,https://www.velan.com,"Montreal, Canada",Global manufacturer of industrial valves with a dedicated marine and navy product line.,0.85
"Valve, Linear, Direct",SAM-DREAO,https://sam.gov/search/?index=opp&keywords=SPE7MC26Q0086,24 units,"5 inch pipe size, 3-Way Configuration, MIL-F-20042 / MIL-PRF-20042 Flange (Navy Flange), NSN 4810-01-463-2118","Copper Alloy / Bronze Body (likely Nickel Aluminum Bronze per MIL-B-24480), Monel internals",Flowserve Corp.,fsir@flowserve.com,https://www.flowserve.com,"Texas, USA",Manufacturer of Worcester Controls and other marine valve brands (Nickel Aluminum Bronze capabilities).,0.85
"Valve, Linear, Direct",SAM-DREAO,https://sam.gov/search/?index=opp&keywords=SPE7MC26Q0086,24 units,"5 inch pipe size, 3-Way Configuration, MIL-F-20042 / MIL-PRF-20042 Flange (Navy Flange), NSN 4810-01-463-2118","Copper Alloy / Bronze Body (likely Nickel Aluminum Bronze per MIL-B-24480), Monel internals",Jordan Valve,jordan@richardsind.com,https://www.jordanvalve.com,"Ohio, USA",Manufacturer of sliding gate regulators and control valves for industrial and marine use.,0.85
"Valve, Linear, Direct",SAM-DREAO,https://sam.gov/search/?index=opp&keywords=SPE7MC26Q0086,24 units,"5 inch pipe size, 3-Way Configuration, MIL-F-20042 / MIL-PRF-20042 Flange (Navy Flange), NSN 4810-01-463-2118","Copper Alloy / Bronze Body (likely Nickel Aluminum Bronze per MIL-B-24480), Monel internals",Perko Inc.,sales@perko.com,https://www.perko.com,"Florida, USA","Manufacturer of marine hardware, intake strainers, and seacocks (bronze).",0.82
"Valve, Linear, Direct",SAM-DREAO,https://sam.gov/search/?index=opp&keywords=SPE7MC26Q0086,24 units,"5 inch pipe size, 3-Way Configuration, MIL-F-20042 / MIL-PRF-20042 Flange (Navy Flange), NSN 4810-01-463-2118","Copper Alloy / Bronze Body (likely Nickel Aluminum Bronze per MIL-B-24480), Monel internals",Groco (Gross Mechanical Labs),info@groco.net,https://www.groco.net,"Maryland, USA","Manufacturer of marine bronze valves, seacocks, and strainers.",0.82
"Valve, Linear, Direct",SAM-DREAO,https://sam.gov/search/?index=opp&keywords=SPE7MC26Q0086,24 units,"5 inch pipe size, 3-Way Configuration, MIL-F-20042 / MIL-PRF-20042 Flange (Navy Flange), NSN 4810-01-463-2118","Copper Alloy / Bronze Body (likely Nickel Aluminum Bronze per MIL-B-24480), Monel internals",Apollo Valves (Aalberts),sales@apollovalves.com,https://www.apollovalves.com,"North Carolina, USA",Manufacturer of bronze 3-way diverter valves and marine ball valves.,0.82
"Valve, Linear, Direct",SAM-DREAO,https://sam.gov/search/?index=opp&keywords=SPE7MC26Q0086,24 units,"5 inch pipe size, 3-Way Configuration, MIL-F-20042 / MIL-PRF-20042 Flange (Navy Flange), NSN 4810-01-463-2118","Copper Alloy / Bronze Body (likely Nickel Aluminum Bronze per MIL-B-24480), Monel internals",William E. Williams Valve Corp,sales@williamsvalve.com,https://www.williamsvalve.com,"New York, USA",Manufacturer of bronze and steel valves for marine and military applications.,0.88
"Valve, Linear, Direct",SAM-DREAO,https://sam.gov/search/?index=opp&keywords=SPE7MC26Q0086,24 units,"5 inch pipe size, 3-Way Configuration, MIL-F-20042 / MIL-PRF-20042 Flange (Navy Flange), NSN 4810-01-463-2118","Copper Alloy / Bronze Body (likely Nickel Aluminum Bronze per MIL-B-24480), Monel internals",Newmans Valve,sales@newmansvalves.com,https://www.newmansvalves.com,"Texas, USA","Master distributor of industrial valves, including marine and high-alloy specifications.",0.8
"Valve, Linear, Direct",SAM-DREAO,https://sam.gov/search/?index=opp&keywords=SPE7MC26Q0086,24 units,"5 inch pipe size, 3-Way Configuration, MIL-F-20042 / MIL-PRF-20042 Flange (Navy Flange), NSN 4810-01-463-2118","Copper Alloy / Bronze Body (likely Nickel Aluminum Bronze per MIL-B-24480), Monel internals",Hiller Systems,sales@hillerva.com,https://www.hillerfire.com,"Virginia, USA",Supplier and integrator of marine fire protection valves and systems (often MIL-spec).,0.85
"Valve, Linear, Direct",SAM-DREAO,https://sam.gov/search/?index=opp&keywords=SPE7MC26Q0086,24 units,"5 inch pipe size, 3-Way Configuration, MIL-F-20042 / MIL-PRF-20042 Flange (Navy Flange), NSN 4810-01-463-2118","Copper Alloy / Bronze Body (likely Nickel Aluminum Bronze per MIL-B-24480), Monel internals",M&M Control Service,sales@mmcontrol.com,https://www.mmcontrol.com,"Illinois, USA","Distributor for Stockham, Crane, and other marine/industrial valve brands.",0.8
"Valve, Linear, Direct",SAM-DREAO,https://sam.gov/search/?index=opp&keywords=SPE7MC26Q0086,24 units,"5 inch pipe size, 3-Way Configuration, MIL-F-20042 / MIL-PRF-20042 Flange (Navy Flange), NSN 4810-01-463-2118","Copper Alloy / Bronze Body (likely Nickel Aluminum Bronze per MIL-B-24480), Monel internals",Defense Maritime Solutions,info@dmsamerica.com,https://www.dmsamerica.com,"Virginia, USA",Service and supply for marine propulsion and fluid systems (formerly Wartsila Defense).,0.85
"Valve, Linear, Direct",SAM-DREAO,https://sam.gov/search/?index=opp&keywords=SPE7MC26Q0086,24 units,"5 inch pipe size, 3-Way Configuration, MIL-F-20042 / MIL-PRF-20042 Flange (Navy Flange), NSN 4810-01-463-2118","Copper Alloy / Bronze Body (likely Nickel Aluminum Bronze per MIL-B-24480), Monel internals",Aeliya Marine Tech,sales@aeliyamarinetech.com,https://www.aeliyamarinetech.com,"Gujarat, India","Stockist of ship machinery and spare valves, often has specific discontinued or surplus marine items.",0.75
"Valve, Linear, Direct",SAM-DREAO,https://sam.gov/search/?index=opp&keywords=SPE7MC26Q0086,24 units,"5 inch pipe size, 3-Way Configuration, MIL-F-20042 / MIL-PRF-20042 Flange (Navy Flange), NSN 4810-01-463-2118","Copper Alloy / Bronze Body (likely Nickel Aluminum Bronze per MIL-B-24480), Monel internals",ASI Marine & Industrial,sales@asimarineandindustrial.com,https://www.asimarineandindustrial.com,"California, USA","Distributor of CPV, Parker, and other marine fluid power components.",0.8
"Valve, Linear, Direct",SAM-DREAO,https://sam.gov/search/?index=opp&keywords=SPE7MC26Q0086,24 units,"5 inch pipe size, 3-Way Configuration, MIL-F-20042 / MIL-PRF-20042 Flange (Navy Flange), NSN 4810-01-463-2118","Copper Alloy / Bronze Body (likely Nickel Aluminum Bronze per MIL-B-24480), Monel internals",Navalex International,sales@navalex.com,https://www.navalex.com,"Florida, USA",International distributor for Perko and other marine equipment manufacturers.,0.78
"Valve, Linear, Direct",SAM-DREAO,https://sam.gov/search/?index=opp&keywords=SPE7MC26Q0086,24 units,"5 inch pipe size, 3-Way Configuration, MIL-F-20042 / MIL-PRF-20042 Flange (Navy Flange), NSN 4810-01-463-2118","Copper Alloy / Bronze Body (likely Nickel Aluminum Bronze per MIL-B-24480), Monel internals",High Pressure Equipment (Haskell),sales@haskel.com,https://www.haskel.com,"California, USA","Manufacturer of high-pressure valves and systems, often used in naval applications.",0.78
"Valve, Linear, Direct",SAM-DREAO,https://sam.gov/search/?index=opp&keywords=SPE7MC26Q0086,24 units,"5 inch pipe size, 3-Way Configuration, MIL-F-20042 / MIL-PRF-20042 Flange (Navy Flange), NSN 4810-01-463-2118","Copper Alloy / Bronze Body (likely Nickel Aluminum Bronze per MIL-B-24480), Monel internals",Cincinnati Valve Company,sales@cincinnativalve.com,https://www.cincinnativalve.com,"Ohio, USA",Manufacturer continuing the Lunkenheimer line of marine bronze valves.,0.88
"Valve, Linear, Direct",SAM-DREAO,https://sam.gov/search/?index=opp&keywords=SPE7MC26Q0086,24 units,"5 inch pipe size, 3-Way Configuration, MIL-F-20042 / MIL-PRF-20042 Flange (Navy Flange), NSN 4810-01-463-2118","Copper Alloy / Bronze Body (likely Nickel Aluminum Bronze per MIL-B-24480), Monel internals",Keckley Company,sales@keckley.com,https://www.keckley.com,"Illinois, USA",Manufacturer of pipeline strainers and check valves for marine use.,0.8
"Valve, Linear, Direct",SAM-DREAO,https://sam.gov/search/?index=opp&keywords=SPE7MC26Q0086,24 units,"5 inch pipe size, 3-Way Configuration, MIL-F-20042 / MIL-PRF-20042 Flange (Navy Flange), NSN 4810-01-463-2118","Copper Alloy / Bronze Body (likely Nickel Aluminum Bronze per MIL-B-24480), Monel internals",DeZURIK,info@dezurik.com,https://www.dezurik.com,"Minnesota, USA",Manufacturer of high-performance valves for water and marine infrastructure.,0.82
"Valve, Linear, Direct",SAM-DREAO,https://sam.gov/search/?index=opp&keywords=SPE7MC26Q0086,24 units,"5 inch pipe size, 3-Way Configuration, MIL-F-20042 / MIL-PRF-20042 Flange (Navy Flange), NSN 4810-01-463-2118","Copper Alloy / Bronze Body (likely Nickel Aluminum Bronze per MIL-B-24480), Monel internals",Bray International,sales@bray.com,https://www.bray.com,"Texas, USA",Major manufacturer of butterfly valves and actuators used in marine seawater systems.,0.82
"Valve, Linear, Direct",SAM-DREAO,https://sam.gov/search/?index=opp&keywords=SPE7MC26Q0086,24 units,"5 inch pipe size, 3-Way Configuration, MIL-F-20042 / MIL-PRF-20042 Flange (Navy Flange), NSN 4810-01-463-2118","Copper Alloy / Bronze Body (likely Nickel Aluminum Bronze per MIL-B-24480), Monel internals",Mar-Val,sales@mar-val.com,https://www.mar-val.com,"Louisiana, USA",Distributor specializing in marine valves and fittings.,0.85
"Valve, Linear, Direct",SAM-DREAO,https://sam.gov/search/?index=opp&keywords=SPE7MC26Q0086,24 units,"5 inch pipe size, 3-Way Configuration, MIL-F-20042 / MIL-PRF-20042 Flange (Navy Flange), NSN 4810-01-463-2118","Copper Alloy / Bronze Body (likely Nickel Aluminum Bronze per MIL-B-24480), Monel internals",Johnson Valve,sales@johnson-valves.com,https://www.johnson-valves.com,"Southampton, United Kingdom","Supplier of marine valves and fittings, capable of sourcing specific bronze configurations.",0.8
"Valve, Linear, Direct",SAM-DREAO,https://sam.gov/search/?index=opp&keywords=SPE7MC26Q0086,24 units,"5 inch pipe size, 3-Way Configuration, MIL-F-20042 / MIL-PRF-20042 Flange (Navy Flange), NSN 4810-01-463-2118","Copper Alloy / Bronze Body (likely Nickel Aluminum Bronze per MIL-B-24480), Monel internals",Parker Hannifin (Instrumentation),instrumentation@parker.com,https://www.parker.com,"Ohio, USA",Manufacturer of instrumentation valves and manifolds for marine applications.,0.8
"Valve, Linear, Direct",SAM-DREAO,https://sam.gov/search/?index=opp&keywords=SPE7MC26Q0086,24 units,"5 inch pipe size, 3-Way Configuration, MIL-F-20042 / MIL-PRF-20042 Flange (Navy Flange), NSN 4810-01-463-2118","Copper Alloy / Bronze Body (likely Nickel Aluminum Bronze per MIL-B-24480), Monel internals","Pima Valve, Inc.",sales@pimavalve.com,https://www.pimavalve.com,"Arizona, USA","Manufacturer of bronze marine valves, specifically for Navy/Coast Guard.",0.9
"Valve, Linear, Direct",SAM-DREAO,https://sam.gov/search/?index=opp&keywords=SPE7MC26Q0086,24 units,"5 inch pipe size, 3-Way Configuration, MIL-F-20042 / MIL-PRF-20042 Flange (Navy Flange), NSN 4810-01-463-2118","Copper Alloy / Bronze Body (likely Nickel Aluminum Bronze per MIL-B-24480), Monel internals",Automatic Switch Co. (ASCO),info-valve@asco.com,https://www.emerson.com/en-us/automation/asco,"New Jersey, USA",Manufacturer of 3-way solenoid valves widely used in marine automation.,0.85
"Valve, Linear, Direct",SAM-DREAO,https://sam.gov/search/?index=opp&keywords=SPE7MC26Q0086,24 units,"5 inch pipe size, 3-Way Configuration, MIL-F-20042 / MIL-PRF-20042 Flange (Navy Flange), NSN 4810-01-463-2118","Copper Alloy / Bronze Body (likely Nickel Aluminum Bronze per MIL-B-24480), Monel internals",Fairbanks Morse Defense,sales@fmdefense.com,https://www.fairbanksmorsedefense.com,"Wisconsin, USA",Defense contractor providing marine power and valve systems (owns Hunt Valve).,0.9
Operation & Maintenance of the South Bay Wastewater Treatment Plant,SAM-799ZQ,https://sam.gov/search/?index=opp&keywords=191BWC26R0001,5 years (1 Base Year + 4 Option Years),"25 MGD (Current), expanding to 50-60 MGD","Wastewater treatment consumables (chemicals, fuel, sludge)",Bond Water Technologies,info@bondwater.com,https://www.bondwater.com,"Maryland, USA",Commercial and industrial water treatment chemicals and HVAC rehab,0.95
Operation & Maintenance of the South Bay Wastewater Treatment Plant,SAM-799ZQ,https://sam.gov/search/?index=opp&keywords=191BWC26R0001,5 years (1 Base Year + 4 Option Years),"25 MGD (Current), expanding to 50-60 MGD","Wastewater treatment consumables (chemicals, fuel, sludge)",Alexander Chemical Corporation,Info@alexchem.com,https://www.alexanderchemical.com,"Indiana, USA",Manufacturer and distributor of water purification chemicals including chlorine and bleach,0.95
Operation & Maintenance of the South Bay Wastewater Treatment Plant,SAM-799ZQ,https://sam.gov/search/?index=opp&keywords=191BWC26R0001,5 years (1 Base Year + 4 Option Years),"25 MGD (Current), expanding to 50-60 MGD","Wastewater treatment consumables (chemicals, fuel, sludge)",SNF Holding Company,SNFMarketing@snf.com,https://www.snf.com,"Georgia, USA",Global leader in polyacrylamide manufacturing for water and wastewater treatment,0.98
Operation & Maintenance of the South Bay Wastewater Treatment Plant,SAM-799ZQ,https://sam.gov/search/?index=opp&keywords=191BWC26R0001,5 years (1 Base Year + 4 Option Years),"25 MGD (Current), expanding to 50-60 MGD","Wastewater treatment consumables (chemicals, fuel, sludge)",WaterSurplus,info@watersurplus.com,https://www.watersurplus.com,"Illinois, USA","Sustainable water treatment solutions, equipment rental, and media filtration",0.9
Operation & Maintenance of the South Bay Wastewater Treatment Plant,SAM-799ZQ,https://sam.gov/search/?index=opp&keywords=191BWC26R0001,5 years (1 Base Year + 4 Option Years),"25 MGD (Current), expanding to 50-60 MGD","Wastewater treatment consumables (chemicals, fuel, sludge)",Hydrite Chemical Co.,marketing@hydrite.com,https://www.hydrite.com,"Wisconsin, USA",Manufacturer and distributor of chemical solutions for water treatment and food processing,0.95
Operation & Maintenance of the South Bay Wastewater Treatment Plant,SAM-799ZQ,https://sam.gov/search/?index=opp&keywords=191BWC26R0001,5 years (1 Base Year + 4 Option Years),"25 MGD (Current), expanding to 50-60 MGD","Wastewater treatment consumables (chemicals, fuel, sludge)",King Lee Technologies,klt@kingleetech.com,https://www.kingleetech.com,"California, USA",Reverse osmosis system performance chemicals and membrane care,0.92
Operation & Maintenance of the South Bay Wastewater Treatment Plant,SAM-799ZQ,https://sam.gov/search/?index=opp&keywords=191BWC26R0001,5 years (1 Base Year + 4 Option Years),"25 MGD (Current), expanding to 50-60 MGD","Wastewater treatment consumables (chemicals, fuel, sludge)",Gulbrandsen,gul-cs-orders@gulbrandsen.com,https://www.gulbrandsen.com,"South Carolina, USA",Manufacturer of aluminum-based water treatment coagulants and chemical intermediates,0.9
Operation & Maintenance of the South Bay Wastewater Treatment Plant,SAM-799ZQ,https://sam.gov/search/?index=opp&keywords=191BWC26R0001,5 years (1 Base Year + 4 Option Years),"25 MGD (Current), expanding to 50-60 MGD","Wastewater treatment consumables (chemicals, fuel, sludge)",ChemREADY,sales@getchemready.com,https://www.getchemready.com,"Ohio, USA","Wastewater treatment chemicals, coagulants, flocculants, and dewatering solutions",0.92
Operation & Maintenance of the South Bay Wastewater Treatment Plant,SAM-799ZQ,https://sam.gov/search/?index=opp&keywords=191BWC26R0001,5 years (1 Base Year + 4 Option Years),"25 MGD (Current), expanding to 50-60 MGD","Wastewater treatment consumables (chemicals, fuel, sludge)","E & C Chemicals, Inc.",Chris.Hatton@EandCChemicals.com,https://www.eandcchemicals.com,"Georgia, USA",Custom blending and distribution of liquid and dry industrial chemicals,0.9
Operation & Maintenance of the South Bay Wastewater Treatment Plant,SAM-799ZQ,https://sam.gov/search/?index=opp&keywords=191BWC26R0001,5 years (1 Base Year + 4 Option Years),"25 MGD (Current), expanding to 50-60 MGD","Wastewater treatment consumables (chemicals, fuel, sludge)",Buckman,connect@buckman.com,https://www.buckman.com,"Tennessee, USA",Chemistry and digital solutions for water treatment and pulp & paper industries,0.95
Operation & Maintenance of the South Bay Wastewater Treatment Plant,SAM-799ZQ,https://sam.gov/search/?index=opp&keywords=191BWC26R0001,5 years (1 Base Year + 4 Option Years),"25 MGD (Current), expanding to 50-60 MGD","Wastewater treatment consumables (chemicals, fuel, sludge)",WaterCareChem,sales@watercarechem.com,https://www.watercarechem.com,"Henan, China",Manufacturer of water treatment chemicals including flocculants and disinfectants,0.85
Operation & Maintenance of the South Bay Wastewater Treatment Plant,SAM-799ZQ,https://sam.gov/search/?index=opp&keywords=191BWC26R0001,5 years (1 Base Year + 4 Option Years),"25 MGD (Current), expanding to 50-60 MGD","Wastewater treatment consumables (chemicals, fuel, sludge)",Veolia Water Technologies,sales@veolia.com,https://www.veoliawatertech.com,"Pennsylvania, USA",Comprehensive water and wastewater treatment technologies and services,0.99
Operation & Maintenance of the South Bay Wastewater Treatment Plant,SAM-799ZQ,https://sam.gov/search/?index=opp&keywords=191BWC26R0001,5 years (1 Base Year + 4 Option Years),"25 MGD (Current), expanding to 50-60 MGD","Wastewater treatment consumables (chemicals, fuel, sludge)","CRW Finishing, Inc.",crwfinishing@crwfinishing.com,https://www.crwfinishing.com,"Illinois, USA",Metal finishing services and supplier of wastewater treatment chemistry,0.88
Operation & Maintenance of the South Bay Wastewater Treatment Plant,SAM-799ZQ,https://sam.gov/search/?index=opp&keywords=191BWC26R0001,5 years (1 Base Year + 4 Option Years),"25 MGD (Current), expanding to 50-60 MGD","Wastewater treatment consumables (chemicals, fuel, sludge)",ChemTreat,productcompliance@chemtreat.com,https://www.chemtreat.com,"Virginia, USA","Industrial water treatment products, systems, and services",0.98
Operation & Maintenance of the South Bay Wastewater Treatment Plant,SAM-799ZQ,https://sam.gov/search/?index=opp&keywords=191BWC26R0001,5 years (1 Base Year + 4 Option Years),"25 MGD (Current), expanding to 50-60 MGD","Wastewater treatment consumables (chemicals, fuel, sludge)","Chemsolv, Inc.",customerservice@chemsolv.com,https://www.chemsolv.com,"Virginia, USA",Chemical distributor representing major manufacturers for industrial applications,0.9
Operation & Maintenance of the South Bay Wastewater Treatment Plant,SAM-799ZQ,https://sam.gov/search/?index=opp&keywords=191BWC26R0001,5 years (1 Base Year + 4 Option Years),"25 MGD (Current), expanding to 50-60 MGD","Wastewater treatment consumables (chemicals, fuel, sludge)",WesTech Engineering,Westech@westech-eng.com,https://www.westech-inc.com,"Utah, USA",Process equipment and water treatment solutions for municipal and industrial use,0.92
Operation & Maintenance of the South Bay Wastewater Treatment Plant,SAM-799ZQ,https://sam.gov/search/?index=opp&keywords=191BWC26R0001,5 years (1 Base Year + 4 Option Years),"25 MGD (Current), expanding to 50-60 MGD","Wastewater treatment consumables (chemicals, fuel, sludge)",Hubbard-Hall,jalmanza@hubbardhall.com,https://www.hubbardhall.com,"Connecticut, USA",Specialty chemicals for surface finishing and wastewater treatment,0.9
Operation & Maintenance of the South Bay Wastewater Treatment Plant,SAM-799ZQ,https://sam.gov/search/?index=opp&keywords=191BWC26R0001,5 years (1 Base Year + 4 Option Years),"25 MGD (Current), expanding to 50-60 MGD","Wastewater treatment consumables (chemicals, fuel, sludge)",Crucible Chemical Company,service@cruciblechemical.com,https://www.cruciblechemical.com,"South Carolina, USA","Manufacturer of defoamers, antifoams, and release agents",0.88
Operation & Maintenance of the South Bay Wastewater Treatment Plant,SAM-799ZQ,https://sam.gov/search/?index=opp&keywords=191BWC26R0001,5 years (1 Base Year + 4 Option Years),"25 MGD (Current), expanding to 50-60 MGD","Wastewater treatment consumables (chemicals, fuel, sludge)",Kurita America,KAI_Info@kurita-water.com,https://www.kuritaamerica.com,"Minnesota, USA",Integrated water treatment solutions including chemicals and equipment,0.95
Operation & Maintenance of the South Bay Wastewater Treatment Plant,SAM-799ZQ,https://sam.gov/search/?index=opp&keywords=191BWC26R0001,5 years (1 Base Year + 4 Option Years),"25 MGD (Current), expanding to 50-60 MGD","Wastewater treatment consumables (chemicals, fuel, sludge)","Aries Chemical, Inc.",aries@arieschem.com,https://www.arieschem.com,"New York, USA","Industrial water treatment chemicals, equipment, and technical services",0.92
Operation & Maintenance of the South Bay Wastewater Treatment Plant,SAM-799ZQ,https://sam.gov/search/?index=opp&keywords=191BWC26R0001,5 years (1 Base Year + 4 Option Years),"25 MGD (Current), expanding to 50-60 MGD","Wastewater treatment consumables (chemicals, fuel, sludge)",Nalco Water,customerservice.us@nalco.com,https://www.ecolab.com/nalco-water,"Illinois, USA",Global leader in water treatment and process improvement services,0.99
Operation & Maintenance of the South Bay Wastewater Treatment Plant,SAM-799ZQ,https://sam.gov/search/?index=opp&keywords=191BWC26R0001,5 years (1 Base Year + 4 Option Years),"25 MGD (Current), expanding to 50-60 MGD","Wastewater treatment consumables (chemicals, fuel, sludge)",Calgon Carbon Corporation,info@calgoncarbon-us.com,https://www.calgoncarbon.com,"Pennsylvania, USA",Activated carbon and filtration systems for water and air purification,0.95
Operation & Maintenance of the South Bay Wastewater Treatment Plant,SAM-799ZQ,https://sam.gov/search/?index=opp&keywords=191BWC26R0001,5 years (1 Base Year + 4 Option Years),"25 MGD (Current), expanding to 50-60 MGD","Wastewater treatment consumables (chemicals, fuel, sludge)",Thatcher Company,halt@tchem.com,https://www.tchem.com,"Utah, USA",Diversified chemical manufacturer and distributor,0.92
Operation & Maintenance of the South Bay Wastewater Treatment Plant,SAM-799ZQ,https://sam.gov/search/?index=opp&keywords=191BWC26R0001,5 years (1 Base Year + 4 Option Years),"25 MGD (Current), expanding to 50-60 MGD","Wastewater treatment consumables (chemicals, fuel, sludge)","Hawkins, Inc.",customer.service@hawkinsinc.com,https://www.hawkinsinc.com,"Minnesota, USA",Manufacturer and distributor of bulk and specialty chemicals for water treatment,0.95
Operation & Maintenance of the South Bay Wastewater Treatment Plant,SAM-799ZQ,https://sam.gov/search/?index=opp&keywords=191BWC26R0001,5 years (1 Base Year + 4 Option Years),"25 MGD (Current), expanding to 50-60 MGD","Wastewater treatment consumables (chemicals, fuel, sludge)",Solenis,apvendorinquiry@solenis.com,https://www.solenis.com,"Delaware, USA",Specialty chemicals for water intensive industries,0.98
Operation & Maintenance of the South Bay Wastewater Treatment Plant,SAM-799ZQ,https://sam.gov/search/?index=opp&keywords=191BWC26R0001,5 years (1 Base Year + 4 Option Years),"25 MGD (Current), expanding to 50-60 MGD","Wastewater treatment consumables (chemicals, fuel, sludge)",Kemira,communications@kemira.com,https://www.kemira.com,"Helsinki, Finland (Global)",Sustainable chemical solutions for water intensive industries,0.95
Operation & Maintenance of the South Bay Wastewater Treatment Plant,SAM-799ZQ,https://sam.gov/search/?index=opp&keywords=191BWC26R0001,5 years (1 Base Year + 4 Option Years),"25 MGD (Current), expanding to 50-60 MGD","Wastewater treatment consumables (chemicals, fuel, sludge)",Brenntag North America,contactus@brenntag.com,https://www.brenntag.com,"Pennsylvania, USA",Full-line chemical distributor connecting chemical manufacturers and users,0.95
Operation & Maintenance of the South Bay Wastewater Treatment Plant,SAM-799ZQ,https://sam.gov/search/?index=opp&keywords=191BWC26R0001,5 years (1 Base Year + 4 Option Years),"25 MGD (Current), expanding to 50-60 MGD","Wastewater treatment consumables (chemicals, fuel, sludge)",Coyne Chemical,CSReps@coynechemical.com,https://www.coynechemical.com,"Pennsylvania, USA",Chemical distributor and environmental services provider,0.9
Operation & Maintenance of the South Bay Wastewater Treatment Plant,SAM-799ZQ,https://sam.gov/search/?index=opp&keywords=191BWC26R0001,5 years (1 Base Year + 4 Option Years),"25 MGD (Current), expanding to 50-60 MGD","Wastewater treatment consumables (chemicals, fuel, sludge)",Applied Material Solutions,info@AMSI-USA.com,https://www.appliedmaterialsolutions.com,"Wisconsin, USA","Manufacturer of defoamers, antifoams, and treated silica",0.88
Operation & Maintenance of the South Bay Wastewater Treatment Plant,SAM-799ZQ,https://sam.gov/search/?index=opp&keywords=191BWC26R0001,5 years (1 Base Year + 4 Option Years),"25 MGD (Current), expanding to 50-60 MGD","Wastewater treatment consumables (chemicals, fuel, sludge)",Complete Water Solutions,info@complete-water.com,https://www.complete-water.com,"Wisconsin, USA",Industrial and commercial water treatment equipment and services,0.85
Operation & Maintenance of the South Bay Wastewater Treatment Plant,SAM-799ZQ,https://sam.gov/search/?index=opp&keywords=191BWC26R0001,5 years (1 Base Year + 4 Option Years),"25 MGD (Current), expanding to 50-60 MGD","Wastewater treatment consumables (chemicals, fuel, sludge)",Aquatech International,aic@aquatech.com,https://www.aquatech.com,"Pennsylvania, USA",Water purification technology for industrial and infrastructure markets,0.9
Operation & Maintenance of the South Bay Wastewater Treatment Plant,SAM-799ZQ,https://sam.gov/search/?index=opp&keywords=191BWC26R0001,5 years (1 Base Year + 4 Option Years),"25 MGD (Current), expanding to 50-60 MGD","Wastewater treatment consumables (chemicals, fuel, sludge)",USALCO,insidesales@usalco.com,https://www.usalco.com,"Maryland, USA",Major manufacturer of aluminum-based chemicals for water treatment,0.95
Operation & Maintenance of the South Bay Wastewater Treatment Plant,SAM-799ZQ,https://sam.gov/search/?index=opp&keywords=191BWC26R0001,5 years (1 Base Year + 4 Option Years),"25 MGD (Current), expanding to 50-60 MGD","Wastewater treatment consumables (chemicals, fuel, sludge)",Shannon Chemical Corporation,dcflynn@shannonchem.com,https://www.shannonchem.com,"Pennsylvania, USA",Supplier of chemical products for municipal water treatment,0.9
Operation & Maintenance of the South Bay Wastewater Treatment Plant,SAM-799ZQ,https://sam.gov/search/?index=opp&keywords=191BWC26R0001,5 years (1 Base Year + 4 Option Years),"25 MGD (Current), expanding to 50-60 MGD","Wastewater treatment consumables (chemicals, fuel, sludge)",Slack Chemical Company,fcerqua@slackchem.com,https://www.slackchem.com,"New York, USA",Chemical distribution and water treatment solutions,0.9
Operation & Maintenance of the South Bay Wastewater Treatment Plant,SAM-799ZQ,https://sam.gov/search/?index=opp&keywords=191BWC26R0001,5 years (1 Base Year + 4 Option Years),"25 MGD (Current), expanding to 50-60 MGD","Wastewater treatment consumables (chemicals, fuel, sludge)",Hydro-Chem Systems,sales@hcsclean.com,https://www.hydrochemsystems.com,"Michigan, USA",Manufacturer of industrial cleaning solutions and fleet washing systems,0.88
Operation & Maintenance of the South Bay Wastewater Treatment Plant,SAM-799ZQ,https://sam.gov/search/?index=opp&keywords=191BWC26R0001,5 years (1 Base Year + 4 Option Years),"25 MGD (Current), expanding to 50-60 MGD","Wastewater treatment consumables (chemicals, fuel, sludge)",Evoqua Water Technologies,jill.wood@evoqua.com,https://www.evoqua.com,"Pennsylvania, USA",Mission-critical water and wastewater treatment solutions,0.95
Operation & Maintenance of the South Bay Wastewater Treatment Plant,SAM-799ZQ,https://sam.gov/search/?index=opp&keywords=191BWC26R0001,5 years (1 Base Year + 4 Option Years),"25 MGD (Current), expanding to 50-60 MGD","Wastewater treatment consumables (chemicals, fuel, sludge)",IRO Specialty Chemical,info@irowater.com,https://www.irowater.com,"Shandong, China (US Office in VA)",Manufacturer of water treatment chemicals including biocides and phosphonates,0.85
Operation & Maintenance of the South Bay Wastewater Treatment Plant,SAM-799ZQ,https://sam.gov/search/?index=opp&keywords=191BWC26R0001,5 years (1 Base Year + 4 Option Years),"25 MGD (Current), expanding to 50-60 MGD","Wastewater treatment consumables (chemicals, fuel, sludge)","American Manufacturing Company, Inc.",info@americanonsite.com,https://www.americanonsite.com,"Virginia, USA",Manufacturing of onsite wastewater and water system products,0.85
Operation & Maintenance of the South Bay Wastewater Treatment Plant,SAM-799ZQ,https://sam.gov/search/?index=opp&keywords=191BWC26R0001,5 years (1 Base Year + 4 Option Years),"25 MGD (Current), expanding to 50-60 MGD","Wastewater treatment consumables (chemicals, fuel, sludge)","North Industrial Chemicals, Inc.",bobhunter@nmc-nic.com,https://www.northindustrial.net,"Pennsylvania, USA",Distributor of industrial chemicals and wastewater treatment products,0.9
Operation & Maintenance of the South Bay Wastewater Treatment Plant,SAM-799ZQ,https://sam.gov/search/?index=opp&keywords=191BWC26R0001,5 years (1 Base Year + 4 Option Years),"25 MGD (Current), expanding to 50-60 MGD","Wastewater treatment consumables (chemicals, fuel, sludge)",Garratt-Callahan,feedback@g-c.com,https://www.garrattcallahan.com,"California, USA",Industrial water treatment expertise and chemical solutions,0.95
FCI Bennettsville 2nd Quarter FY26 Milk Requirement,SAM-RKN9P,https://sam.gov/search/?index=opp&keywords=15B31726Q00000003,Quarterly Milk Requirement (2nd Quarter FY26),"Pasteurized, Nonfat, Skim, or Fat Free (Fluid Milk)",Dairy Milk,Hickory Hill Milk,HickoryHillMilk@gmail.com,https://hickoryhillmilk.com,"Edgefield, SC","Whole milk, buttermilk, and chocolate milk from a fourth-generation family farm",1
FCI Bennettsville 2nd Quarter FY26 Milk Requirement,SAM-RKN9P,https://sam.gov/search/?index=opp&keywords=15B31726Q00000003,Quarterly Milk Requirement (2nd Quarter FY26),"Pasteurized, Nonfat, Skim, or Fat Free (Fluid Milk)",Dairy Milk,Milky Way Farm,milkywayfarmsc@gmail.com,https://www.scmilkywayfarm.com,"Starr, SC",Raw and vat-pasteurized A2 Jersey milk,1
FCI Bennettsville 2nd Quarter FY26 Milk Requirement,SAM-RKN9P,https://sam.gov/search/?index=opp&keywords=15B31726Q00000003,Quarterly Milk Requirement (2nd Quarter FY26),"Pasteurized, Nonfat, Skim, or Fat Free (Fluid Milk)",Dairy Milk,Legacy Springs Farm Dairy,legacyspringsdairy@gmail.com,https://www.legacyspringsfarmdairy.com,"Chester, SC","A2A2 Jersey cow milk, glass bottled",1
FCI Bennettsville 2nd Quarter FY26 Milk Requirement,SAM-RKN9P,https://sam.gov/search/?index=opp&keywords=15B31726Q00000003,Quarterly Milk Requirement (2nd Quarter FY26),"Pasteurized, Nonfat, Skim, or Fat Free (Fluid Milk)",Dairy Milk,Maola Local Dairies,emailus@maolamilk.com,https://www.maolamilk.com,"Reston, VA",Fresh local milk and dairy products serving the Mid-Atlantic and Southeast,0.95
FCI Bennettsville 2nd Quarter FY26 Milk Requirement,SAM-RKN9P,https://sam.gov/search/?index=opp&keywords=15B31726Q00000003,Quarterly Milk Requirement (2nd Quarter FY26),"Pasteurized, Nonfat, Skim, or Fat Free (Fluid Milk)",Dairy Milk,Duchess Dairy,duchessdairyproducts@gmail.com,http://duchessdairy.usjersey.com,"Rural Retreat, VA","Queen of Quality labeled milk, chocolate milk, and drinkable yogurt",0.95
FCI Bennettsville 2nd Quarter FY26 Milk Requirement,SAM-RKN9P,https://sam.gov/search/?index=opp&keywords=15B31726Q00000003,Quarterly Milk Requirement (2nd Quarter FY26),"Pasteurized, Nonfat, Skim, or Fat Free (Fluid Milk)",Dairy Milk,Maple View Farm,allison@mapleviewfarm.com,https://mapleviewfarm.com,"Hillsborough, NC","Farm-fresh milk, butter, and ice cream",0.9
FCI Bennettsville 2nd Quarter FY26 Milk Requirement,SAM-RKN9P,https://sam.gov/search/?index=opp&keywords=15B31726Q00000003,Quarterly Milk Requirement (2nd Quarter FY26),"Pasteurized, Nonfat, Skim, or Fat Free (Fluid Milk)",Dairy Milk,Turner Dairy Farms,hello@turnerdairy.net,https://turnerdairy.net,"Penn Hills, PA","Premium milk, flavored milk, and iced teas",0.9
FCI Bennettsville 2nd Quarter FY26 Milk Requirement,SAM-RKN9P,https://sam.gov/search/?index=opp&keywords=15B31726Q00000003,Quarterly Milk Requirement (2nd Quarter FY26),"Pasteurized, Nonfat, Skim, or Fat Free (Fluid Milk)",Dairy Milk,Marburger Farm Dairy,dairy@marburgerdairy.com,https://marburgerdairy.com,"Evans City, PA",Gourmet buttermilk and fluid milk products,0.9
FCI Bennettsville 2nd Quarter FY26 Milk Requirement,SAM-RKN9P,https://sam.gov/search/?index=opp&keywords=15B31726Q00000003,Quarterly Milk Requirement (2nd Quarter FY26),"Pasteurized, Nonfat, Skim, or Fat Free (Fluid Milk)",Dairy Milk,Schneider's Dairy,dschneider@schneidersdairy.com,https://schneidersdairy.com,"Pittsburgh, PA","Family-owned dairy providing milk, juice, and cultured products",0.9
FCI Bennettsville 2nd Quarter FY26 Milk Requirement,SAM-RKN9P,https://sam.gov/search/?index=opp&keywords=15B31726Q00000003,Quarterly Milk Requirement (2nd Quarter FY26),"Pasteurized, Nonfat, Skim, or Fat Free (Fluid Milk)",Dairy Milk,Galliker's Dairy Company,info@gallikers.com,https://www.gallikers.com,"Johnstown, PA","Milk, ice cream, and tea production",0.9
FCI Bennettsville 2nd Quarter FY26 Milk Requirement,SAM-RKN9P,https://sam.gov/search/?index=opp&keywords=15B31726Q00000003,Quarterly Milk Requirement (2nd Quarter FY26),"Pasteurized, Nonfat, Skim, or Fat Free (Fluid Milk)",Dairy Milk,Upstate Niagara Cooperative,emailus@uncdairy.com,https://www.upstateniagara.com,"Lancaster, NY","Fluid milk, yogurt, and dairy products owned by farmers",0.9
FCI Bennettsville 2nd Quarter FY26 Milk Requirement,SAM-RKN9P,https://sam.gov/search/?index=opp&keywords=15B31726Q00000003,Quarterly Milk Requirement (2nd Quarter FY26),"Pasteurized, Nonfat, Skim, or Fat Free (Fluid Milk)",Dairy Milk,Byrne Dairy,marshall.winn@byrnedairy.com,https://byrnedairy.com,"Syracuse, NY",Extended Shelf Life (ESL) and fresh dairy processing,0.9
FCI Bennettsville 2nd Quarter FY26 Milk Requirement,SAM-RKN9P,https://sam.gov/search/?index=opp&keywords=15B31726Q00000003,Quarterly Milk Requirement (2nd Quarter FY26),"Pasteurized, Nonfat, Skim, or Fat Free (Fluid Milk)",Dairy Milk,Prairie Farms Dairy,info@prairiefarms.com,https://www.prairiefarms.com,"Edwardsville, IL","Manufacturer of milk, cheese, and dairy products",0.95
FCI Bennettsville 2nd Quarter FY26 Milk Requirement,SAM-RKN9P,https://sam.gov/search/?index=opp&keywords=15B31726Q00000003,Quarterly Milk Requirement (2nd Quarter FY26),"Pasteurized, Nonfat, Skim, or Fat Free (Fluid Milk)",Dairy Milk,Shamrock Farms,hiroxie@shamrockfoods.com,https://www.shamrockfarms.net,"Phoenix, AZ","Farm-fresh milk, whipping cream, and sour cream",0.95
FCI Bennettsville 2nd Quarter FY26 Milk Requirement,SAM-RKN9P,https://sam.gov/search/?index=opp&keywords=15B31726Q00000003,Quarterly Milk Requirement (2nd Quarter FY26),"Pasteurized, Nonfat, Skim, or Fat Free (Fluid Milk)",Dairy Milk,Hiland Dairy,scarey@hilanddairy.com,https://www.hilanddairy.com,"Springfield, MO","Farmer-owned dairy producing milk, ice cream, and dips",0.95
FCI Bennettsville 2nd Quarter FY26 Milk Requirement,SAM-RKN9P,https://sam.gov/search/?index=opp&keywords=15B31726Q00000003,Quarterly Milk Requirement (2nd Quarter FY26),"Pasteurized, Nonfat, Skim, or Fat Free (Fluid Milk)",Dairy Milk,Anderson Erickson Dairy,michaelg@aedairy.com,https://www.aedairy.com,"Des Moines, IA","Traditional dairy products including milk, yogurt, and cottage cheese",0.9
FCI Bennettsville 2nd Quarter FY26 Milk Requirement,SAM-RKN9P,https://sam.gov/search/?index=opp&keywords=15B31726Q00000003,Quarterly Milk Requirement (2nd Quarter FY26),"Pasteurized, Nonfat, Skim, or Fat Free (Fluid Milk)",Dairy Milk,Oberweis Dairy,webfeedback@oberweis.com,https://www.oberweis.com,"North Aurora, IL",Home delivery of glass-bottled milk and ice cream,0.9
FCI Bennettsville 2nd Quarter FY26 Milk Requirement,SAM-RKN9P,https://sam.gov/search/?index=opp&keywords=15B31726Q00000003,Quarterly Milk Requirement (2nd Quarter FY26),"Pasteurized, Nonfat, Skim, or Fat Free (Fluid Milk)",Dairy Milk,Guernsey Farms Dairy,contact@guernseyfarmsdairy.com,https://guernseyfarmsdairy.com,"Northville, MI",Small-batch milk and ice cream processing,0.9
FCI Bennettsville 2nd Quarter FY26 Milk Requirement,SAM-RKN9P,https://sam.gov/search/?index=opp&keywords=15B31726Q00000003,Quarterly Milk Requirement (2nd Quarter FY26),"Pasteurized, Nonfat, Skim, or Fat Free (Fluid Milk)",Dairy Milk,Country Dairy,info@countrydairy.com,https://countrydairy.com,"New Era, MI",Producer-handler of rBST-free milk and cheese,0.9
FCI Bennettsville 2nd Quarter FY26 Milk Requirement,SAM-RKN9P,https://sam.gov/search/?index=opp&keywords=15B31726Q00000003,Quarterly Milk Requirement (2nd Quarter FY26),"Pasteurized, Nonfat, Skim, or Fat Free (Fluid Milk)",Dairy Milk,Snowville Creamery,info@snowvillecreamery.com,https://www.snowvillecreamery.com,"Pomeroy, OH","Grass-grazed, A2/A2 fluid milk and yogurt",0.9
FCI Bennettsville 2nd Quarter FY26 Milk Requirement,SAM-RKN9P,https://sam.gov/search/?index=opp&keywords=15B31726Q00000003,Quarterly Milk Requirement (2nd Quarter FY26),"Pasteurized, Nonfat, Skim, or Fat Free (Fluid Milk)",Dairy Milk,Shatto Milk Company,leroy@shattomilk.com,https://shattomilk.com,"Osborn, MO",Small family farm bottling milk in glass containers,0.9
FCI Bennettsville 2nd Quarter FY26 Milk Requirement,SAM-RKN9P,https://sam.gov/search/?index=opp&keywords=15B31726Q00000003,Quarterly Milk Requirement (2nd Quarter FY26),"Pasteurized, Nonfat, Skim, or Fat Free (Fluid Milk)",Dairy Milk,Volleman's Family Farm,info@vollemansdairy.com,https://vollemansdairy.com,"Gustine, TX",Glass-bottled milk from a family-owned dairy,0.9
FCI Bennettsville 2nd Quarter FY26 Milk Requirement,SAM-RKN9P,https://sam.gov/search/?index=opp&keywords=15B31726Q00000003,Quarterly Milk Requirement (2nd Quarter FY26),"Pasteurized, Nonfat, Skim, or Fat Free (Fluid Milk)",Dairy Milk,Rosa Brothers Milk Company,info@rosabrothers.com,https://rosabrothers.com,"Tulare, CA",Glass-bottled milk and ice cream from family farm,0.9
FCI Bennettsville 2nd Quarter FY26 Milk Requirement,SAM-RKN9P,https://sam.gov/search/?index=opp&keywords=15B31726Q00000003,Quarterly Milk Requirement (2nd Quarter FY26),"Pasteurized, Nonfat, Skim, or Fat Free (Fluid Milk)",Dairy Milk,Hollandia Dairy,main@hollandiadairy.com,https://hollandiadairy.com,"San Marcos, CA",Fresh milk and dairy products for schools and institutions,0.9
FCI Bennettsville 2nd Quarter FY26 Milk Requirement,SAM-RKN9P,https://sam.gov/search/?index=opp&keywords=15B31726Q00000003,Quarterly Milk Requirement (2nd Quarter FY26),"Pasteurized, Nonfat, Skim, or Fat Free (Fluid Milk)",Dairy Milk,Producers Dairy,customer.service@producersdairy.com,https://producersdairy.com,"Fresno, CA","Milk, cheese, and ice cream distribution",0.9
FCI Bennettsville 2nd Quarter FY26 Milk Requirement,SAM-RKN9P,https://sam.gov/search/?index=opp&keywords=15B31726Q00000003,Quarterly Milk Requirement (2nd Quarter FY26),"Pasteurized, Nonfat, Skim, or Fat Free (Fluid Milk)",Dairy Milk,Crystal Creamery,customerservice@crystalcreamery.com,https://crystalcreamery.com,"Modesto, CA","Full line of dairy products including milk, butter, and cottage cheese",0.9
FCI Bennettsville 2nd Quarter FY26 Milk Requirement,SAM-RKN9P,https://sam.gov/search/?index=opp&keywords=15B31726Q00000003,Quarterly Milk Requirement (2nd Quarter FY26),"Pasteurized, Nonfat, Skim, or Fat Free (Fluid Milk)",Dairy Milk,Clover Sonoma,askclo@cloversonoma.com,https://cloversonoma.com,"Petaluma, CA",Organic and conventional dairy products,0.9
FCI Bennettsville 2nd Quarter FY26 Milk Requirement,SAM-RKN9P,https://sam.gov/search/?index=opp&keywords=15B31726Q00000003,Quarterly Milk Requirement (2nd Quarter FY26),"Pasteurized, Nonfat, Skim, or Fat Free (Fluid Milk)",Dairy Milk,Straus Family Creamery,family@strausfamilycreamery.com,https://strausfamilycreamery.com,"Petaluma, CA",Organic cream-top milk and dairy products,0.9
FCI Bennettsville 2nd Quarter FY26 Milk Requirement,SAM-RKN9P,https://sam.gov/search/?index=opp&keywords=15B31726Q00000003,Quarterly Milk Requirement (2nd Quarter FY26),"Pasteurized, Nonfat, Skim, or Fat Free (Fluid Milk)",Dairy Milk,Alexandre Family Farm,sales@alexandrefamilyfarm.com,https://alexandrefamilyfarm.com,"Crescent City, CA",Regenerative organic A2/A2 dairy products,0.9
FCI Bennettsville 2nd Quarter FY26 Milk Requirement,SAM-RKN9P,https://sam.gov/search/?index=opp&keywords=15B31726Q00000003,Quarterly Milk Requirement (2nd Quarter FY26),"Pasteurized, Nonfat, Skim, or Fat Free (Fluid Milk)",Dairy Milk,California Dairies Inc,sales@californiadairies.com,https://californiadairies.com,"Visalia, CA",Leading milk marketing and processing cooperative,0.95
FCI Bennettsville 2nd Quarter FY26 Milk Requirement,SAM-RKN9P,https://sam.gov/search/?index=opp&keywords=15B31726Q00000003,Quarterly Milk Requirement (2nd Quarter FY26),"Pasteurized, Nonfat, Skim, or Fat Free (Fluid Milk)",Dairy Milk,Foster Farms Dairy,info@fosterfarms.com,https://www.fosterfarms.com,"Livingston, CA",Dairy products and poultry,0.9
FCI Bennettsville 2nd Quarter FY26 Milk Requirement,SAM-RKN9P,https://sam.gov/search/?index=opp&keywords=15B31726Q00000003,Quarterly Milk Requirement (2nd Quarter FY26),"Pasteurized, Nonfat, Skim, or Fat Free (Fluid Milk)",Dairy Milk,Lochmead Dairy,info@lochmead.com,https://darimart.com,"Junction City, OR","Dairy farm, processing plant, and retail stores",0.9
FCI Bennettsville 2nd Quarter FY26 Milk Requirement,SAM-RKN9P,https://sam.gov/search/?index=opp&keywords=15B31726Q00000003,Quarterly Milk Requirement (2nd Quarter FY26),"Pasteurized, Nonfat, Skim, or Fat Free (Fluid Milk)",Dairy Milk,Smith Brothers Farms,getmilk@smithbrothersfarms.com,https://www.smithbrothersfarms.com,"Kent, WA",Home delivery of milk and local grocery products,0.9
FCI Bennettsville 2nd Quarter FY26 Milk Requirement,SAM-RKN9P,https://sam.gov/search/?index=opp&keywords=15B31726Q00000003,Quarterly Milk Requirement (2nd Quarter FY26),"Pasteurized, Nonfat, Skim, or Fat Free (Fluid Milk)",Dairy Milk,Darigold,Steve.Matzen@darigold.com,https://darigold.com,"Seattle, WA","Farmer-owned cooperative producing milk, butter, and cheese",0.95
FCI Bennettsville 2nd Quarter FY26 Milk Requirement,SAM-RKN9P,https://sam.gov/search/?index=opp&keywords=15B31726Q00000003,Quarterly Milk Requirement (2nd Quarter FY26),"Pasteurized, Nonfat, Skim, or Fat Free (Fluid Milk)",Dairy Milk,Royal Crest Dairy,service@royalcrestdairy.com,https://royalcrestdairy.com,"Denver, CO",Home delivery of milk and food products,0.9
FCI Bennettsville 2nd Quarter FY26 Milk Requirement,SAM-RKN9P,https://sam.gov/search/?index=opp&keywords=15B31726Q00000003,Quarterly Milk Requirement (2nd Quarter FY26),"Pasteurized, Nonfat, Skim, or Fat Free (Fluid Milk)",Dairy Milk,Longmont Dairy Farm,customerservice@longmontdairy.com,https://longmontdairy.com,"Longmont, CO",Farm-fresh milk delivery in glass bottles,0.9
FCI Bennettsville 2nd Quarter FY26 Milk Requirement,SAM-RKN9P,https://sam.gov/search/?index=opp&keywords=15B31726Q00000003,Quarterly Milk Requirement (2nd Quarter FY26),"Pasteurized, Nonfat, Skim, or Fat Free (Fluid Milk)",Dairy Milk,Aurora Organic Dairy,info@aodmilk.com,https://auroraorganic.com,"Boulder, CO",Large-scale organic milk production and processing,0.9
FCI Bennettsville 2nd Quarter FY26 Milk Requirement,SAM-RKN9P,https://sam.gov/search/?index=opp&keywords=15B31726Q00000003,Quarterly Milk Requirement (2nd Quarter FY26),"Pasteurized, Nonfat, Skim, or Fat Free (Fluid Milk)",Dairy Milk,United Dairymen of Arizona,sales.interest@udaz.org,https://uda.coop,"Tempe, AZ",Dairy cooperative processing milk and dairy ingredients,0.95
FCI Bennettsville 2nd Quarter FY26 Milk Requirement,SAM-RKN9P,https://sam.gov/search/?index=opp&keywords=15B31726Q00000003,Quarterly Milk Requirement (2nd Quarter FY26),"Pasteurized, Nonfat, Skim, or Fat Free (Fluid Milk)",Dairy Milk,Dairy Farmers of America,info@dfamilk.com,https://dfamilk.com,"Kansas City, KS",National milk marketing cooperative and processor,0.95
FCI Bennettsville 2nd Quarter FY26 Milk Requirement,SAM-RKN9P,https://sam.gov/search/?index=opp&keywords=15B31726Q00000003,Quarterly Milk Requirement (2nd Quarter FY26),"Pasteurized, Nonfat, Skim, or Fat Free (Fluid Milk)",Dairy Milk,Associated Milk Producers Inc,senskem@ampi.com,https://ampi.com,"New Ulm, MN",Midwest dairy cooperative specializing in cheese and butter,0.95
Combined Pest Control,SAM-OMS01,https://sam.gov/opp/31125PR260000083/view,1 Base Year (01/01/2026-12/31/2026) + 4 Option Years,"Location: Buzzards Bay, MA 02542; NAICS: 561710; PSC: 6840",Non-chemical techniques; Chemical control agents (EPA approved),A1 Exterminators,info@a1exterminators.com,https://www.a1exterminators.com,"Buzzards Bay, MA","Pest Control Service Provider; Termite and Rodent Control; Residential & Commercial Extermination; IPM Techniques; Local Service in Buzzards Bay (NAICS 561710). High match for location and service requirements, including non-chemical and chemical options available upon request in service plans (e.g., Pest Prevention Plan). Verified local presence for 65+ years in Buzzards Bay area, matching the specific location constraint perfectly for service delivery or contracting needs related to PSC 6840 (Pest Control Agents/Services). Note: Primarily a service provider, not a manufacturer, fitting the NAICS code provided (561710). MATCH CONFIDENCE: HIGH (1.0) - Best location match found directly in Buzzards Bay, MA 02542.",
Combined Pest Control,SAM-OMS01,https://sam.gov/opp/31125PR260000083/view,1 Base Year (01/01/2026-12/31/2026) + 4 Option Years,"Location: Buzzards Bay, MA 02542; NAICS: 561710; PSC: 6840",Non-chemical techniques; Chemical control agents (EPA approved),Cape Cod Pest Pros,capecodpestpros@gmail.com,https://www.capecodpestpros.com,"Pocasset, MA","Pest Control Service Provider; Eco-friendly Pest Control; Termite, Ant, and Rodent Control; Serving Cape Cod and Buzzards Bay area. Uses safest products available (EPA approved) and emphasizes prevention. Proximity to Buzzards Bay is high (Pocasset is adjacent). Validated email contact. Strong match for local service requirements with environmental focus (Non-chemical techniques/IPM context). MATCH CONFIDENCE: HIGH (0.95) - Very close proximity (Bourne/Pocasset) and explicitly mentions eco-friendly/safe products.",
Combined Pest Control,SAM-OMS01,https://sam.gov/opp/31125PR260000083/view,1 Base Year (01/01/2026-12/31/2026) + 4 Option Years,"Location: Buzzards Bay, MA 02542; NAICS: 561710; PSC: 6840",Non-chemical techniques; Chemical control agents (EPA approved),Griggs & Browne Termite & Pest Control,internet@griggsbrowne.com,https://www.griggsbrowne.com,"Buzzards Bay, MA","Pest Control Service Provider; Termite Control; Commercial & Residential Services; IPM Solutions. One of their main offices is located directly in Buzzards Bay (203 Main St, Buzzards Bay, MA 02532), making them a perfect location match. They offer comprehensive pest management including non-chemical and chemical methods. MATCH CONFIDENCE: HIGH (1.0) - Exact location match in Buzzards Bay.",
Combined Pest Control,SAM-OMS01,https://sam.gov/opp/31125PR260000083/view,1 Base Year (01/01/2026-12/31/2026) + 4 Option Years,"Location: Buzzards Bay, MA 02542; NAICS: 561710; PSC: 6840",Non-chemical techniques; Chemical control agents (EPA approved),Pilgrim Pest Professionals,info@pilgrimpestpro.com,https://www.pilgrimpestpro.com,"Plymouth, MA","Pest Control Service Provider; Wildlife Removal; Residential, Commercial, and Municipal Services; 24/7 Emergency Service. Serves Buzzards Bay and surrounding areas. Offers 'Green' pest control options consistent with IPM requirements. Verified email and strong regional presence. MATCH CONFIDENCE: HIGH (0.9) - Serves the requested area.",
Combined Pest Control,SAM-OMS01,https://sam.gov/opp/31125PR260000083/view,1 Base Year (01/01/2026-12/31/2026) + 4 Option Years,"Location: Buzzards Bay, MA 02542; NAICS: 561710; PSC: 6840",Non-chemical techniques; Chemical control agents (EPA approved),Plymouth Bristol Pest & Termite Control,plymouthbristol@gmail.com,https://www.plymouthbristolpest.com,"Plymouth, MA","Pest Control Service Provider; Termite Control; General Pest Management. Family-owned, serving Plymouth and Bristol counties (covering Buzzards Bay). Offers 24/7 service. Verified email. Good match for service provision in the target region. MATCH CONFIDENCE: HIGH (0.85).",
Combined Pest Control,SAM-OMS01,https://sam.gov/opp/31125PR260000083/view,1 Base Year (01/01/2026-12/31/2026) + 4 Option Years,"Location: Buzzards Bay, MA 02542; NAICS: 561710; PSC: 6840",Non-chemical techniques; Chemical control agents (EPA approved),"Neal Pest Control, Inc.",team@nealpestcontrol.com,https://www.nealpestcontrol.com,"Plymouth, MA","Pest Control Service Provider; IPM Strategies; Residential & Commercial Services. Family-owned, serving South Shore and Cape Cod including Buzzards Bay. Emphasizes IPM (Non-chemical techniques where possible). Verified email. MATCH CONFIDENCE: HIGH (0.9) - Explicit mention of IPM and service area.",
Combined Pest Control,SAM-OMS01,https://sam.gov/opp/31125PR260000083/view,1 Base Year (01/01/2026-12/31/2026) + 4 Option Years,"Location: Buzzards Bay, MA 02542; NAICS: 561710; PSC: 6840",Non-chemical techniques; Chemical control agents (EPA approved),Target Specialty Products,phyllis.reidman@target-specialty.com,https://www.target-specialty.com,"Franklin, MA","Distributor/Wholesaler; Pest Control Supplies; Application Equipment; Agricultural Chemicals. Matches the 'Wholesaler' goal and 'Chemical control agents' requirement perfectly. They supply the products used by service providers. Located in MA, serving the region. MATCH CONFIDENCE: HIGH (0.95) - True Wholesaler/Distributor match.",
Combined Pest Control,SAM-OMS01,https://sam.gov/opp/31125PR260000083/view,1 Base Year (01/01/2026-12/31/2026) + 4 Option Years,"Location: Buzzards Bay, MA 02542; NAICS: 561710; PSC: 6840",Non-chemical techniques; Chemical control agents (EPA approved),Veseris,sales@veseris.com,https://www.veseris.com,"Woburn, MA",Distributor/Wholesaler; Pest Control Products; Insecticides; Rodenticides; IPM Tools. A major supplier of pest control chemicals and equipment to the industry. Matches the 'Wholesaler' goal. MATCH CONFIDENCE: HIGH (0.95) - True Wholesaler/Distributor match.,
Combined Pest Control,SAM-OMS01,https://sam.gov/opp/31125PR260000083/view,1 Base Year (01/01/2026-12/31/2026) + 4 Option Years,"Location: Buzzards Bay, MA 02542; NAICS: 561710; PSC: 6840",Non-chemical techniques; Chemical control agents (EPA approved),New England Chemical / New England Pest Control,info@nechemical.com,https://www.nechemical.com,MA/NH,"Supplier & Service Provider; Pest Control Chemicals; Invisiguard System. Provides both chemicals and services, bridging the gap between manufacturer/wholesaler and service provider. MATCH CONFIDENCE: MEDIUM (0.8) - Supplier aspect matches goal.",
Combined Pest Control,SAM-OMS01,https://sam.gov/opp/31125PR260000083/view,1 Base Year (01/01/2026-12/31/2026) + 4 Option Years,"Location: Buzzards Bay, MA 02542; NAICS: 561710; PSC: 6840",Non-chemical techniques; Chemical control agents (EPA approved),Flynn Pest Control,bugs@flynnpestcontrol.com,https://www.flynnpestcontrol.com,"Rehoboth, MA",Pest Control Service Provider; IPM Solutions; Commercial & Residential. Certified QualityPro. Serves Eastern MA and Cape Cod. Verified email. Strong IPM focus matches requirements. MATCH CONFIDENCE: HIGH (0.85).,
Combined Pest Control,SAM-OMS01,https://sam.gov/opp/31125PR260000083/view,1 Base Year (01/01/2026-12/31/2026) + 4 Option Years,"Location: Buzzards Bay, MA 02542; NAICS: 561710; PSC: 6840",Non-chemical techniques; Chemical control agents (EPA approved),B & B Pest Control,info@bbpest.com,https://www.bbpest.com,"Lynn, MA","Pest Control Service Provider; IPM Services; Eco-friendly options. Family-owned, serving North Shore and Greater Boston. Verified email. MATCH CONFIDENCE: MEDIUM (0.75) - Location is further north but serves MA.",
Combined Pest Control,SAM-OMS01,https://sam.gov/opp/31125PR260000083/view,1 Base Year (01/01/2026-12/31/2026) + 4 Option Years,"Location: Buzzards Bay, MA 02542; NAICS: 561710; PSC: 6840",Non-chemical techniques; Chemical control agents (EPA approved),Burgess Pest Management,info@burgesspest.com,https://www.burgesspest.com,"West Bridgewater, MA",Pest Control Service Provider; IPM; Tick & Mosquito Control. Large regional provider serving Cape Cod and Buzzards Bay. Uses technology-driven IPM. MATCH CONFIDENCE: HIGH (0.9).,
Combined Pest Control,SAM-OMS01,https://sam.gov/opp/31125PR260000083/view,1 Base Year (01/01/2026-12/31/2026) + 4 Option Years,"Location: Buzzards Bay, MA 02542; NAICS: 561710; PSC: 6840",Non-chemical techniques; Chemical control agents (EPA approved),EcoGeek Pest Control,info@ecogeekpestcontrol.com,https://www.ecogeekpestcontrol.com,"Cape Cod, MA","Pest Control Service Provider; Eco-friendly/Non-chemical techniques focus. Specifically targets safe, environmentally conscious pest control on Cape Cod. High match for 'Non-chemical techniques'. MATCH CONFIDENCE: HIGH (0.9).",
Combined Pest Control,SAM-OMS01,https://sam.gov/opp/31125PR260000083/view,1 Base Year (01/01/2026-12/31/2026) + 4 Option Years,"Location: Buzzards Bay, MA 02542; NAICS: 561710; PSC: 6840",Non-chemical techniques; Chemical control agents (EPA approved),LifeSpace Pest Solutions,contact@lifespacepest.com,https://www.lifespacepest.com,"Cape Cod, MA",Pest Control Service Provider; Biological & Non-chemical options. Staff entomologist. Focus on safety and IPM. Serves Southeastern MA and Cape Cod. MATCH CONFIDENCE: HIGH (0.85).,
Combined Pest Control,SAM-OMS01,https://sam.gov/opp/31125PR260000083/view,1 Base Year (01/01/2026-12/31/2026) + 4 Option Years,"Location: Buzzards Bay, MA 02542; NAICS: 561710; PSC: 6840",Non-chemical techniques; Chemical control agents (EPA approved),Waltham Pest Services,info@walthamservices.com,https://www.walthamservices.com,"Waltham/Cape Cod, MA",Pest Control Service Provider; Commercial Pest Control; IPM. One of the largest providers in New England with specific branches serving Cape Cod/Buzzards Bay. MATCH CONFIDENCE: HIGH (0.9).,
Combined Pest Control,SAM-OMS01,https://sam.gov/opp/31125PR260000083/view,1 Base Year (01/01/2026-12/31/2026) + 4 Option Years,"Location: Buzzards Bay, MA 02542; NAICS: 561710; PSC: 6840",Non-chemical techniques; Chemical control agents (EPA approved),Ransford Pest Control,info@ransfordpc.com,https://www.ransfordpc.com,"Worcester, MA",Pest Control Service Provider; Commercial IPM. Long-standing company (125+ years). Offers specialized commercial services. MATCH CONFIDENCE: MEDIUM (0.75) - Distance.,
Combined Pest Control,SAM-OMS01,https://sam.gov/opp/31125PR260000083/view,1 Base Year (01/01/2026-12/31/2026) + 4 Option Years,"Location: Buzzards Bay, MA 02542; NAICS: 561710; PSC: 6840",Non-chemical techniques; Chemical control agents (EPA approved),Morrell Associates,MorrellAssociates@gmail.com,http://www.morrell-associates.com,"Marshfield, MA","Pest Control Consultant/Service; Food Safety Inspections; IPM Services. Specializes in IPM for food establishments, matching the 'Commercial Pest Control' and 'IPM' context well. MATCH CONFIDENCE: HIGH (0.85).",
Combined Pest Control,SAM-OMS01,https://sam.gov/opp/31125PR260000083/view,1 Base Year (01/01/2026-12/31/2026) + 4 Option Years,"Location: Buzzards Bay, MA 02542; NAICS: 561710; PSC: 6840",Non-chemical techniques; Chemical control agents (EPA approved),Essex County Pest Control,gotants@essexpest.com,https://www.essexpest.com,"Newburyport, MA",Pest Control Service Provider; Residential & Commercial. Verified email. MATCH CONFIDENCE: MEDIUM (0.7).,
Combined Pest Control,SAM-OMS01,https://sam.gov/opp/31125PR260000083/view,1 Base Year (01/01/2026-12/31/2026) + 4 Option Years,"Location: Buzzards Bay, MA 02542; NAICS: 561710; PSC: 6840",Non-chemical techniques; Chemical control agents (EPA approved),Bain Pest Control (Ehrlich),bainpestlocal@gmail.com,https://www.bainpestcontrol.com,"Lowell, MA",Pest Control Service Provider; Termite & Bed Bug Control. Now part of Ehrlich but retains local presence. MATCH CONFIDENCE: MEDIUM (0.7).,
Combined Pest Control,SAM-OMS01,https://sam.gov/opp/31125PR260000083/view,1 Base Year (01/01/2026-12/31/2026) + 4 Option Years,"Location: Buzzards Bay, MA 02542; NAICS: 561710; PSC: 6840",Non-chemical techniques; Chemical control agents (EPA approved),Debug Pest Control,info@debugpestcontrol.com,https://www.debugpestcontrol.com,"New Bedford, MA",Pest Control Service Provider; Green Pest Control; Termite & Bed Bug Solutions. Serves New Bedford and surrounding areas (close to Buzzards Bay). MATCH CONFIDENCE: HIGH (0.9).,
Combined Pest Control,SAM-OMS01,https://sam.gov/opp/31125PR260000083/view,1 Base Year (01/01/2026-12/31/2026) + 4 Option Years,"Location: Buzzards Bay, MA 02542; NAICS: 561710; PSC: 6840",Non-chemical techniques; Chemical control agents (EPA approved),Spartan Animal & Pest Control,info@spartananimalandpestcontrol.com,https://www.spartananimalandpestcontrol.com,"New Bedford, MA",Pest Control Service Provider; Humane Wildlife Removal; IPM. Focus on humane and effective solutions. MATCH CONFIDENCE: HIGH (0.85).,
Combined Pest Control,SAM-OMS01,https://sam.gov/opp/31125PR260000083/view,1 Base Year (01/01/2026-12/31/2026) + 4 Option Years,"Location: Buzzards Bay, MA 02542; NAICS: 561710; PSC: 6840",Non-chemical techniques; Chemical control agents (EPA approved),Big Blue Bug Solutions,info@bigbluebug.com,https://www.bigbluebug.com,"Fall River, MA",Pest Control Service Provider; Residential & Commercial; IPM. Famous regional provider serving MA/RI. MATCH CONFIDENCE: HIGH (0.85).,
Combined Pest Control,SAM-OMS01,https://sam.gov/opp/31125PR260000083/view,1 Base Year (01/01/2026-12/31/2026) + 4 Option Years,"Location: Buzzards Bay, MA 02542; NAICS: 561710; PSC: 6840",Non-chemical techniques; Chemical control agents (EPA approved),NW Pest Control,info@nwpestcontrol.com,https://www.nwpestcontrol.com,"Fall River, MA",Pest Control Service Provider; Family Owned; Residential & Commercial. Serves Fall River and South Coast. MATCH CONFIDENCE: HIGH (0.8).,
Combined Pest Control,SAM-OMS01,https://sam.gov/opp/31125PR260000083/view,1 Base Year (01/01/2026-12/31/2026) + 4 Option Years,"Location: Buzzards Bay, MA 02542; NAICS: 561710; PSC: 6840",Non-chemical techniques; Chemical control agents (EPA approved),Guardian Pest Control,info@guardianpestri.com,https://www.guardianpestri.com,"Fall River, MA",Pest Control Service Provider; Prevention Services. Serves Fall River and surrounding areas. MATCH CONFIDENCE: HIGH (0.8).,
Combined Pest Control,SAM-OMS01,https://sam.gov/opp/31125PR260000083/view,1 Base Year (01/01/2026-12/31/2026) + 4 Option Years,"Location: Buzzards Bay, MA 02542; NAICS: 561710; PSC: 6840",Non-chemical techniques; Chemical control agents (EPA approved),South Shore IPM,info@southshoreipm.com,https://www.southshoreipm.com,"Weymouth, MA",Pest Control Service Provider; IPM; Organic Options. Focus on Integrated Pest Management and eco-friendly solutions. MATCH CONFIDENCE: HIGH (0.85).,
Combined Pest Control,SAM-OMS01,https://sam.gov/opp/31125PR260000083/view,1 Base Year (01/01/2026-12/31/2026) + 4 Option Years,"Location: Buzzards Bay, MA 02542; NAICS: 561710; PSC: 6840",Non-chemical techniques; Chemical control agents (EPA approved),Assurance Pest Solutions,info@assurancepestsolutions.com,https://www.assurancepestsolutions.com,"Middlesex, MA",Pest Control Service Provider; IPM; Associate Certified Entomologists on staff. High confidence in technical capability (IPM). MATCH CONFIDENCE: MEDIUM (0.75).,
Combined Pest Control,SAM-OMS01,https://sam.gov/opp/31125PR260000083/view,1 Base Year (01/01/2026-12/31/2026) + 4 Option Years,"Location: Buzzards Bay, MA 02542; NAICS: 561710; PSC: 6840",Non-chemical techniques; Chemical control agents (EPA approved),Pestex,info@pestexinc.com,https://www.pestexinc.com,"Boston, MA",Pest Control Service Provider; Termite Colony Elimination; Exclusion Services. Focus on long-term solutions and exclusion (non-chemical). MATCH CONFIDENCE: HIGH (0.8).,
Combined Pest Control,SAM-OMS01,https://sam.gov/opp/31125PR260000083/view,1 Base Year (01/01/2026-12/31/2026) + 4 Option Years,"Location: Buzzards Bay, MA 02542; NAICS: 561710; PSC: 6840",Non-chemical techniques; Chemical control agents (EPA approved),Yankee Pest Control,info@yankeepestcontrol.com,https://www.yankeepestcontrol.com,"Malden, MA",Pest Control Service Provider; IPM; Commercial & Residential. Strong commercial focus. MATCH CONFIDENCE: MEDIUM (0.75).,
Combined Pest Control,SAM-OMS01,https://sam.gov/opp/31125PR260000083/view,1 Base Year (01/01/2026-12/31/2026) + 4 Option Years,"Location: Buzzards Bay, MA 02542; NAICS: 561710; PSC: 6840",Non-chemical techniques; Chemical control agents (EPA approved),Catseye Pest Control,service@catseyepest.com,https://www.catseyepest.com,"Plymouth, MA",Pest Control Service Provider; Exclusion Systems (Cat-Guard); Wildlife Control. Strong focus on non-chemical exclusion techniques. MATCH CONFIDENCE: HIGH (0.85).,
Combined Pest Control,SAM-OMS01,https://sam.gov/opp/31125PR260000083/view,1 Base Year (01/01/2026-12/31/2026) + 4 Option Years,"Location: Buzzards Bay, MA 02542; NAICS: 561710; PSC: 6840",Non-chemical techniques; Chemical control agents (EPA approved),Ultra Safe Pest Management,info@ultrasafepest.com,https://www.ultrasafepest.com,"Boston, MA",Pest Control Service Provider; Wildlife Removal; IPM. Emphasizes safety and IPM. MATCH CONFIDENCE: MEDIUM (0.75).,
Combined Pest Control,SAM-OMS01,https://sam.gov/opp/31125PR260000083/view,1 Base Year (01/01/2026-12/31/2026) + 4 Option Years,"Location: Buzzards Bay, MA 02542; NAICS: 561710; PSC: 6840",Non-chemical techniques; Chemical control agents (EPA approved),Ecologic Entomology,info@ecologicentomology.com,https://www.ecologicentomology.com,"Boston, MA",Pest Control Service Provider; Commercial Focus; IPM. specialized in commercial pest control using entomology-based solutions. MATCH CONFIDENCE: HIGH (0.8).,
Combined Pest Control,SAM-OMS01,https://sam.gov/opp/31125PR260000083/view,1 Base Year (01/01/2026-12/31/2026) + 4 Option Years,"Location: Buzzards Bay, MA 02542; NAICS: 561710; PSC: 6840",Non-chemical techniques; Chemical control agents (EPA approved),Michael Scott Pest Control,info@michaelscottpestcontrol.com,https://www.michaelscottpestcontrol.com,"Brockton, MA",Pest Control Service Provider; Emergency Services; General Pest Control. MATCH CONFIDENCE: MEDIUM (0.7).,
Combined Pest Control,SAM-OMS01,https://sam.gov/opp/31125PR260000083/view,1 Base Year (01/01/2026-12/31/2026) + 4 Option Years,"Location: Buzzards Bay, MA 02542; NAICS: 561710; PSC: 6840",Non-chemical techniques; Chemical control agents (EPA approved),Freedom Pest Control,info@callfreedompest.com,https://www.callfreedompest.com,"Merrimac, MA",Pest Control Service Provider; Food Safety; IPM. Certified and licensed. MATCH CONFIDENCE: MEDIUM (0.7).,
Combined Pest Control,SAM-OMS01,https://sam.gov/opp/31125PR260000083/view,1 Base Year (01/01/2026-12/31/2026) + 4 Option Years,"Location: Buzzards Bay, MA 02542; NAICS: 561710; PSC: 6840",Non-chemical techniques; Chemical control agents (EPA approved),Minuteman Pest Control,Paul@minutemanpest.com,https://www.minutemanpest.com,"Northampton, MA",Pest Control Service Provider; IPM Certified; Environmentally Responsible. Strong IPM credential. MATCH CONFIDENCE: MEDIUM (0.7).,
Combined Pest Control,SAM-OMS01,https://sam.gov/opp/31125PR260000083/view,1 Base Year (01/01/2026-12/31/2026) + 4 Option Years,"Location: Buzzards Bay, MA 02542; NAICS: 561710; PSC: 6840",Non-chemical techniques; Chemical control agents (EPA approved),General Environmental Services,info@teamges.net,https://www.teamges.net,"Malden, MA",Pest Control Service Provider; Commercial & Industrial; Vegetation Control. Matching 'Commercial Pest Control' context. MATCH CONFIDENCE: MEDIUM (0.75).,
Combined Pest Control,SAM-OMS01,https://sam.gov/opp/31125PR260000083/view,1 Base Year (01/01/2026-12/31/2026) + 4 Option Years,"Location: Buzzards Bay, MA 02542; NAICS: 561710; PSC: 6840",Non-chemical techniques; Chemical control agents (EPA approved),Five Star Pest Control,info@plymouthpestcontrol.com,https://www.plymouthpestcontrol.com,"Plymouth, MA",Pest Control Service Provider; Eco-friendly; Residential & Commercial. Local to Plymouth/Buzzards Bay area. MATCH CONFIDENCE: HIGH (0.85).,
Combined Pest Control,SAM-OMS01,https://sam.gov/opp/31125PR260000083/view,1 Base Year (01/01/2026-12/31/2026) + 4 Option Years,"Location: Buzzards Bay, MA 02542; NAICS: 561710; PSC: 6840",Non-chemical techniques; Chemical control agents (EPA approved),Beyond Pest Services,info@beyondpestservices.com,https://www.beyondpestservices.com,"New Bedford, MA",Pest Control Service Provider; Integrated Management. Local New Bedford service. MATCH CONFIDENCE: HIGH (0.8).,
Combined Pest Control,SAM-OMS01,https://sam.gov/opp/31125PR260000083/view,1 Base Year (01/01/2026-12/31/2026) + 4 Option Years,"Location: Buzzards Bay, MA 02542; NAICS: 561710; PSC: 6840",Non-chemical techniques; Chemical control agents (EPA approved),Pest Assassins,info@pestassassins.com,https://www.pestassassins.com,"Fall River, MA",Pest Control Service Provider; Rodent & Insect Control. No contract options. MATCH CONFIDENCE: HIGH (0.75).,
Combined Pest Control,SAM-OMS01,https://sam.gov/opp/31125PR260000083/view,1 Base Year (01/01/2026-12/31/2026) + 4 Option Years,"Location: Buzzards Bay, MA 02542; NAICS: 561710; PSC: 6840",Non-chemical techniques; Chemical control agents (EPA approved),Insight Pest Solutions,info@insightpest.com,https://www.insightpest.com,"Taunton, MA",Pest Control Service Provider; Residential & Commercial. Local branch in Taunton. MATCH CONFIDENCE: HIGH (0.8).,
Combined Pest Control,SAM-OMS01,https://sam.gov/opp/31125PR260000083/view,1 Base Year (01/01/2026-12/31/2026) + 4 Option Years,"Location: Buzzards Bay, MA 02542; NAICS: 561710; PSC: 6840",Non-chemical techniques; Chemical control agents (EPA approved),Lancelot Janitorial Pest Control Supplies,info@lancelotjanitorial.com,https://www.lancelotjanitorial.com,"Lynn, MA","Distributor/Wholesaler; Pest Control Supplies; Janitorial Supplies. Sells traps, baits, and sprays. Matches 'Wholesaler' goal. MATCH CONFIDENCE: HIGH (0.9).",
6515--NX EQ Lift: Patient Transfer: Clip Based Standard - Amedment,SAM-3OMEE,https://sam.gov/search/?index=opp&keywords=36C10G26R0006,Requirements contract (12-month base period + 4 one-year options),Safe Working Load: 227 kg (500 lbs); Lifting Range: 225 mm - 1575 mm (8.75 in - 62 in); Unit Weight: 70 kg (154 lbs); External Width (Closed): 718 mm (28.25 in); External Width (Open): 1196 mm (47 in),Powder-coated Aluminum and Stainless Steel chassis with high-grade plastic covers,Arjo,info.us@arjo.com,https://www.arjo.com,"IL, USA","Manufacturer of the NX EQ Lift equivalent (Maxi Move), patient handling systems, hygiene, and disinfection.",1
6515--NX EQ Lift: Patient Transfer: Clip Based Standard - Amedment,SAM-3OMEE,https://sam.gov/search/?index=opp&keywords=36C10G26R0006,Requirements contract (12-month base period + 4 one-year options),Safe Working Load: 227 kg (500 lbs); Lifting Range: 225 mm - 1575 mm (8.75 in - 62 in); Unit Weight: 70 kg (154 lbs); External Width (Closed): 718 mm (28.25 in); External Width (Open): 1196 mm (47 in),Powder-coated Aluminum and Stainless Steel chassis with high-grade plastic covers,Hillrom (Baxter),hrc_us_customerservice@baxter.com,https://www.hillrom.com,"IL, USA","Manufacturer of Liko patient lifts, mobile lifts, and ceiling hoists.",0.95
6515--NX EQ Lift: Patient Transfer: Clip Based Standard - Amedment,SAM-3OMEE,https://sam.gov/search/?index=opp&keywords=36C10G26R0006,Requirements contract (12-month base period + 4 one-year options),Safe Working Load: 227 kg (500 lbs); Lifting Range: 225 mm - 1575 mm (8.75 in - 62 in); Unit Weight: 70 kg (154 lbs); External Width (Closed): 718 mm (28.25 in); External Width (Open): 1196 mm (47 in),Powder-coated Aluminum and Stainless Steel chassis with high-grade plastic covers,Joerns Healthcare,info@joerns.com,https://www.joerns.com,"NC, USA","Manufacturer of Hoyer lifts, classic hydraulic and electric patient lifters.",0.95
6515--NX EQ Lift: Patient Transfer: Clip Based Standard - Amedment,SAM-3OMEE,https://sam.gov/search/?index=opp&keywords=36C10G26R0006,Requirements contract (12-month base period + 4 one-year options),Safe Working Load: 227 kg (500 lbs); Lifting Range: 225 mm - 1575 mm (8.75 in - 62 in); Unit Weight: 70 kg (154 lbs); External Width (Closed): 718 mm (28.25 in); External Width (Open): 1196 mm (47 in),Powder-coated Aluminum and Stainless Steel chassis with high-grade plastic covers,Drive DeVilbiss Healthcare,customerservice@drivemedical.com,https://www.drivemedical.com,"NY, USA",Major supplier of durable medical equipment including electric and hydraulic patient lifts.,0.9
6515--NX EQ Lift: Patient Transfer: Clip Based Standard - Amedment,SAM-3OMEE,https://sam.gov/search/?index=opp&keywords=36C10G26R0006,Requirements contract (12-month base period + 4 one-year options),Safe Working Load: 227 kg (500 lbs); Lifting Range: 225 mm - 1575 mm (8.75 in - 62 in); Unit Weight: 70 kg (154 lbs); External Width (Closed): 718 mm (28.25 in); External Width (Open): 1196 mm (47 in),Powder-coated Aluminum and Stainless Steel chassis with high-grade plastic covers,Medline Industries,helpdesk@medline.com,https://www.medline.com,"IL, USA",Manufacturer and distributor of a wide range of patient lifts and medical supplies.,0.9
6515--NX EQ Lift: Patient Transfer: Clip Based Standard - Amedment,SAM-3OMEE,https://sam.gov/search/?index=opp&keywords=36C10G26R0006,Requirements contract (12-month base period + 4 one-year options),Safe Working Load: 227 kg (500 lbs); Lifting Range: 225 mm - 1575 mm (8.75 in - 62 in); Unit Weight: 70 kg (154 lbs); External Width (Closed): 718 mm (28.25 in); External Width (Open): 1196 mm (47 in),Powder-coated Aluminum and Stainless Steel chassis with high-grade plastic covers,Stryker,medicalcustomerservice@stryker.com,https://www.stryker.com,"MI, USA","Manufacturer of acute care medical equipment, stretchers, and patient handling solutions.",0.85
6515--NX EQ Lift: Patient Transfer: Clip Based Standard - Amedment,SAM-3OMEE,https://sam.gov/search/?index=opp&keywords=36C10G26R0006,Requirements contract (12-month base period + 4 one-year options),Safe Working Load: 227 kg (500 lbs); Lifting Range: 225 mm - 1575 mm (8.75 in - 62 in); Unit Weight: 70 kg (154 lbs); External Width (Closed): 718 mm (28.25 in); External Width (Open): 1196 mm (47 in),Powder-coated Aluminum and Stainless Steel chassis with high-grade plastic covers,Direct Supply,hello@directsupplyinc.com,https://www.directsupply.com,"WI, USA","Large distributor of equipment for senior living, including patient lifts and mobility aids.",0.85
6515--NX EQ Lift: Patient Transfer: Clip Based Standard - Amedment,SAM-3OMEE,https://sam.gov/search/?index=opp&keywords=36C10G26R0006,Requirements contract (12-month base period + 4 one-year options),Safe Working Load: 227 kg (500 lbs); Lifting Range: 225 mm - 1575 mm (8.75 in - 62 in); Unit Weight: 70 kg (154 lbs); External Width (Closed): 718 mm (28.25 in); External Width (Open): 1196 mm (47 in),Powder-coated Aluminum and Stainless Steel chassis with high-grade plastic covers,Graham-Field,cs@grahamfield.com,https://www.grahamfield.com,"GA, USA",Manufacturer of Lumex patient lifts and healthcare products.,0.9
6515--NX EQ Lift: Patient Transfer: Clip Based Standard - Amedment,SAM-3OMEE,https://sam.gov/search/?index=opp&keywords=36C10G26R0006,Requirements contract (12-month base period + 4 one-year options),Safe Working Load: 227 kg (500 lbs); Lifting Range: 225 mm - 1575 mm (8.75 in - 62 in); Unit Weight: 70 kg (154 lbs); External Width (Closed): 718 mm (28.25 in); External Width (Open): 1196 mm (47 in),Powder-coated Aluminum and Stainless Steel chassis with high-grade plastic covers,Proactive Medical Products,sales@proactivemedical.com,https://www.proactivemedical.com,"NY, USA",Manufacturer of Protekt series patient lifts (500lb/600lb capacity) matching specs.,0.95
6515--NX EQ Lift: Patient Transfer: Clip Based Standard - Amedment,SAM-3OMEE,https://sam.gov/search/?index=opp&keywords=36C10G26R0006,Requirements contract (12-month base period + 4 one-year options),Safe Working Load: 227 kg (500 lbs); Lifting Range: 225 mm - 1575 mm (8.75 in - 62 in); Unit Weight: 70 kg (154 lbs); External Width (Closed): 718 mm (28.25 in); External Width (Open): 1196 mm (47 in),Powder-coated Aluminum and Stainless Steel chassis with high-grade plastic covers,Guldmann Inc,info@guldmann.net,https://www.guldmann.com,"FL, USA",Specialist in ceiling hoists and mobile lifters (GL5) for safe patient handling.,0.95
6515--NX EQ Lift: Patient Transfer: Clip Based Standard - Amedment,SAM-3OMEE,https://sam.gov/search/?index=opp&keywords=36C10G26R0006,Requirements contract (12-month base period + 4 one-year options),Safe Working Load: 227 kg (500 lbs); Lifting Range: 225 mm - 1575 mm (8.75 in - 62 in); Unit Weight: 70 kg (154 lbs); External Width (Closed): 718 mm (28.25 in); External Width (Open): 1196 mm (47 in),Powder-coated Aluminum and Stainless Steel chassis with high-grade plastic covers,HoverTech International,info@hovertechinternational.com,https://www.hovertechinternational.com,"PA, USA",Manufacturer of air-assisted patient transfer systems and lifts.,0.85
6515--NX EQ Lift: Patient Transfer: Clip Based Standard - Amedment,SAM-3OMEE,https://sam.gov/search/?index=opp&keywords=36C10G26R0006,Requirements contract (12-month base period + 4 one-year options),Safe Working Load: 227 kg (500 lbs); Lifting Range: 225 mm - 1575 mm (8.75 in - 62 in); Unit Weight: 70 kg (154 lbs); External Width (Closed): 718 mm (28.25 in); External Width (Open): 1196 mm (47 in),Powder-coated Aluminum and Stainless Steel chassis with high-grade plastic covers,Silvalea,customerservices@silvalea.com,https://www.silvalea.com,"Newton Abbot, UK",Manufacturer of patient transfer slings and hoist accessories (Division of Savaria).,0.9
6515--NX EQ Lift: Patient Transfer: Clip Based Standard - Amedment,SAM-3OMEE,https://sam.gov/search/?index=opp&keywords=36C10G26R0006,Requirements contract (12-month base period + 4 one-year options),Safe Working Load: 227 kg (500 lbs); Lifting Range: 225 mm - 1575 mm (8.75 in - 62 in); Unit Weight: 70 kg (154 lbs); External Width (Closed): 718 mm (28.25 in); External Width (Open): 1196 mm (47 in),Powder-coated Aluminum and Stainless Steel chassis with high-grade plastic covers,Human Care,info.us@humancaregroup.com,https://www.humancaregroup.com,"TX, USA","Manufacturer of overhead lifts, mobile lifts, and convertible chairs.",0.9
6515--NX EQ Lift: Patient Transfer: Clip Based Standard - Amedment,SAM-3OMEE,https://sam.gov/search/?index=opp&keywords=36C10G26R0006,Requirements contract (12-month base period + 4 one-year options),Safe Working Load: 227 kg (500 lbs); Lifting Range: 225 mm - 1575 mm (8.75 in - 62 in); Unit Weight: 70 kg (154 lbs); External Width (Closed): 718 mm (28.25 in); External Width (Open): 1196 mm (47 in),Powder-coated Aluminum and Stainless Steel chassis with high-grade plastic covers,Span-America,info@spanamerica.com,https://www.spanamerica.com,"SC, USA",Manufacturer of therapeutic support surfaces and patient positioners (Division of Savaria).,0.9
6515--NX EQ Lift: Patient Transfer: Clip Based Standard - Amedment,SAM-3OMEE,https://sam.gov/search/?index=opp&keywords=36C10G26R0006,Requirements contract (12-month base period + 4 one-year options),Safe Working Load: 227 kg (500 lbs); Lifting Range: 225 mm - 1575 mm (8.75 in - 62 in); Unit Weight: 70 kg (154 lbs); External Width (Closed): 718 mm (28.25 in); External Width (Open): 1196 mm (47 in),Powder-coated Aluminum and Stainless Steel chassis with high-grade plastic covers,AliMed,customerservice@alimed.com,https://www.alimed.com,"MA, USA",Distributor and manufacturer of a vast range of medical and ergonomic products.,0.85
6515--NX EQ Lift: Patient Transfer: Clip Based Standard - Amedment,SAM-3OMEE,https://sam.gov/search/?index=opp&keywords=36C10G26R0006,Requirements contract (12-month base period + 4 one-year options),Safe Working Load: 227 kg (500 lbs); Lifting Range: 225 mm - 1575 mm (8.75 in - 62 in); Unit Weight: 70 kg (154 lbs); External Width (Closed): 718 mm (28.25 in); External Width (Open): 1196 mm (47 in),Powder-coated Aluminum and Stainless Steel chassis with high-grade plastic covers,Novum Medical Products,info@novummed.com,https://www.novummed.com,"NY, USA",Manufacturer of medical equipment including pediatric cribs and steel medical products.,0.85
6515--NX EQ Lift: Patient Transfer: Clip Based Standard - Amedment,SAM-3OMEE,https://sam.gov/search/?index=opp&keywords=36C10G26R0006,Requirements contract (12-month base period + 4 one-year options),Safe Working Load: 227 kg (500 lbs); Lifting Range: 225 mm - 1575 mm (8.75 in - 62 in); Unit Weight: 70 kg (154 lbs); External Width (Closed): 718 mm (28.25 in); External Width (Open): 1196 mm (47 in),Powder-coated Aluminum and Stainless Steel chassis with high-grade plastic covers,McKesson Medical-Surgical,government.bids@mckesson.com,https://www.mckesson.com,"VA, USA","Largest distributor of pharmaceuticals and medical supplies, including patient lifts.",0.9
6515--NX EQ Lift: Patient Transfer: Clip Based Standard - Amedment,SAM-3OMEE,https://sam.gov/search/?index=opp&keywords=36C10G26R0006,Requirements contract (12-month base period + 4 one-year options),Safe Working Load: 227 kg (500 lbs); Lifting Range: 225 mm - 1575 mm (8.75 in - 62 in); Unit Weight: 70 kg (154 lbs); External Width (Closed): 718 mm (28.25 in); External Width (Open): 1196 mm (47 in),Powder-coated Aluminum and Stainless Steel chassis with high-grade plastic covers,NAUSICAA Médical,contact@nausicaa-medical.com,https://www.nausicaa-medical.com,France,"Manufacturer of patient lifts and transfer aids, exporting globally.",0.9
6515--NX EQ Lift: Patient Transfer: Clip Based Standard - Amedment,SAM-3OMEE,https://sam.gov/search/?index=opp&keywords=36C10G26R0006,Requirements contract (12-month base period + 4 one-year options),Safe Working Load: 227 kg (500 lbs); Lifting Range: 225 mm - 1575 mm (8.75 in - 62 in); Unit Weight: 70 kg (154 lbs); External Width (Closed): 718 mm (28.25 in); External Width (Open): 1196 mm (47 in),Powder-coated Aluminum and Stainless Steel chassis with high-grade plastic covers,Performance Health,customersupport@performancehealth.com,https://www.performancehealth.com,"IL, USA",Manufacturer and distributor of rehabilitation and wellness products.,0.85
6515--NX EQ Lift: Patient Transfer: Clip Based Standard - Amedment,SAM-3OMEE,https://sam.gov/search/?index=opp&keywords=36C10G26R0006,Requirements contract (12-month base period + 4 one-year options),Safe Working Load: 227 kg (500 lbs); Lifting Range: 225 mm - 1575 mm (8.75 in - 62 in); Unit Weight: 70 kg (154 lbs); External Width (Closed): 718 mm (28.25 in); External Width (Open): 1196 mm (47 in),Powder-coated Aluminum and Stainless Steel chassis with high-grade plastic covers,Bestcare LLC,info@bestcarellc.com,https://www.bestcarellc.com,"GA, USA",Manufacturer specialized in patient lifts (BestLift series) and transfer aids.,0.95
6515--NX EQ Lift: Patient Transfer: Clip Based Standard - Amedment,SAM-3OMEE,https://sam.gov/search/?index=opp&keywords=36C10G26R0006,Requirements contract (12-month base period + 4 one-year options),Safe Working Load: 227 kg (500 lbs); Lifting Range: 225 mm - 1575 mm (8.75 in - 62 in); Unit Weight: 70 kg (154 lbs); External Width (Closed): 718 mm (28.25 in); External Width (Open): 1196 mm (47 in),Powder-coated Aluminum and Stainless Steel chassis with high-grade plastic covers,Rhythm Healthcare,contactus@rhythmhc.com,https://www.rhythmhc.com,"FL, USA",Supplier of durable medical equipment including mobility and patient room products.,0.9
6515--NX EQ Lift: Patient Transfer: Clip Based Standard - Amedment,SAM-3OMEE,https://sam.gov/search/?index=opp&keywords=36C10G26R0006,Requirements contract (12-month base period + 4 one-year options),Safe Working Load: 227 kg (500 lbs); Lifting Range: 225 mm - 1575 mm (8.75 in - 62 in); Unit Weight: 70 kg (154 lbs); External Width (Closed): 718 mm (28.25 in); External Width (Open): 1196 mm (47 in),Powder-coated Aluminum and Stainless Steel chassis with high-grade plastic covers,Vive Health,service@vivehealth.com,https://www.vivehealth.com,"FL, USA",Direct-to-consumer and wholesale supplier of mobility and home health equipment.,0.85
6515--NX EQ Lift: Patient Transfer: Clip Based Standard - Amedment,SAM-3OMEE,https://sam.gov/search/?index=opp&keywords=36C10G26R0006,Requirements contract (12-month base period + 4 one-year options),Safe Working Load: 227 kg (500 lbs); Lifting Range: 225 mm - 1575 mm (8.75 in - 62 in); Unit Weight: 70 kg (154 lbs); External Width (Closed): 718 mm (28.25 in); External Width (Open): 1196 mm (47 in),Powder-coated Aluminum and Stainless Steel chassis with high-grade plastic covers,Med-Mizer,sales@med-mizer.com,https://www.med-mizer.com,"IN, USA",Manufacturer of hospital beds and safe patient handling solutions.,0.9
6515--NX EQ Lift: Patient Transfer: Clip Based Standard - Amedment,SAM-3OMEE,https://sam.gov/search/?index=opp&keywords=36C10G26R0006,Requirements contract (12-month base period + 4 one-year options),Safe Working Load: 227 kg (500 lbs); Lifting Range: 225 mm - 1575 mm (8.75 in - 62 in); Unit Weight: 70 kg (154 lbs); External Width (Closed): 718 mm (28.25 in); External Width (Open): 1196 mm (47 in),Powder-coated Aluminum and Stainless Steel chassis with high-grade plastic covers,TR Equipment,information@trequipment.com,https://www.trequipment.com,"NY, USA",Manufacturer of shower trolleys and patient bathing/transfer lifts.,0.9
6515--NX EQ Lift: Patient Transfer: Clip Based Standard - Amedment,SAM-3OMEE,https://sam.gov/search/?index=opp&keywords=36C10G26R0006,Requirements contract (12-month base period + 4 one-year options),Safe Working Load: 227 kg (500 lbs); Lifting Range: 225 mm - 1575 mm (8.75 in - 62 in); Unit Weight: 70 kg (154 lbs); External Width (Closed): 718 mm (28.25 in); External Width (Open): 1196 mm (47 in),Powder-coated Aluminum and Stainless Steel chassis with high-grade plastic covers,Horcher Lifting Systems,office@horcher.com,https://www.horcher.com,Germany,Manufacturer of patient lifts and bathing systems.,0.9
6515--NX EQ Lift: Patient Transfer: Clip Based Standard - Amedment,SAM-3OMEE,https://sam.gov/search/?index=opp&keywords=36C10G26R0006,Requirements contract (12-month base period + 4 one-year options),Safe Working Load: 227 kg (500 lbs); Lifting Range: 225 mm - 1575 mm (8.75 in - 62 in); Unit Weight: 70 kg (154 lbs); External Width (Closed): 718 mm (28.25 in); External Width (Open): 1196 mm (47 in),Powder-coated Aluminum and Stainless Steel chassis with high-grade plastic covers,Wy'East Medical,info@wyeastmed.com,https://www.wyeastmedical.com,"OR, USA",Manufacturer of TotalLift transfer chairs and patient handling equipment.,0.9
6515--NX EQ Lift: Patient Transfer: Clip Based Standard - Amedment,SAM-3OMEE,https://sam.gov/search/?index=opp&keywords=36C10G26R0006,Requirements contract (12-month base period + 4 one-year options),Safe Working Load: 227 kg (500 lbs); Lifting Range: 225 mm - 1575 mm (8.75 in - 62 in); Unit Weight: 70 kg (154 lbs); External Width (Closed): 718 mm (28.25 in); External Width (Open): 1196 mm (47 in),Powder-coated Aluminum and Stainless Steel chassis with high-grade plastic covers,Clarke Health Care Products,info@clarkehealthcare.com,https://www.clarkehealthcare.com,"PA, USA",Distributor of niche medical equipment including Aquatec and other mobility aids.,0.85
6515--NX EQ Lift: Patient Transfer: Clip Based Standard - Amedment,SAM-3OMEE,https://sam.gov/search/?index=opp&keywords=36C10G26R0006,Requirements contract (12-month base period + 4 one-year options),Safe Working Load: 227 kg (500 lbs); Lifting Range: 225 mm - 1575 mm (8.75 in - 62 in); Unit Weight: 70 kg (154 lbs); External Width (Closed): 718 mm (28.25 in); External Width (Open): 1196 mm (47 in),Powder-coated Aluminum and Stainless Steel chassis with high-grade plastic covers,Lopital,info@lopital.nl,https://www.lopital.com,Netherlands,Manufacturer of hygiene and patient transfer equipment.,0.9
6515--NX EQ Lift: Patient Transfer: Clip Based Standard - Amedment,SAM-3OMEE,https://sam.gov/search/?index=opp&keywords=36C10G26R0006,Requirements contract (12-month base period + 4 one-year options),Safe Working Load: 227 kg (500 lbs); Lifting Range: 225 mm - 1575 mm (8.75 in - 62 in); Unit Weight: 70 kg (154 lbs); External Width (Closed): 718 mm (28.25 in); External Width (Open): 1196 mm (47 in),Powder-coated Aluminum and Stainless Steel chassis with high-grade plastic covers,Amico Corporation,info@amico.com,https://www.amico.com,"ON, Canada",Manufacturer of a broad range of medical equipment including patient lifts and booms.,0.9
6515--NX EQ Lift: Patient Transfer: Clip Based Standard - Amedment,SAM-3OMEE,https://sam.gov/search/?index=opp&keywords=36C10G26R0006,Requirements contract (12-month base period + 4 one-year options),Safe Working Load: 227 kg (500 lbs); Lifting Range: 225 mm - 1575 mm (8.75 in - 62 in); Unit Weight: 70 kg (154 lbs); External Width (Closed): 718 mm (28.25 in); External Width (Open): 1196 mm (47 in),Powder-coated Aluminum and Stainless Steel chassis with high-grade plastic covers,"EZ Way, Inc.",ezway@ezlifts.com,https://www.ezlifts.com,"IA, USA",Manufacturer of safe patient handling equipment including lifts and stands.,0.95
6515--NX EQ Lift: Patient Transfer: Clip Based Standard - Amedment,SAM-3OMEE,https://sam.gov/search/?index=opp&keywords=36C10G26R0006,Requirements contract (12-month base period + 4 one-year options),Safe Working Load: 227 kg (500 lbs); Lifting Range: 225 mm - 1575 mm (8.75 in - 62 in); Unit Weight: 70 kg (154 lbs); External Width (Closed): 718 mm (28.25 in); External Width (Open): 1196 mm (47 in),Powder-coated Aluminum and Stainless Steel chassis with high-grade plastic covers,Tollos,customerservice@tollos.com,https://www.tollos.com,"MD, USA","Manufacturer of ceiling and floor lifts, focusing on injury reduction.",0.95
6515--NX EQ Lift: Patient Transfer: Clip Based Standard - Amedment,SAM-3OMEE,https://sam.gov/search/?index=opp&keywords=36C10G26R0006,Requirements contract (12-month base period + 4 one-year options),Safe Working Load: 227 kg (500 lbs); Lifting Range: 225 mm - 1575 mm (8.75 in - 62 in); Unit Weight: 70 kg (154 lbs); External Width (Closed): 718 mm (28.25 in); External Width (Open): 1196 mm (47 in),Powder-coated Aluminum and Stainless Steel chassis with high-grade plastic covers,Vancare,info@vancare.com,https://www.vancare.com,"NE, USA",Manufacturer of Safe Patient Handling equipment including mobile lifts and slings.,0.95
6515--NX EQ Lift: Patient Transfer: Clip Based Standard - Amedment,SAM-3OMEE,https://sam.gov/search/?index=opp&keywords=36C10G26R0006,Requirements contract (12-month base period + 4 one-year options),Safe Working Load: 227 kg (500 lbs); Lifting Range: 225 mm - 1575 mm (8.75 in - 62 in); Unit Weight: 70 kg (154 lbs); External Width (Closed): 718 mm (28.25 in); External Width (Open): 1196 mm (47 in),Powder-coated Aluminum and Stainless Steel chassis with high-grade plastic covers,Prism Health Care Services,orders@prismhc.com,https://www.prismhc.com,"IL, USA",Distributor and service provider for durable medical equipment and patient lifts.,0.9
6515--NX EQ Lift: Patient Transfer: Clip Based Standard - Amedment,SAM-3OMEE,https://sam.gov/search/?index=opp&keywords=36C10G26R0006,Requirements contract (12-month base period + 4 one-year options),Safe Working Load: 227 kg (500 lbs); Lifting Range: 225 mm - 1575 mm (8.75 in - 62 in); Unit Weight: 70 kg (154 lbs); External Width (Closed): 718 mm (28.25 in); External Width (Open): 1196 mm (47 in),Powder-coated Aluminum and Stainless Steel chassis with high-grade plastic covers,Savaria (Handicare),info@savaria.com,https://www.savaria.com,"QC, Canada","Manufacturer of accessibility lifts, patient handling (Handicare brand), and elevators.",0.95
6515--NX EQ Lift: Patient Transfer: Clip Based Standard - Amedment,SAM-3OMEE,https://sam.gov/search/?index=opp&keywords=36C10G26R0006,Requirements contract (12-month base period + 4 one-year options),Safe Working Load: 227 kg (500 lbs); Lifting Range: 225 mm - 1575 mm (8.75 in - 62 in); Unit Weight: 70 kg (154 lbs); External Width (Closed): 718 mm (28.25 in); External Width (Open): 1196 mm (47 in),Powder-coated Aluminum and Stainless Steel chassis with high-grade plastic covers,Etac,sales.us@etac.com,https://www.etac.com,"NC, USA",Manufacturer of Molift patient lifts and other mobility aids.,0.95
6515--NX EQ Lift: Patient Transfer: Clip Based Standard - Amedment,SAM-3OMEE,https://sam.gov/search/?index=opp&keywords=36C10G26R0006,Requirements contract (12-month base period + 4 one-year options),Safe Working Load: 227 kg (500 lbs); Lifting Range: 225 mm - 1575 mm (8.75 in - 62 in); Unit Weight: 70 kg (154 lbs); External Width (Closed): 718 mm (28.25 in); External Width (Open): 1196 mm (47 in),Powder-coated Aluminum and Stainless Steel chassis with high-grade plastic covers,Detecto,detecto@cardet.com,https://www.detecto.com,"MO, USA","Manufacturer of medical scales, often integrated with patient lifts.",0.85
6515--NX EQ Lift: Patient Transfer: Clip Based Standard - Amedment,SAM-3OMEE,https://sam.gov/search/?index=opp&keywords=36C10G26R0006,Requirements contract (12-month base period + 4 one-year options),Safe Working Load: 227 kg (500 lbs); Lifting Range: 225 mm - 1575 mm (8.75 in - 62 in); Unit Weight: 70 kg (154 lbs); External Width (Closed): 718 mm (28.25 in); External Width (Open): 1196 mm (47 in),Powder-coated Aluminum and Stainless Steel chassis with high-grade plastic covers,Bemis Manufacturing Health Care,corp@bemismfg.com,https://www.bemishealthcare.com,"WI, USA",Manufacturer of medical plastic products and waste management systems.,0.8
6515--NX EQ Lift: Patient Transfer: Clip Based Standard - Amedment,SAM-3OMEE,https://sam.gov/search/?index=opp&keywords=36C10G26R0006,Requirements contract (12-month base period + 4 one-year options),Safe Working Load: 227 kg (500 lbs); Lifting Range: 225 mm - 1575 mm (8.75 in - 62 in); Unit Weight: 70 kg (154 lbs); External Width (Closed): 718 mm (28.25 in); External Width (Open): 1196 mm (47 in),Powder-coated Aluminum and Stainless Steel chassis with high-grade plastic covers,Pedigo Products,support@pedigo-usa.com,https://www.pedigo-usa.com,"WA, USA","Manufacturer of stainless steel medical equipment, stretchers, and transport aids.",0.8
6515--NX EQ Lift: Patient Transfer: Clip Based Standard - Amedment,SAM-3OMEE,https://sam.gov/search/?index=opp&keywords=36C10G26R0006,Requirements contract (12-month base period + 4 one-year options),Safe Working Load: 227 kg (500 lbs); Lifting Range: 225 mm - 1575 mm (8.75 in - 62 in); Unit Weight: 70 kg (154 lbs); External Width (Closed): 718 mm (28.25 in); External Width (Open): 1196 mm (47 in),Powder-coated Aluminum and Stainless Steel chassis with high-grade plastic covers,Healthline Medical Products,pvcdmeds1@aol.com,https://www.healthlinemedical.com,"FL, USA",Manufacturer of PVC medical equipment including shower chairs and carts.,0.85
6515--NX EQ Lift: Patient Transfer: Clip Based Standard - Amedment,SAM-3OMEE,https://sam.gov/search/?index=opp&keywords=36C10G26R0006,Requirements contract (12-month base period + 4 one-year options),Safe Working Load: 227 kg (500 lbs); Lifting Range: 225 mm - 1575 mm (8.75 in - 62 in); Unit Weight: 70 kg (154 lbs); External Width (Closed): 718 mm (28.25 in); External Width (Open): 1196 mm (47 in),Powder-coated Aluminum and Stainless Steel chassis with high-grade plastic covers,Agiliti Health,info@agilitihealth.com,https://www.agilitihealth.com,"MN, USA","Provider of medical equipment management, rental, and clinical engineering services.",0.9
N0016425SC001 CSO,SAM-YD6C4,https://sam.gov/search/?index=opp&keywords=N0016425SC001,Solution Briefs (Prototype/Indefinite Quantity),"MAS MGO: Max weight 40 oz, Min exit pupil 5mm; SMOLDr: Max weight 6.5 lbs, Max dimensions 21 inches","Aluminum alloy (housing), Optical glass, Rare earth elements (Erbium for lasers), Electronics",Smart Shooter Inc.,scott@smart-shooter.com,https://www.smart-shooter.com,"Herndon, VA, USA","Fire Control Systems, SMASH optics, drone engagement, small arms fire control integration (MAS MGO context). @scott@smart-shooter.com is VP US Ops or info@smart-shooter.com for general inquiries including N00164 solicitation interest for SMOLDr/MGO systems integration with advanced tracking algorithms and ruggedized electronics manufacturing capability verification confidence: High (Direct match to 'Fire control system manufacturing' and 'MAS MGO' context). Use: scott@smart-shooter.com or info@smart-shooter.com (Verified US contact). Specialty: Advanced Fire Control Systems for Small Arms. Confidence: 0.98.",
N0016425SC001 CSO,SAM-YD6C4,https://sam.gov/search/?index=opp&keywords=N0016425SC001,Solution Briefs (Prototype/Indefinite Quantity),"MAS MGO: Max weight 40 oz, Min exit pupil 5mm; SMOLDr: Max weight 6.5 lbs, Max dimensions 21 inches","Aluminum alloy (housing), Optical glass, Rare earth elements (Erbium for lasers), Electronics",Wilcox Industries Corp.,contact@wilcoxind.com,https://www.wilcoxind.com,"Newington, NH, USA","Tactical electro-optics, fire control systems, laser aiming devices, and mounting systems. High relevance for SMOLDr and MAS MGO ruggedized requirements. Specialty: Defense Optoelectronics & Laser Systems. Confidence: 0.95.",
N0016425SC001 CSO,SAM-YD6C4,https://sam.gov/search/?index=opp&keywords=N0016425SC001,Solution Briefs (Prototype/Indefinite Quantity),"MAS MGO: Max weight 40 oz, Min exit pupil 5mm; SMOLDr: Max weight 6.5 lbs, Max dimensions 21 inches","Aluminum alloy (housing), Optical glass, Rare earth elements (Erbium for lasers), Electronics",Vortex Optics,govsales@vortexoptics.com,https://vortexoptics.com,"Barneveld, WI, USA","Manufacturer of ruggedized optics, riflescopes, and fire control systems (NGSW-FC participant). Excellent match for MAS MGO 3.4x optic and aluminum housing requirements. Specialty: Ruggedized Optical Sights. Confidence: 0.92.",
N0016425SC001 CSO,SAM-YD6C4,https://sam.gov/search/?index=opp&keywords=N0016425SC001,Solution Briefs (Prototype/Indefinite Quantity),"MAS MGO: Max weight 40 oz, Min exit pupil 5mm; SMOLDr: Max weight 6.5 lbs, Max dimensions 21 inches","Aluminum alloy (housing), Optical glass, Rare earth elements (Erbium for lasers), Electronics",Rochester Precision Optics (RPO),bd@rpoptics.com,https://rpoptics.com,"West Henrietta, NY, USA","Precision optical assembly, night vision optics, and electro-optical manufacturing. High capability in molding optical glass and ruggedizing for defense. Specialty: Precision Optical Assembly. Confidence: 0.96.",
N0016425SC001 CSO,SAM-YD6C4,https://sam.gov/search/?index=opp&keywords=N0016425SC001,Solution Briefs (Prototype/Indefinite Quantity),"MAS MGO: Max weight 40 oz, Min exit pupil 5mm; SMOLDr: Max weight 6.5 lbs, Max dimensions 21 inches","Aluminum alloy (housing), Optical glass, Rare earth elements (Erbium for lasers), Electronics","Optimax Systems, Inc.",sales@optimaxsi.com,https://www.optimaxsi.com,"Ontario, NY, USA","Manufacturer of precision optics, optical glass components, and lenses for defense and aerospace. Key supplier for 'Optical glass' requirement. Specialty: Precision Optical Components. Confidence: 0.90.",
N0016425SC001 CSO,SAM-YD6C4,https://sam.gov/search/?index=opp&keywords=N0016425SC001,Solution Briefs (Prototype/Indefinite Quantity),"MAS MGO: Max weight 40 oz, Min exit pupil 5mm; SMOLDr: Max weight 6.5 lbs, Max dimensions 21 inches","Aluminum alloy (housing), Optical glass, Rare earth elements (Erbium for lasers), Electronics",Clear Align,info@clearalign.com,https://www.clearalign.com,"Eagleville, PA, USA","Design and manufacture of EO/IR systems, surveillance, and ruggedized optical assemblies. High match for 'Electro-optical manufacturing'. Specialty: EO/IR Systems Integration. Confidence: 0.94.",
N0016425SC001 CSO,SAM-YD6C4,https://sam.gov/search/?index=opp&keywords=N0016425SC001,Solution Briefs (Prototype/Indefinite Quantity),"MAS MGO: Max weight 40 oz, Min exit pupil 5mm; SMOLDr: Max weight 6.5 lbs, Max dimensions 21 inches","Aluminum alloy (housing), Optical glass, Rare earth elements (Erbium for lasers), Electronics",Optex Systems,info@optexsys.com,http://www.optexsys.com,"Richardson, TX, USA","Manufacturing of optical sighting systems, periscopes, and assembly for military vehicles and small arms. Specialty: Defense Sighting Systems. Confidence: 0.93.",
N0016425SC001 CSO,SAM-YD6C4,https://sam.gov/search/?index=opp&keywords=N0016425SC001,Solution Briefs (Prototype/Indefinite Quantity),"MAS MGO: Max weight 40 oz, Min exit pupil 5mm; SMOLDr: Max weight 6.5 lbs, Max dimensions 21 inches","Aluminum alloy (housing), Optical glass, Rare earth elements (Erbium for lasers), Electronics",Photonis Defense,info@photonisdefense.com,https://www.photonisdefense.com,"Lancaster, PA, USA","Night vision, digital vision sensors, and ruggedized defense electronics. Specialty: Night Vision & Sensors. Confidence: 0.89.",
N0016425SC001 CSO,SAM-YD6C4,https://sam.gov/search/?index=opp&keywords=N0016425SC001,Solution Briefs (Prototype/Indefinite Quantity),"MAS MGO: Max weight 40 oz, Min exit pupil 5mm; SMOLDr: Max weight 6.5 lbs, Max dimensions 21 inches","Aluminum alloy (housing), Optical glass, Rare earth elements (Erbium for lasers), Electronics",American Rheinmetall Systems,danielle.callender@rheinmetall-us.com,https://www.rheinmetall-arv-us.com,"Biddeford, ME, USA","Provider of fire control systems, laser rangefinders, and soldier systems. High relevance for SMOLDr laser designator integration. Specialty: Laser Systems & Fire Control. Confidence: 0.95.",
N0016425SC001 CSO,SAM-YD6C4,https://sam.gov/search/?index=opp&keywords=N0016425SC001,Solution Briefs (Prototype/Indefinite Quantity),"MAS MGO: Max weight 40 oz, Min exit pupil 5mm; SMOLDr: Max weight 6.5 lbs, Max dimensions 21 inches","Aluminum alloy (housing), Optical glass, Rare earth elements (Erbium for lasers), Electronics",IBC Advanced Alloys,coppersales@ibcadvancedalloys.com,https://www.ibcadvancedalloys.com,"Franklin, IN, USA","Manufacturer of Beryllium-Aluminum alloys used in high-performance optical housings (e.g., F-35 EOTS). Critical for 'Aluminum alloy (housing)' requirement. Specialty: Advanced Alloy Housings. Confidence: 0.91.",
N0016425SC001 CSO,SAM-YD6C4,https://sam.gov/search/?index=opp&keywords=N0016425SC001,Solution Briefs (Prototype/Indefinite Quantity),"MAS MGO: Max weight 40 oz, Min exit pupil 5mm; SMOLDr: Max weight 6.5 lbs, Max dimensions 21 inches","Aluminum alloy (housing), Optical glass, Rare earth elements (Erbium for lasers), Electronics",B.E. Meyers & Co.,info@bemeyers.com,https://bemeyers.com,"Redmond, WA, USA","Manufacturer of advanced laser systems, pointers, and illuminators (VCSEL/Erbium). Direct match for SMOLDr laser designator context. Specialty: Defense Laser Systems. Confidence: 0.97.",
N0016425SC001 CSO,SAM-YD6C4,https://sam.gov/search/?index=opp&keywords=N0016425SC001,Solution Briefs (Prototype/Indefinite Quantity),"MAS MGO: Max weight 40 oz, Min exit pupil 5mm; SMOLDr: Max weight 6.5 lbs, Max dimensions 21 inches","Aluminum alloy (housing), Optical glass, Rare earth elements (Erbium for lasers), Electronics",Steiner eOptics,apickett@steiner-eoptics.com,https://www.steiner-defense.com,"Miamisburg, OH, USA","Manufacturer of laser aiming solutions, tactical lights, and battle-hardened optics for military use. Specialty: Laser Aiming & Tactical Optics. Confidence: 0.96.",
N0016425SC001 CSO,SAM-YD6C4,https://sam.gov/search/?index=opp&keywords=N0016425SC001,Solution Briefs (Prototype/Indefinite Quantity),"MAS MGO: Max weight 40 oz, Min exit pupil 5mm; SMOLDr: Max weight 6.5 lbs, Max dimensions 21 inches","Aluminum alloy (housing), Optical glass, Rare earth elements (Erbium for lasers), Electronics",Aimpoint Inc.,professional.sales@aimpoint.us,https://www.aimpoint.us,"Manassas, VA, USA","Originator of red dot sighting technology, ruggedized fire control optics. High relevance for MAS MGO. Specialty: Reflex Sights & Fire Control. Confidence: 0.94.",
N0016425SC001 CSO,SAM-YD6C4,https://sam.gov/search/?index=opp&keywords=N0016425SC001,Solution Briefs (Prototype/Indefinite Quantity),"MAS MGO: Max weight 40 oz, Min exit pupil 5mm; SMOLDr: Max weight 6.5 lbs, Max dimensions 21 inches","Aluminum alloy (housing), Optical glass, Rare earth elements (Erbium for lasers), Electronics","Trijicon, Inc.",sales@trijicon.com,https://www.trijicon.com,"Wixom, MI, USA","Manufacturer of ACOG, RMR, and machine gun optics (MGO) with rugged aluminum housings. Specialty: Machine Gun Optics. Confidence: 0.98.",
N0016425SC001 CSO,SAM-YD6C4,https://sam.gov/search/?index=opp&keywords=N0016425SC001,Solution Briefs (Prototype/Indefinite Quantity),"MAS MGO: Max weight 40 oz, Min exit pupil 5mm; SMOLDr: Max weight 6.5 lbs, Max dimensions 21 inches","Aluminum alloy (housing), Optical glass, Rare earth elements (Erbium for lasers), Electronics",EOTECH,Rudy.Benz@eotechgov.com,https://www.eotechinc.com,"Plymouth, MI, USA",Holographic weapon sights and laser systems. High confidence for ruggedized electronics and optics. Specialty: Holographic Sights. Confidence: 0.93.,
N0016425SC001 CSO,SAM-YD6C4,https://sam.gov/search/?index=opp&keywords=N0016425SC001,Solution Briefs (Prototype/Indefinite Quantity),"MAS MGO: Max weight 40 oz, Min exit pupil 5mm; SMOLDr: Max weight 6.5 lbs, Max dimensions 21 inches","Aluminum alloy (housing), Optical glass, Rare earth elements (Erbium for lasers), Electronics","Leupold & Stevens, Inc.",govsales@leupold.com,https://www.leupold.com,"Beaverton, OR, USA","Manufacturer of high-performance tactical optics, spotting scopes, and mounts. Specialty: Tactical Optics Manufacturing. Confidence: 0.92.",
N0016425SC001 CSO,SAM-YD6C4,https://sam.gov/search/?index=opp&keywords=N0016425SC001,Solution Briefs (Prototype/Indefinite Quantity),"MAS MGO: Max weight 40 oz, Min exit pupil 5mm; SMOLDr: Max weight 6.5 lbs, Max dimensions 21 inches","Aluminum alloy (housing), Optical glass, Rare earth elements (Erbium for lasers), Electronics",Elbit Systems of America,douglas.schoen@elbitsystems-us.com,https://www.elbitamerica.com,"Fort Worth, TX, USA","Major defense contractor for EO/IR systems, laser rangefinders, and fire control. Specialty: EO/IR & Fire Control Systems. Confidence: 0.97.",
N0016425SC001 CSO,SAM-YD6C4,https://sam.gov/search/?index=opp&keywords=N0016425SC001,Solution Briefs (Prototype/Indefinite Quantity),"MAS MGO: Max weight 40 oz, Min exit pupil 5mm; SMOLDr: Max weight 6.5 lbs, Max dimensions 21 inches","Aluminum alloy (housing), Optical glass, Rare earth elements (Erbium for lasers), Electronics",Teledyne FLIR,defense@flir.com,https://www.flir.com,"Wilsonville, OR, USA","Leader in thermal imaging, EO/IR sensors, and laser designation systems. Specialty: Thermal & EO/IR Systems. Confidence: 0.96.",
N0016425SC001 CSO,SAM-YD6C4,https://sam.gov/search/?index=opp&keywords=N0016425SC001,Solution Briefs (Prototype/Indefinite Quantity),"MAS MGO: Max weight 40 oz, Min exit pupil 5mm; SMOLDr: Max weight 6.5 lbs, Max dimensions 21 inches","Aluminum alloy (housing), Optical glass, Rare earth elements (Erbium for lasers), Electronics",L3Harris Technologies,info@l3harris.com,https://www.l3harris.com,"Melbourne, FL, USA","Global leader in defense technologies, including laser rangefinders and electro-optical systems. Specialty: Major Defense Systems Integrator. Confidence: 0.99.",
N0016425SC001 CSO,SAM-YD6C4,https://sam.gov/search/?index=opp&keywords=N0016425SC001,Solution Briefs (Prototype/Indefinite Quantity),"MAS MGO: Max weight 40 oz, Min exit pupil 5mm; SMOLDr: Max weight 6.5 lbs, Max dimensions 21 inches","Aluminum alloy (housing), Optical glass, Rare earth elements (Erbium for lasers), Electronics",Raytheon (RTX),corporatepr@rtx.com,https://www.rtx.com,"Arlington, VA, USA","Major producer of EO/IR systems, ELCAN sights, and laser technologies. Specialty: Major Defense Systems Integrator. Confidence: 0.99.",
N0016425SC001 CSO,SAM-YD6C4,https://sam.gov/search/?index=opp&keywords=N0016425SC001,Solution Briefs (Prototype/Indefinite Quantity),"MAS MGO: Max weight 40 oz, Min exit pupil 5mm; SMOLDr: Max weight 6.5 lbs, Max dimensions 21 inches","Aluminum alloy (housing), Optical glass, Rare earth elements (Erbium for lasers), Electronics",BAE Systems,inc.communications@baesystems.com,https://www.baesystems.com,"Falls Church, VA, USA",Advanced precision guidance and optical systems for defense. Specialty: Defense Electronics & Systems. Confidence: 0.95.,
N0016425SC001 CSO,SAM-YD6C4,https://sam.gov/search/?index=opp&keywords=N0016425SC001,Solution Briefs (Prototype/Indefinite Quantity),"MAS MGO: Max weight 40 oz, Min exit pupil 5mm; SMOLDr: Max weight 6.5 lbs, Max dimensions 21 inches","Aluminum alloy (housing), Optical glass, Rare earth elements (Erbium for lasers), Electronics",Leonardo DRS,corpcomm@drs.com,https://www.leonardodrs.com,"Arlington, VA, USA",Provider of electro-optical/infrared systems and ruggedized defense electronics. Specialty: EO/IR Defense Technology. Confidence: 0.94.,
N0016425SC001 CSO,SAM-YD6C4,https://sam.gov/search/?index=opp&keywords=N0016425SC001,Solution Briefs (Prototype/Indefinite Quantity),"MAS MGO: Max weight 40 oz, Min exit pupil 5mm; SMOLDr: Max weight 6.5 lbs, Max dimensions 21 inches","Aluminum alloy (housing), Optical glass, Rare earth elements (Erbium for lasers), Electronics","Analog Modules, Inc.",sales@analogmodules.com,https://analogmodules.com,"Longwood, FL, USA",Manufacturer of laser rangefinder receivers and power systems. Critical supplier for SMOLDr electronics. Specialty: Laser Electronics. Confidence: 0.92.,
N0016425SC001 CSO,SAM-YD6C4,https://sam.gov/search/?index=opp&keywords=N0016425SC001,Solution Briefs (Prototype/Indefinite Quantity),"MAS MGO: Max weight 40 oz, Min exit pupil 5mm; SMOLDr: Max weight 6.5 lbs, Max dimensions 21 inches","Aluminum alloy (housing), Optical glass, Rare earth elements (Erbium for lasers), Electronics",Edmund Optics,sales@edmundoptics.com,https://www.edmundoptics.com,"Barrington, NJ, USA","Supplier of precision optical components, assemblies, and glass. Specialty: Optical Components & Assembly. Confidence: 0.88.",
N0016425SC001 CSO,SAM-YD6C4,https://sam.gov/search/?index=opp&keywords=N0016425SC001,Solution Briefs (Prototype/Indefinite Quantity),"MAS MGO: Max weight 40 oz, Min exit pupil 5mm; SMOLDr: Max weight 6.5 lbs, Max dimensions 21 inches","Aluminum alloy (housing), Optical glass, Rare earth elements (Erbium for lasers), Electronics",Thorlabs,sales@thorlabs.com,https://www.thorlabs.com,"Newton, NJ, USA","Manufacturer of photonics equipment, optical glass, and laser components. Specialty: Photonics & Optical Components. Confidence: 0.87.",
N0016425SC001 CSO,SAM-YD6C4,https://sam.gov/search/?index=opp&keywords=N0016425SC001,Solution Briefs (Prototype/Indefinite Quantity),"MAS MGO: Max weight 40 oz, Min exit pupil 5mm; SMOLDr: Max weight 6.5 lbs, Max dimensions 21 inches","Aluminum alloy (housing), Optical glass, Rare earth elements (Erbium for lasers), Electronics",Zygo Corporation,zygo@zygo-usa.com,https://www.zygo.com,"Middlefield, CT, USA",High-precision optical metrology and optical assembly services. Specialty: Precision Optics & Metrology. Confidence: 0.86.,
N0016425SC001 CSO,SAM-YD6C4,https://sam.gov/search/?index=opp&keywords=N0016425SC001,Solution Briefs (Prototype/Indefinite Quantity),"MAS MGO: Max weight 40 oz, Min exit pupil 5mm; SMOLDr: Max weight 6.5 lbs, Max dimensions 21 inches","Aluminum alloy (housing), Optical glass, Rare earth elements (Erbium for lasers), Electronics",Jenoptik,sales@jenoptik.com,https://www.jenoptik.us,"Jupiter, FL, USA","Manufacturer of laser rangefinders, laser diodes, and optical systems. Specialty: Laser Rangefinding & Optics. Confidence: 0.93.",
N0016425SC001 CSO,SAM-YD6C4,https://sam.gov/search/?index=opp&keywords=N0016425SC001,Solution Briefs (Prototype/Indefinite Quantity),"MAS MGO: Max weight 40 oz, Min exit pupil 5mm; SMOLDr: Max weight 6.5 lbs, Max dimensions 21 inches","Aluminum alloy (housing), Optical glass, Rare earth elements (Erbium for lasers), Electronics",Excelitas Technologies,defense@excelitas.com,https://www.excelitas.com,"Waltham, MA, USA","Provider of photonic solutions, energetic sensors, and defense optronics (Qioptiq). Specialty: Defense Optronics. Confidence: 0.91.",
N0016425SC001 CSO,SAM-YD6C4,https://sam.gov/search/?index=opp&keywords=N0016425SC001,Solution Briefs (Prototype/Indefinite Quantity),"MAS MGO: Max weight 40 oz, Min exit pupil 5mm; SMOLDr: Max weight 6.5 lbs, Max dimensions 21 inches","Aluminum alloy (housing), Optical glass, Rare earth elements (Erbium for lasers), Electronics",Schott North America,info.optics@schott.com,https://www.schott.com,"Rye Brook, NY, USA",Manufacturer of high-quality optical glass and glass-ceramic materials. Specialty: Optical Glass. Confidence: 0.90.,
N0016425SC001 CSO,SAM-YD6C4,https://sam.gov/search/?index=opp&keywords=N0016425SC001,Solution Briefs (Prototype/Indefinite Quantity),"MAS MGO: Max weight 40 oz, Min exit pupil 5mm; SMOLDr: Max weight 6.5 lbs, Max dimensions 21 inches","Aluminum alloy (housing), Optical glass, Rare earth elements (Erbium for lasers), Electronics",Corning Incorporated,specialtymaterials@corning.com,https://www.corning.com,"Corning, NY, USA",Advanced optical glass and ceramic materials for defense applications. Specialty: Advanced Materials & Glass. Confidence: 0.90.,
N0016425SC001 CSO,SAM-YD6C4,https://sam.gov/search/?index=opp&keywords=N0016425SC001,Solution Briefs (Prototype/Indefinite Quantity),"MAS MGO: Max weight 40 oz, Min exit pupil 5mm; SMOLDr: Max weight 6.5 lbs, Max dimensions 21 inches","Aluminum alloy (housing), Optical glass, Rare earth elements (Erbium for lasers), Electronics",GSCI Advanced Photonics,gsci@gsci.net,https://gsci.net,"King City, ON, Canada",Manufacturer of laser rangefinders and night vision systems (ITAR-free options). Specialty: Laser Rangefinders. Confidence: 0.88.,
N0016425SC001 CSO,SAM-YD6C4,https://sam.gov/search/?index=opp&keywords=N0016425SC001,Solution Briefs (Prototype/Indefinite Quantity),"MAS MGO: Max weight 40 oz, Min exit pupil 5mm; SMOLDr: Max weight 6.5 lbs, Max dimensions 21 inches","Aluminum alloy (housing), Optical glass, Rare earth elements (Erbium for lasers), Electronics",Lumispot Tech,sales@lumispot-tech.com,https://www.lumispot-tech.com,"Suzhou, China (Wholesaler/Supplier)",Manufacturer of laser rangefinder modules (Erbium glass 1535nm). Specialty: Laser Rangefinder Modules. Confidence: 0.85.,
N0016425SC001 CSO,SAM-YD6C4,https://sam.gov/search/?index=opp&keywords=N0016425SC001,Solution Briefs (Prototype/Indefinite Quantity),"MAS MGO: Max weight 40 oz, Min exit pupil 5mm; SMOLDr: Max weight 6.5 lbs, Max dimensions 21 inches","Aluminum alloy (housing), Optical glass, Rare earth elements (Erbium for lasers), Electronics",JIOPTICS (Jiangsu Jioptics),sales@jioptics.com,https://www.jioptics.com,"Nanjing, China (Wholesaler/Supplier)",OEM manufacturer of laser rangefinder modules and optical components. Specialty: OEM Optical Modules. Confidence: 0.82.,
N0016425SC001 CSO,SAM-YD6C4,https://sam.gov/search/?index=opp&keywords=N0016425SC001,Solution Briefs (Prototype/Indefinite Quantity),"MAS MGO: Max weight 40 oz, Min exit pupil 5mm; SMOLDr: Max weight 6.5 lbs, Max dimensions 21 inches","Aluminum alloy (housing), Optical glass, Rare earth elements (Erbium for lasers), Electronics",Elimold,sales@elimold.com,https://elimold.com,"Shenzhen, China (Wholesaler/Supplier)",Specializes in optics die casting and aluminum alloy housings. Specialty: Optics Die Casting. Confidence: 0.84.,
N0016425SC001 CSO,SAM-YD6C4,https://sam.gov/search/?index=opp&keywords=N0016425SC001,Solution Briefs (Prototype/Indefinite Quantity),"MAS MGO: Max weight 40 oz, Min exit pupil 5mm; SMOLDr: Max weight 6.5 lbs, Max dimensions 21 inches","Aluminum alloy (housing), Optical glass, Rare earth elements (Erbium for lasers), Electronics",Mountain Secure Systems,info@mountainsecuresystems.com,https://www.mountainsecuresystems.com,"Longmont, CO, USA",Ruggedized electronics and sealed hard drives for defense applications. Specialty: Ruggedized Electronics. Confidence: 0.89.,
N0016425SC001 CSO,SAM-YD6C4,https://sam.gov/search/?index=opp&keywords=N0016425SC001,Solution Briefs (Prototype/Indefinite Quantity),"MAS MGO: Max weight 40 oz, Min exit pupil 5mm; SMOLDr: Max weight 6.5 lbs, Max dimensions 21 inches","Aluminum alloy (housing), Optical glass, Rare earth elements (Erbium for lasers), Electronics",TT Electronics,info@ttelectronics.com,https://www.ttelectronics.com,"Woking, UK / Plano, TX, USA",Manufacturer of optoelectronics and ruggedized power solutions for defense. Specialty: Defense Optoelectronics. Confidence: 0.88.,
N0016425SC001 CSO,SAM-YD6C4,https://sam.gov/search/?index=opp&keywords=N0016425SC001,Solution Briefs (Prototype/Indefinite Quantity),"MAS MGO: Max weight 40 oz, Min exit pupil 5mm; SMOLDr: Max weight 6.5 lbs, Max dimensions 21 inches","Aluminum alloy (housing), Optical glass, Rare earth elements (Erbium for lasers), Electronics",Distron,sales@distron.com,https://www.distron.com,"North Attleboro, MA, USA",Manufacturing of ruggedized electronic assemblies and circuit boards. Specialty: Ruggedized Electronics Assembly. Confidence: 0.87.,
N0016425SC001 CSO,SAM-YD6C4,https://sam.gov/search/?index=opp&keywords=N0016425SC001,Solution Briefs (Prototype/Indefinite Quantity),"MAS MGO: Max weight 40 oz, Min exit pupil 5mm; SMOLDr: Max weight 6.5 lbs, Max dimensions 21 inches","Aluminum alloy (housing), Optical glass, Rare earth elements (Erbium for lasers), Electronics",Able Technical Solutions,info@abletechnicalsolutions.com,https://www.abletechnicalsolutions.com,"Ottawa, ON, Canada",Distributor and rep for ruggedized electronics and optical components. Specialty: Ruggedized Component Distribution. Confidence: 0.80.,
N0016425SC001 CSO,SAM-YD6C4,https://sam.gov/search/?index=opp&keywords=N0016425SC001,Solution Briefs (Prototype/Indefinite Quantity),"MAS MGO: Max weight 40 oz, Min exit pupil 5mm; SMOLDr: Max weight 6.5 lbs, Max dimensions 21 inches","Aluminum alloy (housing), Optical glass, Rare earth elements (Erbium for lasers), Electronics",Navitar,info@navitar.com,https://navitar.com,"Rochester, NY, USA",Design and manufacture of high-precision optical lenses and assemblies. Specialty: Optical Lenses. Confidence: 0.86.,
N0016425SC001 CSO,SAM-YD6C4,https://sam.gov/search/?index=opp&keywords=N0016425SC001,Solution Briefs (Prototype/Indefinite Quantity),"MAS MGO: Max weight 40 oz, Min exit pupil 5mm; SMOLDr: Max weight 6.5 lbs, Max dimensions 21 inches","Aluminum alloy (housing), Optical glass, Rare earth elements (Erbium for lasers), Electronics",Newport (MKS Instruments),sales@newport.com,https://www.newport.com,"Irvine, CA, USA","Precision optical assembly, motion control, and photonics solutions. Specialty: Precision Optical Assembly. Confidence: 0.88.",
44--Thrust Bearing Oil Cooler,SAM-LYUQ8,https://sam.gov/search/?page=1&pageSize=25&sort=-modifiedDate&sfm%5BsimpleSearch%5D%5Bkeyword%5D=140R2026Q0005,10 units,Custom drop-in replacement (must match original dimensions); 3/4 inch NPS Flat Face Slip-On Class 150 Flanges; 8 fins per inch spacing; 0.049 inch fin thickness; Max working pressure >= 100 psi,Tubes: C70600 (90/10 Copper-Nickel); Fins: Extruded Aluminum; Flanges: 90/10 Copper-Nickel,Unifin (Wabtec Corporation),unifin.sales@wabtec.com,https://www.wabteccorp.com/unifin,"London, Ontario, Canada","Manufacturer of Hydro Generator Coolers, Thrust Bearing Oil Coolers with extruded aluminum finned tubes and 90/10 CuNi capability. Offers drop-in replacements.",0.98
44--Thrust Bearing Oil Cooler,SAM-LYUQ8,https://sam.gov/search/?page=1&pageSize=25&sort=-modifiedDate&sfm%5BsimpleSearch%5D%5Bkeyword%5D=140R2026Q0005,10 units,Custom drop-in replacement (must match original dimensions); 3/4 inch NPS Flat Face Slip-On Class 150 Flanges; 8 fins per inch spacing; 0.049 inch fin thickness; Max working pressure >= 100 psi,Tubes: C70600 (90/10 Copper-Nickel); Fins: Extruded Aluminum; Flanges: 90/10 Copper-Nickel,Thermofin,info@thermofin.net,https://www.thermofin.net,"Candiac, Quebec, Canada",Specializes in 'Hydrocool' Guide and Thrust Bearing Oil Coolers using 90/10 CuNi and extruded aluminum fins (Powerfin).,0.98
44--Thrust Bearing Oil Cooler,SAM-LYUQ8,https://sam.gov/search/?page=1&pageSize=25&sort=-modifiedDate&sfm%5BsimpleSearch%5D%5Bkeyword%5D=140R2026Q0005,10 units,Custom drop-in replacement (must match original dimensions); 3/4 inch NPS Flat Face Slip-On Class 150 Flanges; 8 fins per inch spacing; 0.049 inch fin thickness; Max working pressure >= 100 psi,Tubes: C70600 (90/10 Copper-Nickel); Fins: Extruded Aluminum; Flanges: 90/10 Copper-Nickel,Enerfin Inc.,sales@enerfin-inc.com,https://www.enerfin-inc.com,"St-Hubert, Quebec, Canada",Manufacturer of extruded aluminum finned tubes with 90/10 copper-nickel liners for hydro generator and bearing coolers.,0.98
44--Thrust Bearing Oil Cooler,SAM-LYUQ8,https://sam.gov/search/?page=1&pageSize=25&sort=-modifiedDate&sfm%5BsimpleSearch%5D%5Bkeyword%5D=140R2026Q0005,10 units,Custom drop-in replacement (must match original dimensions); 3/4 inch NPS Flat Face Slip-On Class 150 Flanges; 8 fins per inch spacing; 0.049 inch fin thickness; Max working pressure >= 100 psi,Tubes: C70600 (90/10 Copper-Nickel); Fins: Extruded Aluminum; Flanges: 90/10 Copper-Nickel,"Tex-Fin, Inc.",sales@tex-fin.com,https://www.tex-fin.com,"Houston, Texas, USA",Custom manufacturer of extruded aluminum finned tubes and heat exchangers for industrial applications.,0.95
44--Thrust Bearing Oil Cooler,SAM-LYUQ8,https://sam.gov/search/?page=1&pageSize=25&sort=-modifiedDate&sfm%5BsimpleSearch%5D%5Bkeyword%5D=140R2026Q0005,10 units,Custom drop-in replacement (must match original dimensions); 3/4 inch NPS Flat Face Slip-On Class 150 Flanges; 8 fins per inch spacing; 0.049 inch fin thickness; Max working pressure >= 100 psi,Tubes: C70600 (90/10 Copper-Nickel); Fins: Extruded Aluminum; Flanges: 90/10 Copper-Nickel,Spiro-Gills Thermal Products Ltd,sales@spiro-gills.com,https://www.spiro-gills.com,"Stafford, UK",Manufactures extruded finned tube heat exchangers with 90/10 CuNi tubing options for oil refinery and power generation.,0.9
44--Thrust Bearing Oil Cooler,SAM-LYUQ8,https://sam.gov/search/?page=1&pageSize=25&sort=-modifiedDate&sfm%5BsimpleSearch%5D%5Bkeyword%5D=140R2026Q0005,10 units,Custom drop-in replacement (must match original dimensions); 3/4 inch NPS Flat Face Slip-On Class 150 Flanges; 8 fins per inch spacing; 0.049 inch fin thickness; Max working pressure >= 100 psi,Tubes: C70600 (90/10 Copper-Nickel); Fins: Extruded Aluminum; Flanges: 90/10 Copper-Nickel,Kelvion Inc.,contact@kelvion.com,https://www.kelvion.com,"Tulsa, Oklahoma, USA",Global manufacturer of heat exchangers including custom finned tube replacement bundles with extruded fins.,0.9
44--Thrust Bearing Oil Cooler,SAM-LYUQ8,https://sam.gov/search/?page=1&pageSize=25&sort=-modifiedDate&sfm%5BsimpleSearch%5D%5Bkeyword%5D=140R2026Q0005,10 units,Custom drop-in replacement (must match original dimensions); 3/4 inch NPS Flat Face Slip-On Class 150 Flanges; 8 fins per inch spacing; 0.049 inch fin thickness; Max working pressure >= 100 psi,Tubes: C70600 (90/10 Copper-Nickel); Fins: Extruded Aluminum; Flanges: 90/10 Copper-Nickel,Super Radiator Coils,sales@superradiatorcoils.com,https://www.superradiatorcoils.com,"Chaska, Minnesota, USA",Custom engineered fin-and-tube heat exchangers with copper-nickel tube capabilities for industrial cooling.,0.9
44--Thrust Bearing Oil Cooler,SAM-LYUQ8,https://sam.gov/search/?page=1&pageSize=25&sort=-modifiedDate&sfm%5BsimpleSearch%5D%5Bkeyword%5D=140R2026Q0005,10 units,Custom drop-in replacement (must match original dimensions); 3/4 inch NPS Flat Face Slip-On Class 150 Flanges; 8 fins per inch spacing; 0.049 inch fin thickness; Max working pressure >= 100 psi,Tubes: C70600 (90/10 Copper-Nickel); Fins: Extruded Aluminum; Flanges: 90/10 Copper-Nickel,VRCooler Technologies,info@vrcooler.com,https://www.vrcoolertech.com,"Changzhou, China",Specializes in Air Coolers for Hydroelectric Generators and Thrust Bearing Oil Coolers with 90/10 CuNi options.,0.9
44--Thrust Bearing Oil Cooler,SAM-LYUQ8,https://sam.gov/search/?page=1&pageSize=25&sort=-modifiedDate&sfm%5BsimpleSearch%5D%5Bkeyword%5D=140R2026Q0005,10 units,Custom drop-in replacement (must match original dimensions); 3/4 inch NPS Flat Face Slip-On Class 150 Flanges; 8 fins per inch spacing; 0.049 inch fin thickness; Max working pressure >= 100 psi,Tubes: C70600 (90/10 Copper-Nickel); Fins: Extruded Aluminum; Flanges: 90/10 Copper-Nickel,Standard Xchange (Xylem),sales@standard-xchange.com,https://www.xylem.com/en-us/brands/standard-xchange,"Cheektowaga, New York, USA",Major manufacturer of shell and tube heat exchangers with extensive custom material options including C70600.,0.88
44--Thrust Bearing Oil Cooler,SAM-LYUQ8,https://sam.gov/search/?page=1&pageSize=25&sort=-modifiedDate&sfm%5BsimpleSearch%5D%5Bkeyword%5D=140R2026Q0005,10 units,Custom drop-in replacement (must match original dimensions); 3/4 inch NPS Flat Face Slip-On Class 150 Flanges; 8 fins per inch spacing; 0.049 inch fin thickness; Max working pressure >= 100 psi,Tubes: C70600 (90/10 Copper-Nickel); Fins: Extruded Aluminum; Flanges: 90/10 Copper-Nickel,Industrial Radiator Service,sales@industrialradiator.com,https://industrialradiator.com,"Phoenix, Arizona, USA","Custom industrial radiator manufacturing and repair, explicitly mentions 90/10 CuNi and thrust bearing oil cooling.",0.88
44--Thrust Bearing Oil Cooler,SAM-LYUQ8,https://sam.gov/search/?page=1&pageSize=25&sort=-modifiedDate&sfm%5BsimpleSearch%5D%5Bkeyword%5D=140R2026Q0005,10 units,Custom drop-in replacement (must match original dimensions); 3/4 inch NPS Flat Face Slip-On Class 150 Flanges; 8 fins per inch spacing; 0.049 inch fin thickness; Max working pressure >= 100 psi,Tubes: C70600 (90/10 Copper-Nickel); Fins: Extruded Aluminum; Flanges: 90/10 Copper-Nickel,Hayden Industrial Products,sales@haydenindustrial.com,https://www.haydenindustrial.com,"San Bernardino, California, USA",Manufacturer of standard and custom finned tube heat exchangers and oil coolers for power generation.,0.85
44--Thrust Bearing Oil Cooler,SAM-LYUQ8,https://sam.gov/search/?page=1&pageSize=25&sort=-modifiedDate&sfm%5BsimpleSearch%5D%5Bkeyword%5D=140R2026Q0005,10 units,Custom drop-in replacement (must match original dimensions); 3/4 inch NPS Flat Face Slip-On Class 150 Flanges; 8 fins per inch spacing; 0.049 inch fin thickness; Max working pressure >= 100 psi,Tubes: C70600 (90/10 Copper-Nickel); Fins: Extruded Aluminum; Flanges: 90/10 Copper-Nickel,Cain Industries,sales@cainind.com,https://www.cainind.com,"Brantford, Ontario, Canada","Manufactures heat recovery systems and finned tubing, offers CuNi tube to copper fin combinations.",0.85
44--Thrust Bearing Oil Cooler,SAM-LYUQ8,https://sam.gov/search/?page=1&pageSize=25&sort=-modifiedDate&sfm%5BsimpleSearch%5D%5Bkeyword%5D=140R2026Q0005,10 units,Custom drop-in replacement (must match original dimensions); 3/4 inch NPS Flat Face Slip-On Class 150 Flanges; 8 fins per inch spacing; 0.049 inch fin thickness; Max working pressure >= 100 psi,Tubes: C70600 (90/10 Copper-Nickel); Fins: Extruded Aluminum; Flanges: 90/10 Copper-Nickel,Delta T Heat Exchangers,info@deltathx.com,https://www.deltathx.com,"Hensall, Ontario, Canada","Supplier of motor and generator coolers, thrust bearing oil coolers, and replacement heat exchangers.",0.9
44--Thrust Bearing Oil Cooler,SAM-LYUQ8,https://sam.gov/search/?page=1&pageSize=25&sort=-modifiedDate&sfm%5BsimpleSearch%5D%5Bkeyword%5D=140R2026Q0005,10 units,Custom drop-in replacement (must match original dimensions); 3/4 inch NPS Flat Face Slip-On Class 150 Flanges; 8 fins per inch spacing; 0.049 inch fin thickness; Max working pressure >= 100 psi,Tubes: C70600 (90/10 Copper-Nickel); Fins: Extruded Aluminum; Flanges: 90/10 Copper-Nickel,Condenser & Chiller Services (CCS),sales@ccs-tubes.com,https://www.ccs-tubes.com,"Chino, California, USA",Specializes in heat exchanger retubing using 90/10 CuNi tubes and custom finned tube fabrication.,0.85
44--Thrust Bearing Oil Cooler,SAM-LYUQ8,https://sam.gov/search/?page=1&pageSize=25&sort=-modifiedDate&sfm%5BsimpleSearch%5D%5Bkeyword%5D=140R2026Q0005,10 units,Custom drop-in replacement (must match original dimensions); 3/4 inch NPS Flat Face Slip-On Class 150 Flanges; 8 fins per inch spacing; 0.049 inch fin thickness; Max working pressure >= 100 psi,Tubes: C70600 (90/10 Copper-Nickel); Fins: Extruded Aluminum; Flanges: 90/10 Copper-Nickel,"Projectile Tube Cleaning, Inc.",info@projectiletube.com,https://www.projectiletube.com,"Ford City, Pennsylvania, USA",Provides heat exchanger retubing services with 90/10 CuNi for power generation and industrial clients.,0.85
44--Thrust Bearing Oil Cooler,SAM-LYUQ8,https://sam.gov/search/?page=1&pageSize=25&sort=-modifiedDate&sfm%5BsimpleSearch%5D%5Bkeyword%5D=140R2026Q0005,10 units,Custom drop-in replacement (must match original dimensions); 3/4 inch NPS Flat Face Slip-On Class 150 Flanges; 8 fins per inch spacing; 0.049 inch fin thickness; Max working pressure >= 100 psi,Tubes: C70600 (90/10 Copper-Nickel); Fins: Extruded Aluminum; Flanges: 90/10 Copper-Nickel,"Flotech, Inc.",sales@flotechinc.com,https://www.flotechinc.com,"Jacksonville, Florida, USA",Offers repair and retubing of shell and tube heat exchangers using 90/10 Copper-Nickel tubing.,0.85
44--Thrust Bearing Oil Cooler,SAM-LYUQ8,https://sam.gov/search/?page=1&pageSize=25&sort=-modifiedDate&sfm%5BsimpleSearch%5D%5Bkeyword%5D=140R2026Q0005,10 units,Custom drop-in replacement (must match original dimensions); 3/4 inch NPS Flat Face Slip-On Class 150 Flanges; 8 fins per inch spacing; 0.049 inch fin thickness; Max working pressure >= 100 psi,Tubes: C70600 (90/10 Copper-Nickel); Fins: Extruded Aluminum; Flanges: 90/10 Copper-Nickel,AKS Heat Transfer,info@aksheattransfer.com,https://www.aksheattransfer.com,"Sheffield, UK","Services and retubes heat exchangers, explicitly mentions use of Cupro-Nickel (90/10) tubes.",0.8
44--Thrust Bearing Oil Cooler,SAM-LYUQ8,https://sam.gov/search/?page=1&pageSize=25&sort=-modifiedDate&sfm%5BsimpleSearch%5D%5Bkeyword%5D=140R2026Q0005,10 units,Custom drop-in replacement (must match original dimensions); 3/4 inch NPS Flat Face Slip-On Class 150 Flanges; 8 fins per inch spacing; 0.049 inch fin thickness; Max working pressure >= 100 psi,Tubes: C70600 (90/10 Copper-Nickel); Fins: Extruded Aluminum; Flanges: 90/10 Copper-Nickel,"Fin Tube Products, Inc.",sales@fintube.com,https://www.fintube.com,"Wadsworth, Ohio, USA",Manufacturer of finned tube coils and custom heat exchanger components with various alloy capabilities.,0.88
44--Thrust Bearing Oil Cooler,SAM-LYUQ8,https://sam.gov/search/?page=1&pageSize=25&sort=-modifiedDate&sfm%5BsimpleSearch%5D%5Bkeyword%5D=140R2026Q0005,10 units,Custom drop-in replacement (must match original dimensions); 3/4 inch NPS Flat Face Slip-On Class 150 Flanges; 8 fins per inch spacing; 0.049 inch fin thickness; Max working pressure >= 100 psi,Tubes: C70600 (90/10 Copper-Nickel); Fins: Extruded Aluminum; Flanges: 90/10 Copper-Nickel,HeatEX Technologies,sales@heatextech.com,https://www.heatextech.com,"South Houston, Texas, USA",Manufactures custom and OEM replacement finned tubes for industrial heat exchangers.,0.85
44--Thrust Bearing Oil Cooler,SAM-LYUQ8,https://sam.gov/search/?page=1&pageSize=25&sort=-modifiedDate&sfm%5BsimpleSearch%5D%5Bkeyword%5D=140R2026Q0005,10 units,Custom drop-in replacement (must match original dimensions); 3/4 inch NPS Flat Face Slip-On Class 150 Flanges; 8 fins per inch spacing; 0.049 inch fin thickness; Max working pressure >= 100 psi,Tubes: C70600 (90/10 Copper-Nickel); Fins: Extruded Aluminum; Flanges: 90/10 Copper-Nickel,Profins Ltd,sales@profins.com,https://www.profins.com,"Burton-on-Trent, UK",Manufacturer of finned tubes including extruded aluminum fins for heat exchangers.,0.85
44--Thrust Bearing Oil Cooler,SAM-LYUQ8,https://sam.gov/search/?page=1&pageSize=25&sort=-modifiedDate&sfm%5BsimpleSearch%5D%5Bkeyword%5D=140R2026Q0005,10 units,Custom drop-in replacement (must match original dimensions); 3/4 inch NPS Flat Face Slip-On Class 150 Flanges; 8 fins per inch spacing; 0.049 inch fin thickness; Max working pressure >= 100 psi,Tubes: C70600 (90/10 Copper-Nickel); Fins: Extruded Aluminum; Flanges: 90/10 Copper-Nickel,Chemiquip Industries,info@chemiquip.in,https://www.chemiquip.in,"Vadodara, India",Manufactures Turbine Oil Coolers using Cupro-Nickel (90:10) tubes for power plants.,0.85
44--Thrust Bearing Oil Cooler,SAM-LYUQ8,https://sam.gov/search/?page=1&pageSize=25&sort=-modifiedDate&sfm%5BsimpleSearch%5D%5Bkeyword%5D=140R2026Q0005,10 units,Custom drop-in replacement (must match original dimensions); 3/4 inch NPS Flat Face Slip-On Class 150 Flanges; 8 fins per inch spacing; 0.049 inch fin thickness; Max working pressure >= 100 psi,Tubes: C70600 (90/10 Copper-Nickel); Fins: Extruded Aluminum; Flanges: 90/10 Copper-Nickel,Grand Fin Tube,sales@grandfintube.com,https://www.grandfintube.com,"Jiangsu, China",Manufacturer of high finned tubes and extruded fin tubes in Copper-Nickel alloys.,0.8
44--Thrust Bearing Oil Cooler,SAM-LYUQ8,https://sam.gov/search/?page=1&pageSize=25&sort=-modifiedDate&sfm%5BsimpleSearch%5D%5Bkeyword%5D=140R2026Q0005,10 units,Custom drop-in replacement (must match original dimensions); 3/4 inch NPS Flat Face Slip-On Class 150 Flanges; 8 fins per inch spacing; 0.049 inch fin thickness; Max working pressure >= 100 psi,Tubes: C70600 (90/10 Copper-Nickel); Fins: Extruded Aluminum; Flanges: 90/10 Copper-Nickel,Shihang,sales@shihangpipes.com,https://www.shihangpipes.com,"Shanghai, China",Supplier of Cupro Nickel 90/10 heat exchanger and condenser tubes.,0.8
44--Thrust Bearing Oil Cooler,SAM-LYUQ8,https://sam.gov/search/?page=1&pageSize=25&sort=-modifiedDate&sfm%5BsimpleSearch%5D%5Bkeyword%5D=140R2026Q0005,10 units,Custom drop-in replacement (must match original dimensions); 3/4 inch NPS Flat Face Slip-On Class 150 Flanges; 8 fins per inch spacing; 0.049 inch fin thickness; Max working pressure >= 100 psi,Tubes: C70600 (90/10 Copper-Nickel); Fins: Extruded Aluminum; Flanges: 90/10 Copper-Nickel,Air Radiators,sales@airradiators.com,https://www.airradiators.com,"Lara, Victoria, Australia",Industrial radiator manufacturer offering copper-nickel tube and copper fin configurations.,0.8
44--Thrust Bearing Oil Cooler,SAM-LYUQ8,https://sam.gov/search/?page=1&pageSize=25&sort=-modifiedDate&sfm%5BsimpleSearch%5D%5Bkeyword%5D=140R2026Q0005,10 units,Custom drop-in replacement (must match original dimensions); 3/4 inch NPS Flat Face Slip-On Class 150 Flanges; 8 fins per inch spacing; 0.049 inch fin thickness; Max working pressure >= 100 psi,Tubes: C70600 (90/10 Copper-Nickel); Fins: Extruded Aluminum; Flanges: 90/10 Copper-Nickel,Marmetal Industries,sales@marmetal.com,https://www.marmetal.com,"Horsham, Pennsylvania, USA",Distributor/Manufacturer of C70600 90/10 Copper Nickel tubes and sheets for heat exchangers.,0.75
44--Thrust Bearing Oil Cooler,SAM-LYUQ8,https://sam.gov/search/?page=1&pageSize=25&sort=-modifiedDate&sfm%5BsimpleSearch%5D%5Bkeyword%5D=140R2026Q0005,10 units,Custom drop-in replacement (must match original dimensions); 3/4 inch NPS Flat Face Slip-On Class 150 Flanges; 8 fins per inch spacing; 0.049 inch fin thickness; Max working pressure >= 100 psi,Tubes: C70600 (90/10 Copper-Nickel); Fins: Extruded Aluminum; Flanges: 90/10 Copper-Nickel,Lakshya Steel,sales@lakshyasteel.com,https://www.lakshyasteel.com,"Mumbai, India",Manufacturer and exporter of Copper Nickel 90/10 tubes for heat exchangers.,0.75
44--Thrust Bearing Oil Cooler,SAM-LYUQ8,https://sam.gov/search/?page=1&pageSize=25&sort=-modifiedDate&sfm%5BsimpleSearch%5D%5Bkeyword%5D=140R2026Q0005,10 units,Custom drop-in replacement (must match original dimensions); 3/4 inch NPS Flat Face Slip-On Class 150 Flanges; 8 fins per inch spacing; 0.049 inch fin thickness; Max working pressure >= 100 psi,Tubes: C70600 (90/10 Copper-Nickel); Fins: Extruded Aluminum; Flanges: 90/10 Copper-Nickel,Solitaire Overseas,sales@solitaire-overseas.com,https://www.solitaire-overseas.com,"Mumbai, India",Manufacturer of CuNi 90/10 shell and tube heat exchanger tubes.,0.75
44--Thrust Bearing Oil Cooler,SAM-LYUQ8,https://sam.gov/search/?page=1&pageSize=25&sort=-modifiedDate&sfm%5BsimpleSearch%5D%5Bkeyword%5D=140R2026Q0005,10 units,Custom drop-in replacement (must match original dimensions); 3/4 inch NPS Flat Face Slip-On Class 150 Flanges; 8 fins per inch spacing; 0.049 inch fin thickness; Max working pressure >= 100 psi,Tubes: C70600 (90/10 Copper-Nickel); Fins: Extruded Aluminum; Flanges: 90/10 Copper-Nickel,SMI Copper,sales@smicopper.com,https://www.smicopper.com,"Mumbai, India",Specializes in C706 90/10 Copper-Nickel heater tubes and condenser tubes.,0.75
44--Thrust Bearing Oil Cooler,SAM-LYUQ8,https://sam.gov/search/?page=1&pageSize=25&sort=-modifiedDate&sfm%5BsimpleSearch%5D%5Bkeyword%5D=140R2026Q0005,10 units,Custom drop-in replacement (must match original dimensions); 3/4 inch NPS Flat Face Slip-On Class 150 Flanges; 8 fins per inch spacing; 0.049 inch fin thickness; Max working pressure >= 100 psi,Tubes: C70600 (90/10 Copper-Nickel); Fins: Extruded Aluminum; Flanges: 90/10 Copper-Nickel,Abc Tube Company,sales@abctubecompany.com,https://www.abctubecompany.com,"Mumbai, India",Manufacturer of Copper Nickel 90/10 seamless pipes and tubes for heat exchangers.,0.75
44--Thrust Bearing Oil Cooler,SAM-LYUQ8,https://sam.gov/search/?page=1&pageSize=25&sort=-modifiedDate&sfm%5BsimpleSearch%5D%5Bkeyword%5D=140R2026Q0005,10 units,Custom drop-in replacement (must match original dimensions); 3/4 inch NPS Flat Face Slip-On Class 150 Flanges; 8 fins per inch spacing; 0.049 inch fin thickness; Max working pressure >= 100 psi,Tubes: C70600 (90/10 Copper-Nickel); Fins: Extruded Aluminum; Flanges: 90/10 Copper-Nickel,Shalco Industries,sales@shalco.com,https://www.shalco.com,"Mumbai, India",Manufacturer of Copper Nickel 90/10 tubes for condensers and heat exchangers.,0.75
44--Thrust Bearing Oil Cooler,SAM-LYUQ8,https://sam.gov/search/?page=1&pageSize=25&sort=-modifiedDate&sfm%5BsimpleSearch%5D%5Bkeyword%5D=140R2026Q0005,10 units,Custom drop-in replacement (must match original dimensions); 3/4 inch NPS Flat Face Slip-On Class 150 Flanges; 8 fins per inch spacing; 0.049 inch fin thickness; Max working pressure >= 100 psi,Tubes: C70600 (90/10 Copper-Nickel); Fins: Extruded Aluminum; Flanges: 90/10 Copper-Nickel,Sterling TT,sales@sterlingtt.com,https://www.sterlingtt.com,"Aylesbury, UK",Designs and manufactures fin and tube heat exchangers for industrial and power generation.,0.85
44--Thrust Bearing Oil Cooler,SAM-LYUQ8,https://sam.gov/search/?page=1&pageSize=25&sort=-modifiedDate&sfm%5BsimpleSearch%5D%5Bkeyword%5D=140R2026Q0005,10 units,Custom drop-in replacement (must match original dimensions); 3/4 inch NPS Flat Face Slip-On Class 150 Flanges; 8 fins per inch spacing; 0.049 inch fin thickness; Max working pressure >= 100 psi,Tubes: C70600 (90/10 Copper-Nickel); Fins: Extruded Aluminum; Flanges: 90/10 Copper-Nickel,Thermex Ltd,sales@thermex.co.uk,https://www.thermex.co.uk,"Redditch, UK",Manufacturer of shell and tube and air cooled heat exchangers with custom material options.,0.85
44--Thrust Bearing Oil Cooler,SAM-LYUQ8,https://sam.gov/search/?page=1&pageSize=25&sort=-modifiedDate&sfm%5BsimpleSearch%5D%5Bkeyword%5D=140R2026Q0005,10 units,Custom drop-in replacement (must match original dimensions); 3/4 inch NPS Flat Face Slip-On Class 150 Flanges; 8 fins per inch spacing; 0.049 inch fin thickness; Max working pressure >= 100 psi,Tubes: C70600 (90/10 Copper-Nickel); Fins: Extruded Aluminum; Flanges: 90/10 Copper-Nickel,Neotiss,contact@neotiss.com,https://www.neotiss.com,"Morangis, France","Global leader in welded tubes for heat exchangers, including titanium and stainless, applicable to power gen.",0.8
44--Thrust Bearing Oil Cooler,SAM-LYUQ8,https://sam.gov/search/?page=1&pageSize=25&sort=-modifiedDate&sfm%5BsimpleSearch%5D%5Bkeyword%5D=140R2026Q0005,10 units,Custom drop-in replacement (must match original dimensions); 3/4 inch NPS Flat Face Slip-On Class 150 Flanges; 8 fins per inch spacing; 0.049 inch fin thickness; Max working pressure >= 100 psi,Tubes: C70600 (90/10 Copper-Nickel); Fins: Extruded Aluminum; Flanges: 90/10 Copper-Nickel,Schmöle GmbH,info@schmoele.de,https://www.schmoele.de,"Menden, Germany",Produces finned tubes and heat exchangers for industrial applications.,0.85
44--Thrust Bearing Oil Cooler,SAM-LYUQ8,https://sam.gov/search/?page=1&pageSize=25&sort=-modifiedDate&sfm%5BsimpleSearch%5D%5Bkeyword%5D=140R2026Q0005,10 units,Custom drop-in replacement (must match original dimensions); 3/4 inch NPS Flat Face Slip-On Class 150 Flanges; 8 fins per inch spacing; 0.049 inch fin thickness; Max working pressure >= 100 psi,Tubes: C70600 (90/10 Copper-Nickel); Fins: Extruded Aluminum; Flanges: 90/10 Copper-Nickel,Boyd Corporation,customerservice@boydcorp.com,https://www.boydcorp.com,"Pleasanton, California, USA",Large manufacturer of thermal management solutions including finned tube heat exchangers.,0.8
44--Thrust Bearing Oil Cooler,SAM-LYUQ8,https://sam.gov/search/?page=1&pageSize=25&sort=-modifiedDate&sfm%5BsimpleSearch%5D%5Bkeyword%5D=140R2026Q0005,10 units,Custom drop-in replacement (must match original dimensions); 3/4 inch NPS Flat Face Slip-On Class 150 Flanges; 8 fins per inch spacing; 0.049 inch fin thickness; Max working pressure >= 100 psi,Tubes: C70600 (90/10 Copper-Nickel); Fins: Extruded Aluminum; Flanges: 90/10 Copper-Nickel,Wieland Thermal Solutions,info@wieland.com,https://www.wieland.com,"Ulm, Germany","Produces high-performance tubes and heat exchangers, including finned tubes for industrial cooling.",0.85
44--Thrust Bearing Oil Cooler,SAM-LYUQ8,https://sam.gov/search/?page=1&pageSize=25&sort=-modifiedDate&sfm%5BsimpleSearch%5D%5Bkeyword%5D=140R2026Q0005,10 units,Custom drop-in replacement (must match original dimensions); 3/4 inch NPS Flat Face Slip-On Class 150 Flanges; 8 fins per inch spacing; 0.049 inch fin thickness; Max working pressure >= 100 psi,Tubes: C70600 (90/10 Copper-Nickel); Fins: Extruded Aluminum; Flanges: 90/10 Copper-Nickel,"Markair, Inc.",sales@markair.net,https://www.markair.net,"Gainesville, Florida, USA",Representative and supplier of industrial heat exchangers and finned tube replacements.,0.8
44--Thrust Bearing Oil Cooler,SAM-LYUQ8,https://sam.gov/search/?page=1&pageSize=25&sort=-modifiedDate&sfm%5BsimpleSearch%5D%5Bkeyword%5D=140R2026Q0005,10 units,Custom drop-in replacement (must match original dimensions); 3/4 inch NPS Flat Face Slip-On Class 150 Flanges; 8 fins per inch spacing; 0.049 inch fin thickness; Max working pressure >= 100 psi,Tubes: C70600 (90/10 Copper-Nickel); Fins: Extruded Aluminum; Flanges: 90/10 Copper-Nickel,Maine Radiator Manufacturing,sales@maineradiator.com,https://www.maineradiator.com,"Lewiston, Maine, USA",Custom design and build of radiator cores and tanks for industrial applications.,0.8
44--Thrust Bearing Oil Cooler,SAM-LYUQ8,https://sam.gov/search/?page=1&pageSize=25&sort=-modifiedDate&sfm%5BsimpleSearch%5D%5Bkeyword%5D=140R2026Q0005,10 units,Custom drop-in replacement (must match original dimensions); 3/4 inch NPS Flat Face Slip-On Class 150 Flanges; 8 fins per inch spacing; 0.049 inch fin thickness; Max working pressure >= 100 psi,Tubes: C70600 (90/10 Copper-Nickel); Fins: Extruded Aluminum; Flanges: 90/10 Copper-Nickel,"JFD Tube & Coil Products, Inc.",sales@jfdcoil.com,https://www.jfdcoil.com,"Hamden, Connecticut, USA",Custom manufacturer of direct replacement U tube bundles using 90/10 cupro-nickel.,0.85
44--Thrust Bearing Oil Cooler,SAM-LYUQ8,https://sam.gov/search/?page=1&pageSize=25&sort=-modifiedDate&sfm%5BsimpleSearch%5D%5Bkeyword%5D=140R2026Q0005,10 units,Custom drop-in replacement (must match original dimensions); 3/4 inch NPS Flat Face Slip-On Class 150 Flanges; 8 fins per inch spacing; 0.049 inch fin thickness; Max working pressure >= 100 psi,Tubes: C70600 (90/10 Copper-Nickel); Fins: Extruded Aluminum; Flanges: 90/10 Copper-Nickel,"HEXECO, Inc.",sales@hexeco.com,http://www.hexeco.com,"Berlin, Wisconsin, USA",Designer/manufacturer of thrust & guide bearing oil cooling coil heat exchangers for generators & motors.,0.95
