Product ID,Product Name,Manufacturer,Estimated Wholesale Price,Match Score,Description,Specifications,Quantity,NAICS Code,Contract ID,Solicitation Title,Solicitation URL,Location,Date Added
84,36C25626Q0007 Gulf Coast Medical Physicist and Radiation Safety Officer Services,,,,The Gulf Coast Veterans Health Care System requires Medical Physicist and Radiation Safety Officer (RSO) services under a Service-Disabled Veteran Owned Small Business (SDVOSB) set-aside. The contr...,,,,53627f624c1544c089b8a624c0cf94a1,36C25626Q0007 Gulf Coast Medical Physicist and Radiation Safety Officer Services,https://sam.gov/workspace/contract/opp/53627f624c1544c089b8a624c0cf94a1/view,,2025-12-04 18:10:06
85,VISN 21 Lenalidomide Capsules Multiple Strengths (Generic),Teva / Generic,"$15,000 - $20,000 (WAC per cycle)",0.67 (Fuzzy: VISN 21 Lenalidomide Capsules),"This is a Sources Sought notice for market research purposes issued by the Department of Veterans Affairs, VISN 21. The VA is seeking vendors capable of supplying and delivering multiple strengths ...",,,,0b5b3efeb76941a98d38b1f46b5298cd,VISN 21 Lenalidomide Capsules Multiple Strengths (Generic),https://sam.gov/workspace/contract/opp/0b5b3efeb76941a98d38b1f46b5298cd/view,,2025-12-04 18:10:06
86,CL25177001 O-Ring,Titan Wheel Corp,$0.05 - $5.00 (Bulk Quote),1.00 (Exact),"This is a sole-source solicitation for O-Rings and a Pneumatic Wheel Rim, with the only approved source being Titan Wheel Corporation of Illinois (CAGE 20076). The objective is to establish a firm-...",,,,3c65d15cc57c444cab7c71941df0016b,CL25177001 O-Ring,https://sam.gov/workspace/contract/opp/3c65d15cc57c444cab7c71941df0016b/view,,2025-12-04 18:10:06
87,Operations and Maintenance Services at W. Kerr Scott Reservoir,,,,"The U.S. Army Corps of Engineers intends to procure comprehensive operations and maintenance support services for the W. Kerr Scott Project located in Wilkesboro, North Carolina. The scope of work ...",,,,1e693db39ac44e35a0c409c3f9daf411,Operations and Maintenance Services at W. Kerr Scott Reservoir,https://sam.gov/workspace/contract/opp/1e693db39ac44e35a0c409c3f9daf411/view,,2025-12-04 18:10:06
88,SRS EddyFlux System Pro + Biomet,,,,"The USDA Forest Service, Southern Research Station, has issued a notice of intent to award a sole-source contract to LI-COR for an IRGA (Carbon analyzer) and a complete Biomet system. This equipmen...",,,,336ef8d40ca049aca061c6d8ca008b04,SRS EddyFlux System Pro + Biomet,https://sam.gov/workspace/contract/opp/336ef8d40ca049aca061c6d8ca008b04/view,,2025-12-04 18:10:06
89,J065--TempTrak Sensors Calibration,,,,"This is an award notice for a preventive maintenance (PM) service for a Temp Trak system. The provided documents are for notification of an award and do not contain detailed specifications, quantit...",,,,05120e413c644a6c97ba03befd57d105,J065--TempTrak Sensors Calibration,https://sam.gov/workspace/contract/opp/05120e413c644a6c97ba03befd57d105/view,,2025-12-04 18:10:06
90,6515--PROS-11252025-1481701-593-MATIAROBOTICS,,,,"This is a post-award notice from the VHA's Network Contracting Office 21, issued in accordance with FAR 5.301, to advise the public of a contract action exceeding $25,000.00. The awarded contract i...",,,,2e1baf59faaf485383b7826a26a37fb5,6515--PROS-11252025-1481701-593-MATIAROBOTICS,https://sam.gov/workspace/contract/opp/2e1baf59faaf485383b7826a26a37fb5/view,,2025-12-04 18:10:06
91,PA 2200 Polyamide Powder,EOS GmbH,$105/kg (Bulk),1.00 (Exact),The Naval Research Laboratory (NRL) has issued a Notice of Intent to award a sole source purchase order to EOS of North America for the supply of PA 2200 Polyamide Powder. This is not a competitive...,,,,c22f390edd454a7193b0354ad95c067f,PA 2200 Polyamide Powder,https://sam.gov/workspace/contract/opp/c22f390edd454a7193b0354ad95c067f/view,,2025-12-04 18:10:06
92,"Chelmsford & Tucson CMOP - MED/SURG Supplies One Touch-Test Strips, Tandem Infsuion sets 1001680 & 1001729 and Hollister Cath Set #96144",,,,This is a sources sought notice from the Department of Veterans Affairs for a one-time delivery of brand-name-only medical and surgical supplies. The required products include One Touch Verio gluco...,,,,792354d734f54e8ea82ddba8e7f1660a,"Chelmsford & Tucson CMOP - MED/SURG Supplies One Touch-Test Strips, Tandem Infsuion sets 1001680 & 1001729 and Hollister Cath Set #96144",https://sam.gov/workspace/contract/opp/792354d734f54e8ea82ddba8e7f1660a/view,,2025-12-04 18:10:06
93,Operation and Maintenance of T-AGOS & T-AGM Vessels,,,,Military Sealift Command (MSC) is issuing a sole-source bridge contract to ensure the uninterrupted operation of T-AGOS and T-AGM vessels. The requirement is for the continued provision of highly s...,,,,07571a897bd34724947e0ff9c52d2b6c,Operation and Maintenance of T-AGOS & T-AGM Vessels,https://sam.gov/workspace/contract/opp/07571a897bd34724947e0ff9c52d2b6c/view,,2025-12-04 18:10:06
94,Respiratory Air Management Program (RAMP) Maintenance Services,,,,This is a sole-source solicitation for Respiratory Air Management Program (RAMP) Maintenance Services for the Commander Navy Region Hawaii (CNRH) at Joint Base Pearl Harbor Hickam. The requirement ...,,,,0ed2037819ce45c79c530730a656b297,Respiratory Air Management Program (RAMP) Maintenance Services,https://sam.gov/workspace/contract/opp/0ed2037819ce45c79c530730a656b297/view,,2025-12-04 18:10:06
95,FCI MANCHESTER FY26 2ND QTR MEAT/SUBS/KOSHER REQUIREMENT,,,,"The U.S. Department of Justice, Federal Bureau of Prisons is seeking quotes for a wide range of subsistence items for the Federal Correctional Institute (FCI) in Manchester, KY. The required items ...",,,,cd2b2480bff64c48b7d9254c1ea297a6,FCI MANCHESTER FY26 2ND QTR MEAT/SUBS/KOSHER REQUIREMENT,https://sam.gov/workspace/contract/opp/cd2b2480bff64c48b7d9254c1ea297a6/view,,2025-12-04 18:10:06
96,FA821226Q0315 SOLICITATION,,,,"The O_HL/PZABA at Hill AFB, Utah, intends to issue a sole-source, firm-fixed-price contract for a DISK CARTRIDGE, NSN 7045016270971WF. The government plans to solicit and negotiate directly with EL...",,,,06f799f3dd854aef8ad6039a197f6811,FA821226Q0315 SOLICITATION,https://sam.gov/workspace/contract/opp/06f799f3dd854aef8ad6039a197f6811/view,,2025-12-04 18:10:06
97,"Warehousing and Distribution Services at DLA Distribution San Diego, CA",,,,"DLA Distribution is seeking a contractor for a five-year, hybrid IDIQ contract to provide comprehensive warehouse and distribution support services. The performance location is the DLA Distribution...",,,,62175808b0f445209a22ab410c174c3c,"Warehousing and Distribution Services at DLA Distribution San Diego, CA",https://sam.gov/workspace/contract/opp/62175808b0f445209a22ab410c174c3c/view,,2025-12-04 18:10:06
98,Annual Medical Gas Inspection and Repairs,,,,"The Department of Veterans Affairs is seeking a Service-Disabled Veteran-Owned Small Business (SDVOSB) to provide annual inspection, testing, certification, and repair services for the Medical Gas ...",,,,70df0d137b95495ba1cb227a5f92d5f7,Annual Medical Gas Inspection and Repairs,https://sam.gov/workspace/contract/opp/70df0d137b95495ba1cb227a5f92d5f7/view,,2025-12-04 18:10:06
99,"Computer, Present Po",,,,"The U.S. Air Force is seeking to procure four (4) units of a Gear and Shaft Assembly, identified as NSN 6610-01-653-7583 and Part Number CB23710-001. This spare part is for the KC-46 aircraft and p...",,,,a0eae76e008348ce88bc62f68ee97295,"Computer, Present Po",https://sam.gov/workspace/contract/opp/a0eae76e008348ce88bc62f68ee97295/view,,2025-12-04 18:10:06
100,2510--UTV-Mini Ambulance,,,,"The Department of Veterans Affairs (VA), Network Contracting Office 22 (NCO 22) is issuing a Sources Sought Notice for market research purposes to identify sources capable of providing one UTV-Mini...",,,,595a7af65d6746ffbf0f066292e93845,2510--UTV-Mini Ambulance,https://sam.gov/workspace/contract/opp/595a7af65d6746ffbf0f066292e93845/view,,2025-12-04 18:10:06
101,J065--Digital Duet Maintenance,,,,This is a request for quote for a firm-fixed-price contract to provide a Gold Service Plan for a Digital Duet YAG Eye Laser system for the Department of Veterans Affairs Eastern Colorado Health Car...,,,,fe7baf612f6a4bbdbee5e37c1cd15788,J065--Digital Duet Maintenance,https://sam.gov/workspace/contract/opp/fe7baf612f6a4bbdbee5e37c1cd15788/view,,2025-12-04 18:10:06
102,"Friday Harbor, Washington - BLM Office Space Lease",,,,"The Bureau of Land Management's San Juan Islands National Monument is seeking expressions of interest to lease 900-1,200 square feet of office space in Friday Harbor, WA. The required space must ac...",,,,bba089ecf92a489fa77d5ac7899407cb,"Friday Harbor, Washington - BLM Office Space Lease",https://sam.gov/workspace/contract/opp/bba089ecf92a489fa77d5ac7899407cb/view,,2025-12-04 18:10:06
103,Ft Carson BASOPS (Base Operations Services),,,,"The Mission and Installation Contracting Command is issuing a solicitation for a contractor to provide comprehensive Base Operations Support Services at the U.S. Army Fort Carson, CO. The required ...",,,,38e801bc60b34146b6622d530f143ede,Ft Carson BASOPS (Base Operations Services),https://sam.gov/workspace/contract/opp/38e801bc60b34146b6622d530f143ede/view,,2025-12-04 18:10:06
104,6515--FY26 Fluent Pro System,Hologic,"$2,500 (System Estimate)",0.76 (Fuzzy: Fluent Pro System),"The provided solicitation document is minimal and lacks specific details. It contains only section headers for 'GENERAL INFORMATION', 'AWARD INFORMATION', and 'ADDITIONAL INFORMATION' without any d...",,,,12821efadfd5463aabcb93577090fa0a,6515--FY26 Fluent Pro System,https://sam.gov/workspace/contract/opp/12821efadfd5463aabcb93577090fa0a/view,,2025-12-04 18:10:06
105,Pineville Greenhouse Transformer Replacement (LA),,,,"The USDA Forest Service is soliciting for the SRS Pineville Greenhouse Transformer Replacement project at the Alexandria Forestry Center in Pineville, LA. The project requires a contractor to remov...",,,,6440d4b78d504f28b5d19d7df63003e9,Pineville Greenhouse Transformer Replacement (LA),https://sam.gov/workspace/contract/opp/6440d4b78d504f28b5d19d7df63003e9/view,,2025-12-04 18:10:06
106,Z2NE--660-23-101 | Rehabilitate Domestic Water Lines | Construction,,,,"This is a pre-solicitation notice for a construction project at the Salt Lake City VA Medical Center, set aside 100% for Service-Disabled Veteran-Owned Small Businesses (SDVOSB). The project involv...",,,,4bd12b569eb0440a95dd4231ea5931ec,Z2NE--660-23-101 | Rehabilitate Domestic Water Lines | Construction,https://sam.gov/workspace/contract/opp/4bd12b569eb0440a95dd4231ea5931ec/view,,2025-12-04 18:10:06
107,"BOLT,SHAFT",,,,"This solicitation is a total small business set-aside for the manufacture of a 'BOLT, SHAFT,' part number 13957-201-3. The contractor must adhere to multiple military drawings and specifications, i...",,,,1b333625e80d45679ad3e4df5ca5447b,"BOLT,SHAFT",https://sam.gov/workspace/contract/opp/1b333625e80d45679ad3e4df5ca5447b/view,,2025-12-04 18:10:06
108,Multisim Power Pro Edition License,,,,The Naval Research Laboratory (NRL) is issuing a Request for Quotations (RFQ) for the purchase of Multisim Power Pro Edition perpetual software licenses. This is a total small business set-aside co...,,,,256796cbbc834221a627636d5d9dd67c,Multisim Power Pro Edition License,https://sam.gov/workspace/contract/opp/256796cbbc834221a627636d5d9dd67c/view,,2025-12-04 18:10:06
109,Cannon AFB - Operation and Maintenance of Wastewater Treatment Plant,,,,"This solicitation is for the comprehensive operation and maintenance of the Wastewater Treatment Plant (WWTP) at Cannon AFB, NM. The selected contractor will be responsible for providing all manage...",,,,f00bb4f15d5a41ab82595aa9a28ce9cc,Cannon AFB - Operation and Maintenance of Wastewater Treatment Plant,https://sam.gov/workspace/contract/opp/f00bb4f15d5a41ab82595aa9a28ce9cc/view,,2025-12-04 18:10:06
110,6515--SUPPLY-HEART VALVE- INDIANAPOLIS,,,,"The provided solicitation documents are blank or contain only section headers without any specific details. It is not possible to determine the required products, services, delivery location, or ov...",,,,aa139f97e69c4936a3b7928b503946ac,6515--SUPPLY-HEART VALVE- INDIANAPOLIS,https://sam.gov/workspace/contract/opp/aa139f97e69c4936a3b7928b503946ac/view,,2025-12-04 18:10:06
111,6640--Aerospray Hematology Pro Slide Stainer / Cytocentrifuge,Wescor / Elitech,"$10,600 (Market Estimate)",0.63 (Fuzzy: Aerospray Hematology Stainer),The Gulf Coast Veterans Healthcare System (GCVHCS) is seeking to purchase one Aerospray Hematology Pro Slide Stainer / Cytocentrifuge to be used as a backup unit for its laboratory. The required eq...,,,,c5cd879a8650419dac0809820eb7e6b1,6640--Aerospray Hematology Pro Slide Stainer / Cytocentrifuge,https://sam.gov/workspace/contract/opp/c5cd879a8650419dac0809820eb7e6b1/view,,2025-12-04 18:10:06
112,6640--Aerospray Hematology Pro Slide Stainer / Cytocentrifuge,Wescor / Elitech,"$10,600 (Market Estimate)",0.63 (Fuzzy: Aerospray Hematology Stainer),"This solicitation is for the procurement of an Aerospray Slide Stainer. The provided documents are minimal and do not contain detailed specifications, quantity, delivery location, or contact inform...",,,,9d62c96d26d44ee1a57c5257921a3737,6640--Aerospray Hematology Pro Slide Stainer / Cytocentrifuge,https://sam.gov/workspace/contract/opp/9d62c96d26d44ee1a57c5257921a3737/view,,2025-12-04 18:10:06
113,VDATS POWER SUPPLIES,,,,"This is a sole-source, combined synopsis/solicitation for commercial HPC-4K Power Supply kits from the original equipment manufacturer, Tracewell Technology. The U.S. Air Force requires five upper ...",,,,322868c864c6445c994a6198eb1ff0a0,VDATS POWER SUPPLIES,https://sam.gov/workspace/contract/opp/322868c864c6445c994a6198eb1ff0a0/view,,2025-12-04 18:10:06
114,"7830--TRM 835 TREADMILL. MUST COMPLETE BUY AMERICAN CERTIFICATE. ""BRAND NAME OR EQUAL TO PRECOR IAW SOW"". OEM LETTER FROM THE MANUFACTURER IS REQUIRED. IF NO OEM LETTER VENDOR WILL BE CONSIDERED NON-RESPONSIVE.",,,,"This is a Request for Information (RFI) for market research purposes issued by the U.S. Department of Veterans Affairs for the Baltimore VA Medical Center. The requirement is for six treadmills, br...",,,,fba041ccf6724611b61638c184ded9e4,"7830--TRM 835 TREADMILL. MUST COMPLETE BUY AMERICAN CERTIFICATE. ""BRAND NAME OR EQUAL TO PRECOR IAW SOW"". OEM LETTER FROM THE MANUFACTURER IS REQUIRED. IF NO OEM LETTER VENDOR WILL BE CONSIDERED NON-RESPONSIVE.",https://sam.gov/workspace/contract/opp/fba041ccf6724611b61638c184ded9e4/view,,2025-12-04 18:10:06
115,"TRANSMITTER, RATE OF FLOW",,,,"This solicitation is for the procurement of RATE OF FLOW TRANSMITTERS for the F-16 Aircraft. The request is for a base quantity of 131 units, with a total possible range of 33 to 197 units, to be d...",,,,2f042eed71674688a9a02e2d9b0ab4c6,"TRANSMITTER, RATE OF FLOW",https://sam.gov/workspace/contract/opp/2f042eed71674688a9a02e2d9b0ab4c6/view,,2025-12-04 18:10:06
116,Notice of Intent to Sole Source – Roberts Oxygen Co.,,,,"The National Institutes of Health (NIH) Clinical Center intends to award a sole source, firm-fixed-price purchase order to Roberts Oxygen Co. Inc. for the supply of liquid nitrogen and the monthly ...",,,,9b52f5cee683485e8a6709052a783484,Notice of Intent to Sole Source – Roberts Oxygen Co.,https://sam.gov/workspace/contract/opp/9b52f5cee683485e8a6709052a783484/view,,2025-12-04 18:10:06
117,"42--PARTS KIT,RESPIRATO",,,,"This is a proposed procurement for a respirator parts kit, NSN 4240016279269. The solicitation is an RFQ broken into five line items with a total quantity of 68 units. Deliveries are required to tw...",,,,0f4d90002126411c90cf2cae25468c52,"42--PARTS KIT,RESPIRATO",https://sam.gov/workspace/contract/opp/0f4d90002126411c90cf2cae25468c52/view,,2025-12-04 18:10:06
118,Electron Microscopes,,,,"The Commander Fleet Readiness Centers (COMFRC) Procurement Group intends to award a sole-source purchase order to JEOL USA, Inc. for the maintenance of three specific models of electron microscopes...",,,,60c8d609a18545adac17993062cc30ef,Electron Microscopes,https://sam.gov/workspace/contract/opp/60c8d609a18545adac17993062cc30ef/view,,2025-12-04 18:10:06
119,Notice of Intent to Sole Source – Agilent Technologies,,,,"The National Institutes of Health (NIH) intends to award a sole-source, firm-fixed-price purchase order to Agilent Technologies, Inc. for a one-year renewal of a software maintenance agreement for ...",,,,3cb52c618b614eea824d3c44f1f108ed,Notice of Intent to Sole Source – Agilent Technologies,https://sam.gov/workspace/contract/opp/3cb52c618b614eea824d3c44f1f108ed/view,,2025-12-04 18:10:06
120,"Procurement of Propeller Assemblies, Spare Parts and Components",,,,"The United States Coast Guard (USCG), Aviation Logistics Center (ALC) has issued a sole-source Request for Proposal (RFP) for an Indefinite Delivery Requirements contract to procure unspecified sup...",,,,14ac6dcd24864f6890f12c3f1dddb918,"Procurement of Propeller Assemblies, Spare Parts and Components",https://sam.gov/workspace/contract/opp/14ac6dcd24864f6890f12c3f1dddb918/view,,2025-12-04 18:10:06
121,Protective Security Officer (PSO) services in various locations throughout Kentucky,,,,"The Federal Protective Service Acquisitions Division intends to issue a sole source contract extension of up to two months to Patronus Systems, Inc. for continued armed Protective Security Officer ...",,,,d207481655d8418e975a4b5831e53be2,Protective Security Officer (PSO) services in various locations throughout Kentucky,https://sam.gov/workspace/contract/opp/d207481655d8418e975a4b5831e53be2/view,,2025-12-04 18:10:06
122,"Solicitation, Service Repair, Paladin Digital Fire Control System",,,,"This is a solicitation for a single, five-year Requirements contract for the component-level repair of four specific Paladin Digital Fire Control System (PDFCS) components. The contract is intended...",,,,63b8cc72657b419d9a12d7ab48459e33,"Solicitation, Service Repair, Paladin Digital Fire Control System",https://sam.gov/workspace/contract/opp/63b8cc72657b419d9a12d7ab48459e33/view,,2025-12-04 18:10:06
123,95--ARMOR PLATE,,,,"This is a proposed procurement for 22 units of ARMOR PLATE, identified by NSN 9515013956116. The approved source for this item is 3226A 6669323. The solicitation is an RFQ, and all responsible sour...",,,,2f41450b153c45adb9f6550d871bb0fd,95--ARMOR PLATE,https://sam.gov/workspace/contract/opp/2f41450b153c45adb9f6550d871bb0fd/view,,2025-12-04 18:10:06
124,HIGH VOLTAGE DB25 CABLE ASSEMBLY,,,,"The Naval Surface Warfare Center (NSWC) Crane intends to issue a sole-source solicitation to Pickering Interfaces, INC. for the procurement of 26 units of a High Voltage DB25 Cable Assembly, part n...",,,,9781c161862f4e3abf05816f806d6ce9,HIGH VOLTAGE DB25 CABLE ASSEMBLY,https://sam.gov/workspace/contract/opp/9781c161862f4e3abf05816f806d6ce9/view,,2025-12-04 18:10:06
125,6515--Mattresses & Bed Covers,,,,The Department of Veterans Affairs is seeking to procure brand-name-only mattresses and bed covers for the Iowa City VA Health Care System. These items are required for the Operating Rooms to suppo...,,,,e4844614512a4147a871f18a0189ef5f,6515--Mattresses & Bed Covers,https://sam.gov/workspace/contract/opp/e4844614512a4147a871f18a0189ef5f/view,,2025-12-04 18:10:06
126,TACLANE-FLEX Customizable Encryption Platform,,,,The Naval Surface Warfare Center Philadelphia has a sole source requirement for a TACLANE-FLEX Customizable Encryption Platform with 1 Gb/s - Single Mode capabilities. The government intends to sol...,,,,535b231e8fda488fb1bbab03b481fd86,TACLANE-FLEX Customizable Encryption Platform,https://sam.gov/workspace/contract/opp/535b231e8fda488fb1bbab03b481fd86/view,,2025-12-04 18:10:06
127,Notice of Intent to Sole Source – Solventum,,,,"This is a notice of intent from the National Institutes of Health (NIH) Clinical Center to issue a sole source, firm-fixed-price purchase order to Solventum Health Information Systems, Inc. The acq...",,,,4ba56ca3ea2947b4b9d474aec2725e17,Notice of Intent to Sole Source – Solventum,https://sam.gov/workspace/contract/opp/4ba56ca3ea2947b4b9d474aec2725e17/view,,2025-12-04 18:10:06
128,95--ARMOR PLATE,,,,"This is a proposed procurement for 22 units of ARMOR PLATE, NSN 9515013956119. The required delivery is within 20 days ADO to the GENERAL DEPOT OF NAVAL SUPPLIES. The approved source for this item ...",,,,d04015c73cc34bf694b9d197ffe141ee,95--ARMOR PLATE,https://sam.gov/workspace/contract/opp/d04015c73cc34bf694b9d197ffe141ee/view,,2025-12-04 18:10:06
129,"1377 - 1377-01-170-1407; MW19; Cartridge Assembly, SEAWARS; DWG 851AS275",,,,"The U.S. Navy is soliciting 330 units of an explosive ordnance item, NSN 1377-01-170-1407. This unrestricted procurement requires a pre-award safety survey and adherence to specific safety and secu...",,,,921985377e56488eb643c42b870d7851,"1377 - 1377-01-170-1407; MW19; Cartridge Assembly, SEAWARS; DWG 851AS275",https://sam.gov/workspace/contract/opp/921985377e56488eb643c42b870d7851/view,,2025-12-04 18:10:06
130,BUSHING,,,,"This solicitation is for the manufacture of a BUSHING, identified by NAVAL SEA SYSTEMS COMMAND P/N 5677126-101 and GATES CORPORATION P/N 1008.5/8. The contractor must adhere to the requirements spe...",,,,bf409b374a204a63bd2a82c95aa75617,BUSHING,https://sam.gov/workspace/contract/opp/bf409b374a204a63bd2a82c95aa75617/view,,2025-12-04 18:10:06
131,4110--UNDERCOUNTER MEDICAL GRADE REFRIGERATORS,,,,The Department of Veterans Affairs (VA) is issuing a Request for Information (RFI) / Sources Sought notice to identify potential sources capable of providing a Follett 3.9 cu ft Undercounter Medica...,,,,ba8f694b9bd049b59c61ac08f65ce325,4110--UNDERCOUNTER MEDICAL GRADE REFRIGERATORS,https://sam.gov/workspace/contract/opp/ba8f694b9bd049b59c61ac08f65ce325/view,,2025-12-04 18:10:06
132,"LT HAND LOCKNUT,TUR",,,,"This solicitation is a total small business set-aside for the manufacture of a LT HAND LOCKNUT,TUR, part number 7124347-002 (CAGE 53711). The procurement requires adherence to specific military sta...",,,,5e73b1b392884f9494bd68a0013cf8f9,"LT HAND LOCKNUT,TUR",https://sam.gov/workspace/contract/opp/5e73b1b392884f9494bd68a0013cf8f9/view,,2025-12-04 18:10:06
133,"TURNBUCKLE,BODY",,,,"This solicitation is a total small business set-aside for the manufacture of a TURNBUCKLE, BODY, part number 7124345-001. The contractor must adhere to specific technical drawings, military standar...",,,,21005d6c71504f4b86db1363ac48208e,"TURNBUCKLE,BODY",https://sam.gov/workspace/contract/opp/21005d6c71504f4b86db1363ac48208e/view,,2025-12-04 18:10:06
134,Philips CVX Excimer Laser System Service Maintenance,,,,"This solicitation is for service and maintenance of a Philips CVX Excimer Laser System. The required services likely include preventative maintenance, repairs, and technical support for the specifi...",,,,0647d3ec30794c04bb10d0c3ccc0f6ec,Philips CVX Excimer Laser System Service Maintenance,https://sam.gov/workspace/contract/opp/0647d3ec30794c04bb10d0c3ccc0f6ec/view,,2025-12-04 18:10:06
135,6515--36C25926Q0122| Sources Sought on Medical Labelling System for Rocky Mountain Regional VA Medical Center,,,,"The Department of Veterans Affairs, NCO 19, is conducting market research for the procurement of 13 medication labeling systems for the Rocky Mountain Regional VA Medical Center in Aurora, CO. The ...",,,,c0c4cb0ece4d401984c3568675f53e4f,6515--36C25926Q0122| Sources Sought on Medical Labelling System for Rocky Mountain Regional VA Medical Center,https://sam.gov/workspace/contract/opp/c0c4cb0ece4d401984c3568675f53e4f/view,,2025-12-04 18:10:06
136,Nitrogen Generator System and Nitrogen Storage Banks,,,,"The Air Force Sustainment Center at Robins AFB, GA is seeking to procure a Nitrogen Generator System and two High Pressure Nitrogen Storage Banks. The generator system must be skid-mounted, produce...",,,,29c5b0339f4140e3ac4d40b9e2970bdc,Nitrogen Generator System and Nitrogen Storage Banks,https://sam.gov/workspace/contract/opp/29c5b0339f4140e3ac4d40b9e2970bdc/view,,2025-12-04 18:10:06
137,Joint Standoff Weapon (JSOW) United States Navy (USN) FY26 Repair of Repairables,,,,"The Naval Air System Command (NAVAIR) intends to issue a sole-source delivery order to Raytheon Company for engineering and technical support services. The scope of work involves investigating, ana...",,,,d35ce0a823a945548aaeb0a930e10704,Joint Standoff Weapon (JSOW) United States Navy (USN) FY26 Repair of Repairables,https://sam.gov/workspace/contract/opp/d35ce0a823a945548aaeb0a930e10704/view,,2025-12-04 18:10:06
138,6515--Supplies - Orthotics - VISN 10 Sites,,,,The Department of Veterans Affairs seeks to establish multiple 5-year Blanket Purchase Agreements (BPAs) for a comprehensive range of commercial orthotic appliances and related services for its Vet...,,,,c74c13d71f7b41a6bb872989bc546f65,6515--Supplies - Orthotics - VISN 10 Sites,https://sam.gov/workspace/contract/opp/c74c13d71f7b41a6bb872989bc546f65/view,,2025-12-04 18:10:06
139,Q513--Onsite Orthopedic Surgery Services for the Oklahoma City VA,,,,This solicitation is for Onsite Orthopedic Surgery Services at the Oklahoma City VA Healthcare System (OKC VA). The requirement is for 2.0 Full-Time Equivalent (FTE) General Orthopedic Surgeons to ...,,,,48014b4780f341629b37581243b4fe6e,Q513--Onsite Orthopedic Surgery Services for the Oklahoma City VA,https://sam.gov/workspace/contract/opp/48014b4780f341629b37581243b4fe6e/view,,2025-12-04 18:10:06
140,ARM AY,,,,"This solicitation is a total small business set-aside for the manufacture of an ARM AY / ROLLER ARM ASSEMBLY DEPARTURE SWITCH (P/N: 2487728, CAGE: 10001). The contract requires production in accord...",,,,51c74fb4aa1b4ddd8688d770b76361db,ARM AY,https://sam.gov/workspace/contract/opp/51c74fb4aa1b4ddd8688d770b76361db/view,,2025-12-04 18:10:06
141,Request for Information (RFI) - Equipment Maintenance Database,,,,The U.S. Army Contracting Command is conducting market research for a commercial subscription to an Equipment Maintenance Database suite on behalf of the Program Executive Office (PEO) Soldier. The...,,,,e79860e790ad49cdbb03238b63746af6,Request for Information (RFI) - Equipment Maintenance Database,https://sam.gov/workspace/contract/opp/e79860e790ad49cdbb03238b63746af6/view,,2025-12-04 18:10:06
142,"79--CLOTH,CLEANING",,,,"No information was provided in the solicitation document. The content was blank, preventing the extraction of any details regarding the soliciting entity, required products or services, delivery lo...",,,,a959b8d8d020406b8404ec5c3ac11ab2,"79--CLOTH,CLEANING",https://sam.gov/workspace/contract/opp/a959b8d8d020406b8404ec5c3ac11ab2/view,,2025-12-04 18:10:06
143,PSO Services IRS Kentucky,,,,"The Federal Protective Service Acquisitions Division is issuing a sole source contract extension of up to six months to Hana Industries, Inc. for continued armed Protective Security Officer (PSO) s...",,,,ab4d3aee497e455db497d491cbe119f1,PSO Services IRS Kentucky,https://sam.gov/workspace/contract/opp/ab4d3aee497e455db497d491cbe119f1/view,,2025-12-04 18:10:06
144,BRIDGE JUSTIFICATION FOR AN EXCEPTION TO FAIR OPPORTUNITY (ORASE/OGD IT Grants Management Systems),,,,"The U.S. Environmental Protection Agency (EPA) is issuing a justification for a four-month bridge contract extension with the incumbent, Science Applications International Corporation (SAIC), for t...",,,,571d829b4bda49f395aec414f94be927,BRIDGE JUSTIFICATION FOR AN EXCEPTION TO FAIR OPPORTUNITY (ORASE/OGD IT Grants Management Systems),https://sam.gov/workspace/contract/opp/571d829b4bda49f395aec414f94be927/view,,2025-12-04 18:10:06
145,J065--Intent to Sole Source IPack Service Agreement Northern Indiana Healthcare System,,,,"This is a Notice of Intent to award a sole source, non-competitive contract to Pearson Medical Technologies for IPack Maintenance Services. The services are required for the VA Northern Indiana Hea...",,,,9dca89b00f73484a8a9f8651e3542434,J065--Intent to Sole Source IPack Service Agreement Northern Indiana Healthcare System,https://sam.gov/workspace/contract/opp/9dca89b00f73484a8a9f8651e3542434/view,,2025-12-04 18:10:06
146,"79--CLOTH,CLEANING",,,,"The provided solicitation document is blank and contains no information regarding the soliciting entity, contact details, product requirements, or delivery location. Therefore, the scope and key re...",,,,a3fb3d42543f40e09d3b12407d7d26da,"79--CLOTH,CLEANING",https://sam.gov/workspace/contract/opp/a3fb3d42543f40e09d3b12407d7d26da/view,,2025-12-04 18:10:06
147,"J065--Preventative Maintenance for Consolidated Injectors, Durham VAMC",,,,"The Department of Veterans Affairs, NCO 6, is seeking a firm-fixed-price contract for preventative maintenance and repair services for specific Bayer Medrad Injectors located at the Durham VA Medic...",,,,d8183b639ea745d89b8dad1a8c7a5ca8,"J065--Preventative Maintenance for Consolidated Injectors, Durham VAMC",https://sam.gov/workspace/contract/opp/d8183b639ea745d89b8dad1a8c7a5ca8/view,,2025-12-04 18:10:06
148,"16--HEAT SINK ASSEMBLY, IN REPAIR/MODIFICATION OF",,,,"NAVSUP Weapon Systems Support (NAVSUP WSS) Philadelphia intends to solicit for the repair or purchase of 12 units of a HEAT SINK ASSEMBLY (P/N: 60716-000, NSN: 7R-1680-016568079-E7). This is a comp...",,,,f4dbe6cb181a424686616d0c07f8518f,"16--HEAT SINK ASSEMBLY, IN REPAIR/MODIFICATION OF",https://sam.gov/workspace/contract/opp/f4dbe6cb181a424686616d0c07f8518f/view,,2025-12-04 18:10:06
149,"J065--Preventative Maintenance for Consolidated Injectors, Durham VAMC",,,,"The Department of Veterans Affairs, Network Contracting Office (NCO 06), is issuing a pre-solicitation for maintenance services for Bayer Medrad Injectors on behalf of the Durham VA Health Care Sys...",,,,64f37137133a46029a748a22adfc53ee,"J065--Preventative Maintenance for Consolidated Injectors, Durham VAMC",https://sam.gov/workspace/contract/opp/64f37137133a46029a748a22adfc53ee/view,,2025-12-04 18:10:06
150,"17--TRUNION STRUT,LANDI",,,,The U.S. Government intends to solicit and negotiate with only one source for five (5) units of a part identified by NSN 7R-1710-015209780-QE and Reference Number 74A430801-1005. This procurement i...,,,,1ce3d6f377364634871866b396ed494f,"17--TRUNION STRUT,LANDI",https://sam.gov/workspace/contract/opp/1ce3d6f377364634871866b396ed494f/view,,2025-12-04 18:10:06
151,Internal Resource Management Application – Enterprise Resource Database Support,,,,"This is a Special Notice from the Washington Headquarters Services/Acquisition Directorate (WHS/AD) indicating an intent to award a sole source contract to the incumbent, Quality Management Systems...",,,,c2a412417543444b9863ffa1c1392242,Internal Resource Management Application – Enterprise Resource Database Support,https://sam.gov/workspace/contract/opp/c2a412417543444b9863ffa1c1392242/view,,2025-12-04 18:10:06
152,48--STEM DISC ASSEMBLY,,,,"The government is seeking to procure eight (8) units of a product identified by NSN 1H-4820-015778590-X2. Delivery is required to the Receiving Officer in Kittery, ME. The technical data package fo...",,,,14a259dfa2dd4ca9970a3c111c29819f,48--STEM DISC ASSEMBLY,https://sam.gov/workspace/contract/opp/14a259dfa2dd4ca9970a3c111c29819f/view,,2025-12-04 18:10:06
153,"40--SLING LINK,WELDLESS",,,,"This solicitation is for the procurement of 4 units of NSN 1H-4010-017133836-PP, with Technical Data Package (TDP) version 002. The acquisition is a 100% set-aside for small business concerns, and ...",,,,339e9f12e20a4fab8346b3d08327cc46,"40--SLING LINK,WELDLESS",https://sam.gov/workspace/contract/opp/339e9f12e20a4fab8346b3d08327cc46/view,,2025-12-04 18:10:06
154,Spacelabs Xprezzon Monitor,,,,"The Department of Veterans Affairs, Network Contracting Office (NCO) 10, is seeking to purchase an Xprezzon Monitor for an anesthesia care station. This solicitation is for commercial products and ...",,,,b8a378652ac8492382d7ee7ab464145f,Spacelabs Xprezzon Monitor,https://sam.gov/workspace/contract/opp/b8a378652ac8492382d7ee7ab464145f/view,,2025-12-04 18:10:06
155,Wave Gliders,,,,"The Air Force Test Center at Eglin AFB intends to award a sole-source, Firm Fixed Price (FFP) contract to Liquid Robotics, Inc. for 20 commercial unmanned surface vehicles (USVs). The procurement i...",,,,a9202e4f6ed341bda97a942bea672084,Wave Gliders,https://sam.gov/workspace/contract/opp/a9202e4f6ed341bda97a942bea672084/view,,2025-12-04 18:10:06
156,"43--PUMP,CENTRIFUGAL, IN REPAIR/MODIFICATION OF",,,,"This is a notice of intent for a sole-source procurement of four (4) centrifugal pumps, identified by NSN 7H-4320-015914007. The government does not own the data or rights needed to purchase this p...",,,,cc4674b278cb4548891d7eb0aa1789fb,"43--PUMP,CENTRIFUGAL, IN REPAIR/MODIFICATION OF",https://sam.gov/workspace/contract/opp/cc4674b278cb4548891d7eb0aa1789fb/view,,2025-12-04 18:10:06
157,"6515--EQUIPMENT, SPACELABS XPREZZON MONITOR, Detroit",,,,"The Department of Veterans Affairs, Network Contracting Office (NCO) 10, is issuing a solicitation to purchase an Xprezzon Monitor for an anesthesia care station. The equipment is required for the ...",,,,be16f0fe998745e881e89fa1978a006a,"6515--EQUIPMENT, SPACELABS XPREZZON MONITOR, Detroit",https://sam.gov/workspace/contract/opp/be16f0fe998745e881e89fa1978a006a/view,,2025-12-04 18:10:06
158,Surface Ship Corrosion Mitigation,,,,"This solicitation is for a Surface Ship Corrosion Mitigation Program for the Commander, Naval Surface Force, Atlantic (CNSL). The contractor will provide corrosion assessment services, crew trainin...",,,,c47f2adfa448442bab19c1e5b304ba29,Surface Ship Corrosion Mitigation,https://sam.gov/workspace/contract/opp/c47f2adfa448442bab19c1e5b304ba29/view,,2025-12-04 18:10:06
159,"SWITCH,ELECTRONIC",,,,"This solicitation is for 8 units of a critical application item, identified as CLIN 0001, with a required delivery time of 365 days. The acquiring entity is the Defense Logistics Agency. Key requir...",,,,84eecd661e5747109fc9b51ee995c877,"SWITCH,ELECTRONIC",https://sam.gov/workspace/contract/opp/84eecd661e5747109fc9b51ee995c877/view,,2025-12-04 18:10:06
160,"CAMERA,TELEVISION",,,,"This solicitation is for the procurement of 20 units of an unspecified product, identified under line item 0001. The required delivery time is 365 days after contract award. Key requirements for th...",,,,b7e19ec29636409faf50e19e2458f1b0,"CAMERA,TELEVISION",https://sam.gov/workspace/contract/opp/b7e19ec29636409faf50e19e2458f1b0/view,,2025-12-04 18:10:06
161,ELECTRONIC COMPONEN,,,,The Defense Logistics Agency (DLA) is soliciting a critical application item with a quantity of three units. The required delivery is within 365 days. The solicitation mandates a higher-level quali...,,,,a1813cd85ae54321a3080672c9831d5c,ELECTRONIC COMPONEN,https://sam.gov/workspace/contract/opp/a1813cd85ae54321a3080672c9831d5c/view,,2025-12-04 18:10:06
162,DISTRIBUTOR BOX ASY,,,,The Defense Logistics Agency (DLA) is issuing a solicitation for one unit of a critical application item under EAF authority. The required delivery time is 365 days. Key requirements include adhere...,,,,4ddfc710cdc94590af5031e29b09ed98,DISTRIBUTOR BOX ASY,https://sam.gov/workspace/contract/opp/4ddfc710cdc94590af5031e29b09ed98/view,,2025-12-04 18:10:06
163,APS PALLET,,,,"The Defense Logistics Agency (DLA) is issuing a solicitation for newly manufactured, FAA-certified aircraft spares, which are designated as Critical Application Items (CAI). All products must be ac...",,,,db41b0bd545c4faf9388ef2d3c32ac3f,APS PALLET,https://sam.gov/workspace/contract/opp/db41b0bd545c4faf9388ef2d3c32ac3f/view,,2025-12-04 18:10:06
164,"48--VALVE,CHECK",,,,"This is a solicitation for newly manufactured spare parts issued by NAVSUP WSS Philadelphia. The Government intends to make a single award to the eligible, responsible, and technically acceptable o...",,,,4dbf6648893c4aa793cad6c012eeac12,"48--VALVE,CHECK",https://sam.gov/workspace/contract/opp/4dbf6648893c4aa793cad6c012eeac12/view,,2025-12-04 18:10:06
165,"59--AMPLIFIER,RADIO FRE",,,,"This solicitation is for a new spares requirement of five units, designated as Critical Safety Items (CSI). The procurement requires a higher-level contract quality standard of ISO 9001 or its equi...",,,,a9063bf9d50344fb8e3634722159b9f3,"59--AMPLIFIER,RADIO FRE",https://sam.gov/workspace/contract/opp/a9063bf9d50344fb8e3634722159b9f3/view,,2025-12-04 18:10:06
166,Custom Filters,,,,"The Naval Surface Warfare Center, Dahlgren Division (NSWCDD) is seeking to procure a total of nine custom filters, set aside for small businesses. The requirement is for three each of three distinc...",,,,b4668501430b45bda1a6a8bf5d84e426,Custom Filters,https://sam.gov/workspace/contract/opp/b4668501430b45bda1a6a8bf5d84e426/view,,2025-12-04 18:10:06
167,"16--COMPRESSOR,WING PY",,,,"This solicitation is for newly manufactured spares, potentially for the P-8/P-3 aircraft platforms, issued by the Defense Logistics Agency (DLA). The procurement requires a high-level contract qual...",,,,73d7a316b7304bff97197eb783a9a9c0,"16--COMPRESSOR,WING PY",https://sam.gov/workspace/contract/opp/73d7a316b7304bff97197eb783a9a9c0/view,,2025-12-04 18:10:06
168,"AMPLIFIER,VIDEO",,,,"This solicitation is a request for the repair of thirteen (13) units of AMPLIFIER,VIDEO, identified by NIIN 015342175 and Part Number A3263642. The key performance requirement is a Repair Turnaroun...",,,,f1d21d6b1fce4f80a15efd87c457a904,"AMPLIFIER,VIDEO",https://sam.gov/workspace/contract/opp/f1d21d6b1fce4f80a15efd87c457a904/view,,2025-12-04 18:10:06
169,RFI/Synopsis: Enhanced Very Low Frequency (VLF) Transducer,,,,"Naval Undersea Warfare Center Division, Newport (NUWCDIVNPT) intends to issue a sole source Indefinite Delivery/Indefinite Quantity (ID/IQ) contract modification to Sparton DeLeon Springs, LLC. The...",,,,3538fe389f8d4954b10e8e844c59ae07,RFI/Synopsis: Enhanced Very Low Frequency (VLF) Transducer,https://sam.gov/workspace/contract/opp/3538fe389f8d4954b10e8e844c59ae07/view,,2025-12-04 18:10:06
170,"J065--Medical Gas Inspections, Testing and Maintenance",,,,"This solicitation is for annual Medical Gas Inspection and Maintenance services at the James J. Peters VA Medical Center in Bronx, NY. The contractor must provide all labor and materials to inspect...",,,,31466dae576344ad96c94b7093dbb81e,"J065--Medical Gas Inspections, Testing and Maintenance",https://sam.gov/workspace/contract/opp/31466dae576344ad96c94b7093dbb81e/view,,2025-12-04 18:10:06
171,58--FLANGE,,,,This solicitation is for the manufacture and delivery of Flanges intended for use on U.S. Navy submarines. The contractor must adhere strictly to the requirements outlined in Drawing 03400003 and v...,,,,6c02796c9f5144d39d78735f293ae445,58--FLANGE,https://sam.gov/workspace/contract/opp/6c02796c9f5144d39d78735f293ae445/view,,2025-12-04 18:10:06
172,"INTERFACE UNIT, DAT",,,,"This solicitation is a Request for Quotation (RFQ) for the repair of an INTERFACE UNIT, DAT. The key requirements include a 60-day Repair Turnaround Time (RTAT), Government Source Inspection (GSI),...",,,,86d6c663ab9f44b8aa33d995ab62b3d9,"INTERFACE UNIT, DAT",https://sam.gov/workspace/contract/opp/86d6c663ab9f44b8aa33d995ab62b3d9/view,,2025-12-04 18:10:06
173,59--CIRCUIT CARD ASSEMB,,,,"This Request for Quotation (RFQ) is for the procurement of a CIRCUIT CARD ASSEMB, part number 6570465-002 from CAGE code 53711. The solicitation requires government source inspection and all freigh...",,,,e8b5a7bf65604ef1a8d1a0b0073caa49,59--CIRCUIT CARD ASSEMB,https://sam.gov/workspace/contract/opp/e8b5a7bf65604ef1a8d1a0b0073caa49/view,,2025-12-04 18:10:06
174,66--CHLORIDE ISE,,,,"This solicitation is for the procurement of 980 units of a commercial product for the U.S. Navy, with specific details found in external technical documents like the IRPOD. Key requirements include...",,,,4a74f9b9038641229beb451a8db1337b,66--CHLORIDE ISE,https://sam.gov/workspace/contract/opp/4a74f9b9038641229beb451a8db1337b/view,,2025-12-04 18:10:06
175,THRUST COLLAR,,,,This solicitation is for the procurement of repair parts for NAVSUP WSS. Vendors must adhere to strict technical and quality requirements outlined in the Individual Repair Part Ordering Data (IRPOD...,,,,916bba6978cc48d69def155476a41e1b,THRUST COLLAR,https://sam.gov/workspace/contract/opp/916bba6978cc48d69def155476a41e1b/view,,2025-12-04 18:10:06
176,"VALVE,LINEAR,DIRECT",,,,"This solicitation is for the procurement of a VALVE,LINEAR,DIRECT, identified by CAGE code 78062 and part number 21817-001. Key requirements include adherence to MIL-STD-130 for marking and MIL-STD...",,,,b07b47e1b79c4412ad92b274dd52b8f9,"VALVE,LINEAR,DIRECT",https://sam.gov/workspace/contract/opp/b07b47e1b79c4412ad92b274dd52b8f9/view,,2025-12-04 18:10:06
177,CIRCUIT CARD ASSEMB,Hologic,"$2,500 (System Estimate)",0.50 (Fuzzy: Fluent Pro System),"This solicitation is for the procurement of a 'CIRCUIT CARD ASSEMB', identified by CAGE code 94756 and part number 69030-501-51. The supplier must adhere to specific military standards for marking ...",,,,62897826244d4f60acb8e20e53cdc48a,CIRCUIT CARD ASSEMB,https://sam.gov/workspace/contract/opp/62897826244d4f60acb8e20e53cdc48a/view,,2025-12-04 18:10:06
178,"SHOP EQUIPMENT,TORP",,,,"This solicitation is for the manufacture of SHOP EQUIPMENT, TORP, in accordance with drawing 8243697. Key requirements include adherence to a quality system compliant with ISO 9001, configuration c...",,,,512270a81eda49e88c8db10f14ef8587,"SHOP EQUIPMENT,TORP",https://sam.gov/workspace/contract/opp/512270a81eda49e88c8db10f14ef8587/view,,2025-12-04 18:10:06
179,PRESSURE GUAGE,,,,"This document outlines the general terms, conditions, and requirements for a commercial product procurement by NAVSUP WSS Mechanicsburg. It specifies the order of precedence for technical documents...",,,,9d919029faaa42aea9fe9d99de6d50cf,PRESSURE GUAGE,https://sam.gov/workspace/contract/opp/9d919029faaa42aea9fe9d99de6d50cf/view,,2025-12-04 18:10:06
180,"REMOVABLE CONE,SPEC",,,,"This solicitation is for the procurement of a specific commercial item, a 'REMOVABLE CONE,' identified by part number 22986 from manufacturer METTLER-TOLEDO INC (CAGE 12021). The part number is con...",,,,07b0fe92ac1d4f50a28808e4bd5331cb,"REMOVABLE CONE,SPEC",https://sam.gov/workspace/contract/opp/07b0fe92ac1d4f50a28808e4bd5331cb/view,,2025-12-04 18:10:06
181,"STEM,NEEDLE VALVE",,,,"This solicitation is for a commercial procurement of a specific Stem, Needle Valve, part number SS-18RS8-P, manufactured by Swagelok. The contract requires adherence to detailed technical specifica...",,,,ef0cfa5b81174d759ec8373f5f2a19d9,"STEM,NEEDLE VALVE",https://sam.gov/workspace/contract/opp/ef0cfa5b81174d759ec8373f5f2a19d9/view,,2025-12-04 18:10:06
182,"PUMP,CENTRIFUGAL",,,,"This solicitation is for the procurement of a centrifugal pump, identified by CAGE code 10941 and reference number N-999-6402-A-001. Key requirements include physical identification in accordance w...",,,,9312885a15c443e8a2d121b7b6f3a6c9,"PUMP,CENTRIFUGAL",https://sam.gov/workspace/contract/opp/9312885a15c443e8a2d121b7b6f3a6c9/view,,2025-12-04 18:10:06
183,SEAL,,,,This solicitation is for the manufacture and delivery of a SEAL. The required product must conform to the design specified by CAGE code 63857 and part number 2D-808448. Key requirements include mar...,,,,826aee56db9c4188997749528e6c2e74,SEAL,https://sam.gov/workspace/contract/opp/826aee56db9c4188997749528e6c2e74/view,,2025-12-04 18:10:06
184,"BEARING,SLEEVE",,,,"This is a total small business set-aside solicitation for the manufacture of a BEARING,SLEEVE. The evaluation criteria will be Lowest Price Technically Acceptable (LPTA). Offerors must adhere to sp...",,,,af7133d60b044c15bdc32ab467334cb7,"BEARING,SLEEVE",https://sam.gov/workspace/contract/opp/af7133d60b044c15bdc32ab467334cb7/view,,2025-12-04 18:10:06
185,"RING, SAFETY HOIST",,,,"This solicitation outlines the general terms, conditions, and technical requirements for supplying repair parts to NAVSUP WSS. Key requirements include adherence to technical documents such as the ...",,,,6c01bab115c849dc92156d07774571dc,"RING, SAFETY HOIST",https://sam.gov/workspace/contract/opp/6c01bab115c849dc92156d07774571dc/view,,2025-12-04 18:10:06
186,HD RNG REMOVAL TOOL,,,,"This solicitation is a total small business set-aside for the procurement of critical repair part material for NAVSUP WSS. The contract will be FOB Destination, and vendors are required to review t...",,,,263b2e920cd8448d844d80dadc11c23e,HD RNG REMOVAL TOOL,https://sam.gov/workspace/contract/opp/263b2e920cd8448d844d80dadc11c23e/view,,2025-12-04 18:10:06
187,CRIMPER TOOL,,,,The Naval Supply Systems Command (NAVSUP) Weapon Systems Support (WSS) is seeking to procure a specific crimper tool. The required item is identified by manufacturer Daniels Manufacturing Corp (CAG...,,,,d8a439dbc60b4ae880ddf9cd9c4baa07,CRIMPER TOOL,https://sam.gov/workspace/contract/opp/d8a439dbc60b4ae880ddf9cd9c4baa07/view,,2025-12-04 18:10:06
188,"VME,CONVERTER BD",,,,"The U.S. Navy is seeking firm-fixed price (FFP) quotes for the repair of a VME, CONVERTER BD. This is a total small business set-aside, and potential contractors must be an authorized repair source...",,,,98e0fd280ba14f7298b0a44818b8919d,"VME,CONVERTER BD",https://sam.gov/workspace/contract/opp/98e0fd280ba14f7298b0a44818b8919d/view,,2025-12-04 18:10:06
189,VALVE ASSEMBLY,,,,"This is a Request for Quotation (RFQ) for the purchase of a VALVE ASSEMBLY, identified as a critical safety item with CAGE code 53711 and part number 6769057. The solicitation requires government s...",,,,e3d03b18c60144c384062d7fe06b23c7,VALVE ASSEMBLY,https://sam.gov/workspace/contract/opp/e3d03b18c60144c384062d7fe06b23c7/view,,2025-12-04 18:10:06
190,"ENGINE, DIESEL",,,,"This is a Request for Quotation (RFQ) issued by the US Navy for the repair of a diesel engine, part number SE266E40. Key requirements include a mandatory Repair Turnaround Time (RTAT) of 90 days an...",,,,71144d3d923c4264a18393e06021cb1a,"ENGINE, DIESEL",https://sam.gov/workspace/contract/opp/71144d3d923c4264a18393e06021cb1a/view,,2025-12-04 18:10:06
191,"MOTOR,ALTERNATING C",,,,"This is a Request for Quotation (RFQ) for the repair of a MOTOR,ALTERNATING C. The government is seeking a Repair Turnaround Time (RTAT) of 181 days, and Government Source Inspection (GSI) is requi...",,,,63de32df658d42a580ac5fc4913ea79d,"MOTOR,ALTERNATING C",https://sam.gov/workspace/contract/opp/63de32df658d42a580ac5fc4913ea79d/view,,2025-12-04 18:10:06
192,MIC INTRFC MODULE,,,,"This is a solicitation for the manufacture and delivery of a MIC INTRFC MODULE, specifically part numbers 60173-425-01 and 601-425-01 from CAGE code 12763. Key requirements include marking accordin...",,,,d17541eddaa944b183c58d0694e484f6,MIC INTRFC MODULE,https://sam.gov/workspace/contract/opp/d17541eddaa944b183c58d0694e484f6/view,,2025-12-04 18:10:06
193,SETSCREW,,,,"This solicitation outlines the general terms, technical documentation, quality assurance, and packaging requirements for the procurement of critical repair parts for the U.S. Navy. Key item details...",,,,a81514b15ccf43d1bebda7e9ab90098b,SETSCREW,https://sam.gov/workspace/contract/opp/a81514b15ccf43d1bebda7e9ab90098b/view,,2025-12-04 18:10:06
194,TRIP COIL,,,,"This solicitation outlines the general terms, conditions, and technical requirements for a NAVSUP WSS procurement of repair parts. Key requirements include a mandatory vendor review of the Individu...",,,,467730c48dfe46eeb87245591f8359c0,TRIP COIL,https://sam.gov/workspace/contract/opp/467730c48dfe46eeb87245591f8359c0/view,,2025-12-04 18:10:06
195,"AMPLIFIER,AUDIO FRE",,,,"The U.S. Navy is issuing a total small business set-aside solicitation to procure an AMPLIFIER,AUDIO FRE. The contract requires the manufacture of the amplifier in accordance with specific part num...",,,,03e8e76d375f4a218b5da3c226be88f9,"AMPLIFIER,AUDIO FRE",https://sam.gov/workspace/contract/opp/03e8e76d375f4a218b5da3c226be88f9/view,,2025-12-04 18:10:06
196,"BUSHING,SLEEVE",,,,"This solicitation is for the procurement of repair parts and hardware supplies, with all technical and quality requirements detailed in the Individual Repair Part Ordering Data (IRPOD), which is ma...",,,,039477fbb8ce44129ff89670577f39a4,"BUSHING,SLEEVE",https://sam.gov/workspace/contract/opp/039477fbb8ce44129ff89670577f39a4/view,,2025-12-04 18:10:06
197,INSPECTION PENETRAN,,,,"This solicitation is for a commercial product procurement by NAVSUP WSS. The contract requires strict adherence to technical and quality requirements outlined in various documents, with a specific ...",,,,f5c65b6daf2a44938901dd9a21ea49e0,INSPECTION PENETRAN,https://sam.gov/workspace/contract/opp/f5c65b6daf2a44938901dd9a21ea49e0/view,,2025-12-04 18:10:06
198,"MOTOR,ALTERNATING C",,,,"This is a total small business set-aside solicitation for the manufacture of a MOTOR,ALTERNATING C, part number 801628-516 associated with CAGE code 54ZA4. The contract requires adherence to specif...",,,,d1a2828e47604aa4929d581892992f9a,"MOTOR,ALTERNATING C",https://sam.gov/workspace/contract/opp/d1a2828e47604aa4929d581892992f9a/view,,2025-12-04 18:10:06
199,POWER SUPPLY,,,,This solicitation is a Request for Quotation (RFQ) from NAVSUP WSS for the repair of a POWER SUPPLY. The government requires a firm-fixed or not-to-exceed price and requests a Repair Turnaround Tim...,,,,0354221e96bc41b3b9541053542400d1,POWER SUPPLY,https://sam.gov/workspace/contract/opp/0354221e96bc41b3b9541053542400d1/view,,2025-12-04 18:10:06
200,61--POWER SUPPLY,,,,"This solicitation is for the procurement of a POWER SUPPLY, identified by part number 6508700-1 and associated with CAGE codes 52088, 03640, and 5V128. Key requirements include marking in accordanc...",,,,2b06542f5cf84ffb94745e6d36b23785,61--POWER SUPPLY,https://sam.gov/workspace/contract/opp/2b06542f5cf84ffb94745e6d36b23785/view,,2025-12-04 18:10:06
201,"43--FILTER ASSEMBLY,FLU",,,,"This is a solicitation for the manufacture of a FILTER ASSEMBLY,FLU (Part Number: 24-49652, CAGE: 81412) for DLA Maritime Mechanicsburg. The procurement requires adherence to several military stand...",,,,c61c7d4d3a124b7780cd8fb4473ec766,"43--FILTER ASSEMBLY,FLU",https://sam.gov/workspace/contract/opp/c61c7d4d3a124b7780cd8fb4473ec766/view,,2025-12-04 18:10:06
202,12--PERISCOPE SUBASSY,,,,"This solicitation is for the procurement of six units of NSN 1H-1240-016520144-L1, designated as a Level 1 item. The delivery location is Portsmouth Naval Shipyard in Kittery, ME. The acquisition i...",,,,82659c0b262646df9612d96e719ad7d2,12--PERISCOPE SUBASSY,https://sam.gov/workspace/contract/opp/82659c0b262646df9612d96e719ad7d2/view,,2025-12-04 18:10:06
203,PWB LIN SVO V AMPL,,,,This is a total small business set-aside solicitation from the US Navy for the manufacture and delivery of a PWB LIN SVO V AMPL. The required product must conform to the design specified by CAGE co...,,,,508566d3539c444dafe0f566a8d4fc68,PWB LIN SVO V AMPL,https://sam.gov/workspace/contract/opp/508566d3539c444dafe0f566a8d4fc68/view,,2025-12-04 18:10:06
204,WEDGE,,,,"The US Navy is seeking to procure a quantity of 8 units of a product identified as ""WEDGE"" (NSN 1HM 2040 010848063) intended for use on Navy submarines. Vendors must manufacture the item in strict ...",,,,59cb98f764bd4098926437f821660f20,WEDGE,https://sam.gov/workspace/contract/opp/59cb98f764bd4098926437f821660f20/view,,2025-12-04 18:10:06
205,"MOTOR,DIRECT CURREN",,,,"The US Navy is issuing a solicitation for a firm-fixed-price (FFP) contract to procure a direct current motor, part number 7102567-001 from CAGE code 53711. Key requirements include government sour...",,,,44ee0e37cc324400b40ad949251fc6ff,"MOTOR,DIRECT CURREN",https://sam.gov/workspace/contract/opp/44ee0e37cc324400b40ad949251fc6ff/view,,2025-12-04 18:10:06
206,GUN EXTENSION SET,,,,"This is a Request for Quotation (RFQ) for the procurement of a SHIELD, HEAT EXCHANG (Part No. 5187783) and a GUN EXTENSION SET (Part No. 8215269). The solicitation requires a Firm-Fixed Price (FFP)...",,,,6fbbc93a53744a8d8a9e12b7aca84626,GUN EXTENSION SET,https://sam.gov/workspace/contract/opp/6fbbc93a53744a8d8a9e12b7aca84626/view,,2025-12-04 18:10:06
207,"VALVE,BALL",,,,This is a total small business set-aside solicitation from NAVSUP WSS Mechanicsburg for the manufacture or refurbishment of two ball valves. The procurement requires adherence to numerous specific ...,,,,8c53e8b37c074a1688a2db8b65f558af,"VALVE,BALL",https://sam.gov/workspace/contract/opp/8c53e8b37c074a1688a2db8b65f558af/view,,2025-12-04 18:10:06
208,"WASHER,SPHER",,,,"The US Navy is soliciting proposals for the manufacture of a spherical washer, part number 5944943-001 (CAGE 53711). This is a total small business set-aside procurement requiring a delivery timeli...",,,,0e96e8853290410c842335e1ac69bf2d,"WASHER,SPHER",https://sam.gov/workspace/contract/opp/0e96e8853290410c842335e1ac69bf2d/view,,2025-12-04 18:10:06
209,"CONTACTOR,MAGNETIC",,,,"This document outlines the general terms and conditions for a U.S. Navy procurement, likely for critical repair parts. Key requirements include adherence to technical documents like the Individual ...",,,,81a90b1eabed4e33a2613224a2de8c88,"CONTACTOR,MAGNETIC",https://sam.gov/workspace/contract/opp/81a90b1eabed4e33a2613224a2de8c88/view,,2025-12-04 18:10:06
210,CONDUCTIVITY BOARD,,,,"This solicitation is for the procurement of a commercial product, specifically a CONDUCTIVITY BOARD, manufactured by METTLER-TOLEDO LLC with part number 51109840. The procurement specifies FOB Dest...",,,,3bf1648b538f4551a7f56bd553551f65,CONDUCTIVITY BOARD,https://sam.gov/workspace/contract/opp/3bf1648b538f4551a7f56bd553551f65/view,,2025-12-04 18:10:06
211,"VALVE ASSEMBLY,MANI",,,,"This solicitation outlines the comprehensive technical, quality, and packaging requirements for unspecified supplies to be delivered to the U.S. Navy. Bidders must adhere to a strict order of prece...",,,,fe67e602b0a04371b418247227e37f4f,"VALVE ASSEMBLY,MANI",https://sam.gov/workspace/contract/opp/fe67e602b0a04371b418247227e37f4f/view,,2025-12-04 18:10:06
212,"BEARING,BALL BE",,,,"This solicitation is for the procurement of repair part material, set aside entirely for small businesses. The contract places a strong emphasis on adherence to a specific order of precedence for t...",,,,481b476f14a54ec58a75ce574dca8306,"BEARING,BALL BE",https://sam.gov/workspace/contract/opp/481b476f14a54ec58a75ce574dca8306/view,,2025-12-04 18:10:06
213,"VALVE,GLOBE",,,,"This solicitation is for the procurement or repair of three VALVE,GLOBE units (NSN 7HH 4820 013493156). An amendment to the solicitation has removed the small business set-aside, opening the requir...",,,,17b1f64aa93b4167b1918c91f8545ed2,"VALVE,GLOBE",https://sam.gov/workspace/contract/opp/17b1f64aa93b4167b1918c91f8545ed2/view,,2025-12-04 18:10:06
214,Andesern AFB - Portable Toilet BPA,,,,"The 11th Combat Air Base Squadron is seeking to establish up to three Blanket Purchase Agreements (BPAs) for the rental, delivery, and servicing of portable sanitation equipment at Andersen Air For...",,,,70421cdaeb6a440fae9d442e35be7e0f,Andesern AFB - Portable Toilet BPA,https://sam.gov/workspace/contract/opp/70421cdaeb6a440fae9d442e35be7e0f/view,,2025-12-04 18:10:06
215,USAFADS Smoke Oil,,,,This is a brand name request for a firm-fixed-price contract to supply smoke oil for the United States Air Force Air Demonstration Squadron (Thunderbirds). The requirement is for a total of 475 fif...,,,,821683c269594e45bea65370cc1f6856,USAFADS Smoke Oil,https://sam.gov/workspace/contract/opp/821683c269594e45bea65370cc1f6856/view,,2025-12-04 18:10:06
216,NNMC Wellness Program Project,,,,"The Indian Health Service (IHS) at the Northern Navajo Medical Center in Shiprock, NM, intends to award a non-competitive, sole-source contract to Central Consolidated School District for consultat...",,,,90c7a6a4c97c4bc6b3a0c5360d0ed071,NNMC Wellness Program Project,https://sam.gov/workspace/contract/opp/90c7a6a4c97c4bc6b3a0c5360d0ed071/view,,2025-12-04 18:10:06
217,PM Service Agreement for GE AMX 240 Mobile X-Ray System & GE FlashPad HD Detector-SS,,,,This is a Sources Sought Notice issued by the Albuquerque Area Indian Health Service for market research purposes. The agency seeks to identify qualified sources capable of providing a comprehensiv...,,,,980be4d552b44f28b53d465ffdd8b487,PM Service Agreement for GE AMX 240 Mobile X-Ray System & GE FlashPad HD Detector-SS,https://sam.gov/workspace/contract/opp/980be4d552b44f28b53d465ffdd8b487/view,,2025-12-04 18:10:06
218,Notice of Sole Source Award,,,,This is a notice of a sole source award to UptoDate Incorporated for a Point of Care Web-Based Software System. The system is a clinical decision support resource for providers throughout thirteen ...,,,,467cad6768fc4ec18c3e74726a8149a9,Notice of Sole Source Award,https://sam.gov/workspace/contract/opp/467cad6768fc4ec18c3e74726a8149a9/view,,2025-12-04 18:10:06
219,ScanWave Pro-Electronic Probe Interface Module (ePIM),,,,The National Institute of Standards and Technology (NIST) is conducting market research for a ScanWave Pro-Electronic Probe Interface Module (ePIM). This fully electronically tunable module is need...,,,,22295a3826674ac086a01a67d4540bc9,ScanWave Pro-Electronic Probe Interface Module (ePIM),https://sam.gov/workspace/contract/opp/22295a3826674ac086a01a67d4540bc9/view,,2025-12-04 18:10:06
220,Environmental test chamber,,,,The National Institute of Standards and Technology (NIST) is conducting market research for an Environmental Test Chamber and a compatible Water Recirculation System. This equipment is required to ...,,,,65ffafca7a5e4fc683fbef642d75e227,Environmental test chamber,https://sam.gov/workspace/contract/opp/65ffafca7a5e4fc683fbef642d75e227/view,,2025-12-04 18:10:06
221,Brand name or equal requirement: lightning rod replacements and installation,,,,"The government is seeking quotes for a total small business set-aside procurement for brand name or equal lightning rods and bases. The requirement includes the replacement of existing equipment, a...",,,,33c6c0d69a424bd4a68cd2be35f968f0,Brand name or equal requirement: lightning rod replacements and installation,https://sam.gov/workspace/contract/opp/33c6c0d69a424bd4a68cd2be35f968f0/view,,2025-12-04 18:10:06
222,Performance Based Logistics (PBL) for Secondary and Ground-Based Auxiliary Power Systems,,,,"This is a Sources Sought notice for market research to identify responsible sources, other than the OEM Honeywell International Inc., capable of providing a Performance Based Logistics (PBL) soluti...",,,,8eec4da9db56496ab4b0e9075c6fdfd9,Performance Based Logistics (PBL) for Secondary and Ground-Based Auxiliary Power Systems,https://sam.gov/workspace/contract/opp/8eec4da9db56496ab4b0e9075c6fdfd9/view,,2025-12-04 18:10:06
223,"MTS Systems Corporation test equipment, Linear hydraulic actuators, Hydraulic service manifolds , and MTS Software",,,,"The Naval Research Laboratory (NRL) intends to award a sole source purchase order to MTS Systems Corporation for test equipment. The required items include linear hydraulic actuators, hydraulic ser...",,,,d7ec2ef16d1747639ebd3b8a769990d2,"MTS Systems Corporation test equipment, Linear hydraulic actuators, Hydraulic service manifolds , and MTS Software",https://sam.gov/workspace/contract/opp/d7ec2ef16d1747639ebd3b8a769990d2/view,,2025-12-04 18:10:06
224,J079-- Housekeeping Equipment Preventive Maintenance and Repair,,,,This solicitation is for a firm-fixed-price contract to provide scheduled preventive maintenance and unscheduled corrective repair services for government-owned housekeeping equipment. The place of...,,,,6a693b38e94b4367bbf91b35093371af,J079-- Housekeeping Equipment Preventive Maintenance and Repair,https://sam.gov/workspace/contract/opp/6a693b38e94b4367bbf91b35093371af/view,,2025-12-04 18:10:06
225,"59--POLARIZER,LENS,RADO",,,,"This is a proposed procurement for two units of a Polarizer Lens, Rado (NSN 5985012592057). Delivery is required within 5 days of order to the General Depot of Naval Supplies. The solicitation is a...",,,,521ca3cf1d9e47179bd3de1f88bf12d8,"59--POLARIZER,LENS,RADO",https://sam.gov/workspace/contract/opp/521ca3cf1d9e47179bd3de1f88bf12d8/view,,2025-12-04 18:10:06
226,6515--ON-X Consignment,,,,The VA North Texas Healthcare System (VANTHCS) is issuing a notice of intent to award a sole-source contract to Artivion LLC for the procurement of ON-X Heart Valves. The contract will be on a cons...,,,,858af098bb0642aa9dd55a09de3eeb5d,6515--ON-X Consignment,https://sam.gov/workspace/contract/opp/858af098bb0642aa9dd55a09de3eeb5d/view,,2025-12-04 18:10:06
227,VA Augusta Health Care System Home Oxygen and Ventilator Service,,,,"This is a sole-source, three-month bridge contract for home oxygen and ventilator services for the VA Augusta Health Care System. The purpose is to prevent a break in services for veterans while a ...",,,,3b6559c1008046a4874e009410c955e2,VA Augusta Health Care System Home Oxygen and Ventilator Service,https://sam.gov/workspace/contract/opp/3b6559c1008046a4874e009410c955e2/view,,2025-12-04 18:10:06
228,Notice of Intent to Award,,,,The Indian Health Service (IHS) at the Shiprock Service Unit in New Mexico intends to award a sole-source contract to Hill-Rom for annual preventative maintenance and repair services on existing pa...,,,,4bf86098be9c43f1af27864db766ee53,Notice of Intent to Award,https://sam.gov/workspace/contract/opp/4bf86098be9c43f1af27864db766ee53/view,,2025-12-04 18:10:06
229,"42--ADAPTER,QUICK CONNE",,,,,,,,147d09f20cba46c28c8210f646edd0be,"42--ADAPTER,QUICK CONNE",https://sam.gov/workspace/contract/opp/147d09f20cba46c28c8210f646edd0be/view,,2025-12-04 18:10:06
230,"25--TOWBAR,MOTOR VEHICL",,,,,,,,952dd5d8de674ecab8f3c1ae5ada915f,"25--TOWBAR,MOTOR VEHICL",https://sam.gov/workspace/contract/opp/952dd5d8de674ecab8f3c1ae5ada915f/view,,2025-12-04 18:10:06
231,"Twenty-seven (27) semirigid cables, two (2) VNA test cables, ten (10) flexible cables",,,,The National Institute of Standards and Technology (NIST) is conducting market research to identify potential sources for various high-frequency cables. The requirement includes twenty-seven (27) s...,,,,c22d82821a1b450088904ffa09b43748,"Twenty-seven (27) semirigid cables, two (2) VNA test cables, ten (10) flexible cables",https://sam.gov/workspace/contract/opp/c22d82821a1b450088904ffa09b43748/view,,2025-12-04 18:10:06
232,"Complete Facilities Maintenance (CFM) for Yuma Federal Buildings, Limited Sources Justification",,,,This is a limited sources justification for a 12-month bridge contract for Complete Facilities Maintenance (CFM) services at three federal locations in Arizona: the John Rolls U.S. Courthouse in Yu...,,,,228d59a3cbe3460db2cd2443d790376f,"Complete Facilities Maintenance (CFM) for Yuma Federal Buildings, Limited Sources Justification",https://sam.gov/workspace/contract/opp/228d59a3cbe3460db2cd2443d790376f/view,,2025-12-04 18:10:06
233,6350--Additional Door Hardware for Physical Access Control System (PAC),,,,The Department of Veterans Affairs is seeking a qualified contractor to install additional controllers and door hardware for an existing Physical Access Control (PAC) system at the Michael E. DeBak...,,,,85607915ad184f4dbe79d7d581f1da88,6350--Additional Door Hardware for Physical Access Control System (PAC),https://sam.gov/workspace/contract/opp/85607915ad184f4dbe79d7d581f1da88/view,,2025-12-04 18:10:06
234,6505--Positron Emission Tomography (PET) Radiopharmaceuticals for the Albany VA Medical Center,,,,"This is a Sources Sought Notice from the Department of Veterans Affairs for a potential five-year, firm-fixed-price, IDIQ contract to provide Positron Emission Tomography (PET) Radiopharmaceuticals...",,,,82d42fab510b47e7bf086b4b4babdcd4,6505--Positron Emission Tomography (PET) Radiopharmaceuticals for the Albany VA Medical Center,https://sam.gov/workspace/contract/opp/82d42fab510b47e7bf086b4b4babdcd4/view,,2025-12-04 18:10:06
235,"Solicitation for WIRING HARNESS, BRANCHED - NSN: 6150-01-702-8915",,,,"The U.S. Army Contracting Command is seeking a small business to fulfill a five-year, firm-fixed-price IDIQ contract for a maximum of 205 units of a Wiring Harness, Branched (NSN: 6150-01-702-8915)...",,,,8a107ba8ff2e409bb68ca8cda906c5fc,"Solicitation for WIRING HARNESS, BRANCHED - NSN: 6150-01-702-8915",https://sam.gov/workspace/contract/opp/8a107ba8ff2e409bb68ca8cda906c5fc/view,,2025-12-04 18:10:06
236,52000QR260000759 USCGC SPENCER CABLE,,,,"The United States Coast Guard Surface Force Logistics Center is seeking a contractor to provide 200 feet of CABLE, LSTSGU-300 M24643/16-11UN for the USCGC SPENCER. The cable is required to be deliv...",,,,3ee3bf1e4d5e477abebc0e9f68caf261,52000QR260000759 USCGC SPENCER CABLE,https://sam.gov/workspace/contract/opp/3ee3bf1e4d5e477abebc0e9f68caf261/view,,2025-12-04 18:10:06
237,Sources Sought Notice for Xray Tomography Software,,,,The National Institute of Standards and Technology (NIST) is conducting market research to identify sources for an X-ray Tomography (XCT) simulation software for its CHIPS Metrology R&D program. Th...,,,,66011312b26643d59a71793d0353ad62,Sources Sought Notice for Xray Tomography Software,https://sam.gov/workspace/contract/opp/66011312b26643d59a71793d0353ad62/view,,2025-12-04 18:10:06
238,6515--FES Cycling System,,,,The Department of Veterans Affairs (VA) is issuing this Request for Information (RFI) for market research to identify potential sources for a Functional Electrical Stimulation (FES) cycling system....,,,,a9590467ee1f405396afb5d689bd30b7,6515--FES Cycling System,https://sam.gov/workspace/contract/opp/a9590467ee1f405396afb5d689bd30b7/view,,2025-12-04 18:10:06
239,Citrix Brand Name Virtual Apps / Software Subs,,,,"The Naval Air Systems Command (NAVAIR) in Lakehurst, NJ, is seeking to procure brand name Citrix software subscriptions and support under a firm-fixed-price contract. The requirement includes Citri...",,,,f05096dc24174d768b9bc5ca19347be5,Citrix Brand Name Virtual Apps / Software Subs,https://sam.gov/workspace/contract/opp/f05096dc24174d768b9bc5ca19347be5/view,,2025-12-04 18:10:06
240,Protective Security Officer (PSO) Services,,,,"The Federal Protective Service Acquisitions Division intends to issue a sole source contract extension of up to two months to Triple Canopy, Inc. The extension is for the continuation of protective...",,,,a111e4f218cb4006a9916bfae02e7459,Protective Security Officer (PSO) Services,https://sam.gov/workspace/contract/opp/a111e4f218cb4006a9916bfae02e7459/view,,2025-12-04 18:10:06
241,6650--Therapy System,Fujifilm Sonosite,"$25,000 - $45,000+ (Est.)",0.50 (Fuzzy: LX Ultrasound System),"The provided solicitation document is a template or placeholder with section headings such as 'GENERAL INFORMATION', 'AWARD INFORMATION', 'ADDITIONAL INFORMATION', and 'DESCRIPTION'. However, it co...",,,,2bb4fddcc827499faf0609a8312a553a,6650--Therapy System,https://sam.gov/workspace/contract/opp/2bb4fddcc827499faf0609a8312a553a/view,,2025-12-04 18:10:06
242,IHS1520728-Postage,,,,"The Great Plains Area Indian Health Service has issued a notice of intent to award a sole-source, firm-fixed-price purchase order to the United States Postal Service. The contract, valued at an est...",,,,cf1ca273d119444fa08eb65100a5eae8,IHS1520728-Postage,https://sam.gov/workspace/contract/opp/cf1ca273d119444fa08eb65100a5eae8/view,,2025-12-04 18:10:06
243,Maintenance and Support Agreement for Infor/Lawson Software (Cloud Service). (Notice of Intent to Sole Source),,,,"The National Institute of Health, Clinical Center (NIH-CC) has issued a Notice of Intent to negotiate a sole-source contract with Infor (USA), LLC. The requirement is to procure a maintenance softw...",,,,174a08c9311242a2ab1681d3bb49b460,Maintenance and Support Agreement for Infor/Lawson Software (Cloud Service). (Notice of Intent to Sole Source),https://sam.gov/workspace/contract/opp/174a08c9311242a2ab1681d3bb49b460/view,,2025-12-04 18:10:06
244,AN-ARC-210(V)/Mission Systems Management Activity (MSMA) BOA,,,,The Naval Air Warfare Center Aircraft Division (NAWCAD) intends to award a sole source Basic Ordering Agreement (BOA) to Collins Aerospace for supplies and services supporting the Mission Systems M...,,,,93ca388b330a4432aeb039f4806ce388,AN-ARC-210(V)/Mission Systems Management Activity (MSMA) BOA,https://sam.gov/workspace/contract/opp/93ca388b330a4432aeb039f4806ce388/view,,2025-12-04 18:10:06
245,V225--Non-Emergent Ground Ambulance CON65 Southern Arizona VA Healthcare System,,,,"This solicitation is for non-emergency ground ambulance transportation services for the Southern Arizona VA Healthcare System (SAVAHCS), its Community-Based Outpatient Clinics (CBOCs), and affiliat...",,,,41f47de4ae824a8da45d04f257ee8ffc,V225--Non-Emergent Ground Ambulance CON65 Southern Arizona VA Healthcare System,https://sam.gov/workspace/contract/opp/41f47de4ae824a8da45d04f257ee8ffc/view,,2025-12-04 18:10:06
246,"F-16 TANK, FUEL, AIRCRAFT",,,,"This is a combined Request for Information and Synopsis for 15 aircraft fuel tanks (NSN: 1560-01-102-6385 WF). The government is conducting market research to identify responsible sources, noting t...",,,,fc43b58c20b1440e9cca9802ec3c94c5,"F-16 TANK, FUEL, AIRCRAFT",https://sam.gov/workspace/contract/opp/fc43b58c20b1440e9cca9802ec3c94c5/view,,2025-12-04 18:10:06
247,Rudder Sleeves - LSD Class Ship,,,,"The Southwest Regional Maintenance Center (SWRMC) is issuing a Request for Quotation (RFQ) for the procurement and delivery of long lead time material (LLTM), specifically two LSD-Class Rudder Slee...",,,,4d9d9159d3c14c59acf328b3158069cf,Rudder Sleeves - LSD Class Ship,https://sam.gov/workspace/contract/opp/4d9d9159d3c14c59acf328b3158069cf/view,,2025-12-04 18:10:06
248,FILTER CARTRIDGE,,,,"The United States Coast Guard Surface Forces Logistics Center is seeking quotations for 170 each of a specific Filter Cartridge, NSN 2940-12-393-7646, Part Number 0501 210 028, manufactured by ZAHN...",,,,02a05b130a5544eebe11fbe7083308ab,FILTER CARTRIDGE,https://sam.gov/workspace/contract/opp/02a05b130a5544eebe11fbe7083308ab/view,,2025-12-04 18:10:06
249,J066--New - VISN 17 GeneXpert Analyzer M&R Consolidated IDIQ,,,,"The Department of Veterans Affairs, Network Contracting Office 17, is issuing a notice of intent to award a sole-source, firm-fixed-price, single-award IDIQ contract to Cepheid. The procurement is ...",,,,39a170f46403449589f0c145d193b545,J066--New - VISN 17 GeneXpert Analyzer M&R Consolidated IDIQ,https://sam.gov/workspace/contract/opp/39a170f46403449589f0c145d193b545/view,,2025-12-04 18:10:06
250,MERIDIAN IV MAINTENANCE,,,,"The Naval Surface Warfare Center (NSWC) Crane requires sole-source maintenance services for a Meridian IV Scanning Optical Microscope (SOM), Serial Number 7512, and its associated components. The c...",,,,993fe429d3f54b148d94677c64966d9e,MERIDIAN IV MAINTENANCE,https://sam.gov/workspace/contract/opp/993fe429d3f54b148d94677c64966d9e/view,,2025-12-04 18:10:06
251,Sources Sought Notice for Coupled Device Detector Camera System,,,,The National Institute of Standards and Technology (NIST) is conducting market research for a Coupled Device Detector Camera System to support the CHIPS RF Waveform and Rapid Frequency Comb Diagnos...,,,,f4a5be04887743bd8d0ed670af882a0f,Sources Sought Notice for Coupled Device Detector Camera System,https://sam.gov/workspace/contract/opp/f4a5be04887743bd8d0ed670af882a0f/view,,2025-12-04 18:10:06
252,EMALS Development ECP-I-EMALS-0059 EMALS Catapult Status Dashboard (CSD) and ECP-I-EMALS-0060 EMALS Maintenance Laptop,,,,The Naval Air Systems Command (NAVAIR) plans to issue a sole-source contract to General Atomics for two Engineering Change Proposals (ECPs) for the Electromagnetic Aircraft Launch System (EMALS). T...,,,,478c2c08e57546da8b7ba69dcd68525b,EMALS Development ECP-I-EMALS-0059 EMALS Catapult Status Dashboard (CSD) and ECP-I-EMALS-0060 EMALS Maintenance Laptop,https://sam.gov/workspace/contract/opp/478c2c08e57546da8b7ba69dcd68525b/view,,2025-12-04 18:10:06
253,"F-15 Cable and LOD Repair Services, Air Force Enhancement Program (AFREP) for Seymour Johnson AFB",,,,"The 4th Contracting Squadron is seeking repair services for F-15E cable and light off detector parts through a total small business set-aside. The resulting contract will be a firm fixed-price, ind...",,,,91bde494b0d8453d810b5568fe6f3875,"F-15 Cable and LOD Repair Services, Air Force Enhancement Program (AFREP) for Seymour Johnson AFB",https://sam.gov/workspace/contract/opp/91bde494b0d8453d810b5568fe6f3875/view,,2025-12-04 18:10:06
254,Encounter-Based Endoscopy Video Imaging System,,,,The Defense Health Agency Contracting Activity (DHACA) is issuing a Request for Information (RFI) for an enterprise-wide Encounter-Based Endoscopy Video Imaging System for use across all Department...,,,,1e6b873641534a2e90c20fa1dcde7d1b,Encounter-Based Endoscopy Video Imaging System,https://sam.gov/workspace/contract/opp/1e6b873641534a2e90c20fa1dcde7d1b/view,,2025-12-04 18:10:06
255,6515--Patient Monitoring and Connectivity Platform,,,,The Department of Veterans Affairs (VA) is issuing a Request for Information (RFI)/Sources Sought to conduct market research on sources capable of providing a patient monitoring and connectivity pl...,,,,d554acc3a8b74b8d8d5887712b5e2f10,6515--Patient Monitoring and Connectivity Platform,https://sam.gov/workspace/contract/opp/d554acc3a8b74b8d8d5887712b5e2f10/view,,2025-12-04 18:10:06
256,NAVY Trident II D5 Rocket Motor Storage,,,,This is a Sources Sought Notice (SSN) from the Navy's Strategic Systems Programs (SSP) to conduct market research for the Trident II D5 Fleet Ballistic Missile (FBM) Program. The government is seek...,,,,499e98972ba84f2b9dd6cb55926a323a,NAVY Trident II D5 Rocket Motor Storage,https://sam.gov/workspace/contract/opp/499e98972ba84f2b9dd6cb55926a323a/view,,2025-12-04 18:10:06
257,7320--Ventless Griddle,,,,The Department of Veterans Affairs (VA) is issuing a Request for Information (RFI) to identify sources capable of providing a ventless electric griddle and an accompanying fire suppression system f...,,,,6c22ce00c9ec4c949e5d4d9316c6e8e4,7320--Ventless Griddle,https://sam.gov/workspace/contract/opp/6c22ce00c9ec4c949e5d4d9316c6e8e4/view,,2025-12-04 18:10:06
258,Sources Sought Notice for two (2) CMOS Cameras,,,,The National Institute of Standards and Technology (NIST) is conducting market research for the procurement of two scientific complementary metal oxide semiconductor (CMOS) cameras for its MML/646 ...,,,,483918fd5a3f4298990ba10f415254c7,Sources Sought Notice for two (2) CMOS Cameras,https://sam.gov/workspace/contract/opp/483918fd5a3f4298990ba10f415254c7/view,,2025-12-04 18:10:06
259,"MQ-9A Central Avionic Bay (CAB) ), DuraNET Cable Parts, Radar Equipment Airborne (REA) and Automatic Information Systems (AIS) Mission Kits Parts Buy",,,,"The Naval Air Systems Command (NAVAIR) intends to issue a sole-source delivery order to General Atomics – Aeronautical Systems, Inc. (GA-ASI) for the procurement of various mission-critical compone...",,,,c039f2b848d94373847af695b2a0049c,"MQ-9A Central Avionic Bay (CAB) ), DuraNET Cable Parts, Radar Equipment Airborne (REA) and Automatic Information Systems (AIS) Mission Kits Parts Buy",https://sam.gov/workspace/contract/opp/c039f2b848d94373847af695b2a0049c/view,,2025-12-04 18:10:06
260,"ELBOW,PIPE",,,,"This solicitation is for the procurement of 2-inch, 90-degree, long radius, 70/30 copper-nickel alloy pipe elbows for a critical shipboard system. The items are designated as Special Emphasis Mater...",,,,b4db92f04ef9435d99b0dd7792b2c606,"ELBOW,PIPE",https://sam.gov/workspace/contract/opp/b4db92f04ef9435d99b0dd7792b2c606/view,,2025-12-04 18:10:06
261,J045--Boiler Plant Operator Service contract,,,,"The Department of Veteran Affairs NCO 1 is seeking quotations for Boiler Operator Services at its facility in Leeds, MA. This is a 100% Service-Disabled Veteran-Owned Small Business (SDVOSB) set-as...",,,,7db2ae2b73ff49248f7e00ab037b1907,J045--Boiler Plant Operator Service contract,https://sam.gov/workspace/contract/opp/7db2ae2b73ff49248f7e00ab037b1907/view,,2025-12-04 18:10:06
262,"47--TUBE AND FITTINGS,M",,,,,,,,708479d54ef54484a27e2dc2dc660dd6,"47--TUBE AND FITTINGS,M",https://sam.gov/workspace/contract/opp/708479d54ef54484a27e2dc2dc660dd6/view,,2025-12-04 18:10:06
263,42--M7 POWER MODULE WIT,,,,"The solicitation description provided is blank. No details regarding the soliciting entity, product requirements, or delivery location could be extracted from the content.",,,,d8a241bc668d4162bcb37acf84edc2d3,42--M7 POWER MODULE WIT,https://sam.gov/workspace/contract/opp/d8a241bc668d4162bcb37acf84edc2d3/view,,2025-12-04 18:10:06
264,Z1PZ-- 648-20-121 Construct Campus Security Fence and Access Control (Vancouver) CAMERAS ONLY,,,,"This is a Sources Sought notice for market research for Project 648-20-121 at the VA's Vancouver Campus. The scope of work includes constructing a new campus security fence, complete with a 1,100-f...",,,,e43be44cefbf4206a20d8ef3befe5ea0,Z1PZ-- 648-20-121 Construct Campus Security Fence and Access Control (Vancouver) CAMERAS ONLY,https://sam.gov/workspace/contract/opp/e43be44cefbf4206a20d8ef3befe5ea0/view,,2025-12-04 18:10:06
265,J065--Horcher Ceiling Lift Service,,,,The Department of Veterans Affairs requires onsite preventive and corrective maintenance services for Horcher Medical Systems ceiling-mounted patient lifting systems. The places of performance are ...,,,,fd3f68da14b34556b5ecfabb6bd1690c,J065--Horcher Ceiling Lift Service,https://sam.gov/workspace/contract/opp/fd3f68da14b34556b5ecfabb6bd1690c/view,,2025-12-04 18:10:06
266,"PAD,MIDDLE",,,,"This solicitation is a total small business set-aside for the manufacture of a 'PAD,MIDDLE', identified by part number 6236878-001. The contractor must adhere to detailed requirements outlined in m...",,,,0c5b0d2cba814e2983ddc1682126da36,"PAD,MIDDLE",https://sam.gov/workspace/contract/opp/0c5b0d2cba814e2983ddc1682126da36/view,,2025-12-04 18:10:06
267,CABLE ASSY,,,,"This solicitation is a total small business set-aside for the manufacture and delivery of two types of Cable Assemblies, part numbers 7188430-3 and 7188430-4. The contractor must adhere to the requ...",,,,17c0e3b614694c69af0588dbd6e4d6dc,CABLE ASSY,https://sam.gov/workspace/contract/opp/17c0e3b614694c69af0588dbd6e4d6dc/view,,2025-12-04 18:10:06
268,Procurement of Main Landing Gear and Nose Landing Gear Tires in Support of the HC-144 Aircraft,,,,The United States Coast Guard (USCG) is seeking to procure Main Landing Gear (MLG) and Nose Landing Gear (NLG) tires for the HC-144 Aircraft. This requirement will be fulfilled through a sole-sourc...,,,,6d291073bac74118a789324d3f32eaf8,Procurement of Main Landing Gear and Nose Landing Gear Tires in Support of the HC-144 Aircraft,https://sam.gov/workspace/contract/opp/6d291073bac74118a789324d3f32eaf8/view,,2025-12-04 18:10:06
269,Thyratron Tubes,,,,"This is a solicitation for the fabrication, packaging, shipping, and delivery of Thyratron Tubes. Proposals must be firm fixed-price, with delivery FOB Destination to Lemont, Illinois. All work mus...",,,,81583fdda1444671b3ed22b08bac839d,Thyratron Tubes,https://sam.gov/workspace/contract/opp/81583fdda1444671b3ed22b08bac839d/view,,2025-12-04 18:10:06
270,J065--Medrad Systems Preventive Maintenance,,,,"The Fayetteville VA Medical Center requires a firm-fixed-price contract for preventive maintenance, service, and technical support for various Bayer Medrad systems, including Stellant Flex and Sola...",,,,38ff3eee8b37492ba0894168cf95d60e,J065--Medrad Systems Preventive Maintenance,https://sam.gov/workspace/contract/opp/38ff3eee8b37492ba0894168cf95d60e/view,,2025-12-04 18:10:06
271,Sources Sought Notice for a MIR Camera,,,,"The National Institute of Standards and Technology (NIST) is conducting market research for its Digital Twins for Atomic Layer Deposition Processes Project. They seek to procure a high-sensitivity,...",,,,23740ce9b5474d1a9441c503fbd32582,Sources Sought Notice for a MIR Camera,https://sam.gov/workspace/contract/opp/23740ce9b5474d1a9441c503fbd32582/view,,2025-12-04 18:10:06
272,J065--Varian Hardware & Software Full-scale PMI for ARIA & Eclipse Systems,,,,"The Department of Veterans Affairs (VA) is seeking a contractor for a service contract at the VA Medical Center in Los Angeles, CA. The contract requires comprehensive support, including maintenanc...",,,,b04424f3673c4cc1bc7477c593779717,J065--Varian Hardware & Software Full-scale PMI for ARIA & Eclipse Systems,https://sam.gov/workspace/contract/opp/b04424f3673c4cc1bc7477c593779717/view,,2025-12-04 18:10:06
273,Door Aircraft,,,,The U.S. Air Force is seeking to procure two spare aircraft doors (NSN: 1560013674794FW) for the B-2 aircraft. These main landing gear doors are made of composite material and have specific dimensi...,,,,3cd116d1e02541b088b24fef878c0776,Door Aircraft,https://sam.gov/workspace/contract/opp/3cd116d1e02541b088b24fef878c0776/view,,2025-12-04 18:10:06
274,"Commander, Fleet Readiness Centers (COMFRC); Digital Group; Depot Maintenance, Repair and Overhaul (MRO)/Naval Air Systems Command (NAVAIR) Depot Maintenance System (NDMS) IT Program/Project Functional Requirements, and Software Lifecycle Support (ITPSS)",,,,"The Commander, Fleet Readiness Centers (COMFRC) Digital Group is issuing a Sources Sought notice for market research purposes to identify businesses capable of providing IT program/project function...",,,,c465117c0d2841cfab78819d5a443cfc,"Commander, Fleet Readiness Centers (COMFRC); Digital Group; Depot Maintenance, Repair and Overhaul (MRO)/Naval Air Systems Command (NAVAIR) Depot Maintenance System (NDMS) IT Program/Project Functional Requirements, and Software Lifecycle Support (ITPSS)",https://sam.gov/workspace/contract/opp/c465117c0d2841cfab78819d5a443cfc/view,,2025-12-04 18:10:06
275,6640--Lab Dishwasher,,,,"This solicitation is for a complete laboratory dishwasher system, Brand Name or equal to a Steris Reliance 400XL Dishwasher, for the Sioux Falls VA Medical Center. The requirement includes the main...",,,,39528a6ebcd043db823d26555108413d,6640--Lab Dishwasher,https://sam.gov/workspace/contract/opp/39528a6ebcd043db823d26555108413d/view,,2025-12-04 18:10:06
276,J065--Carefusion Pyxis Preventative and Maintenance Full-Service,,,,"The Department of Veterans Affairs, NCO 4, intends to award a sole-source contract for full-service preventive maintenance and emergency repair services for Carefusion Pyxis automated medication di...",,,,f152ed34fc164723b2b57d866261f4ba,J065--Carefusion Pyxis Preventative and Maintenance Full-Service,https://sam.gov/workspace/contract/opp/f152ed34fc164723b2b57d866261f4ba/view,,2025-12-04 18:10:06
277,HMIT Test Stand Maintenance,,,,This solicitation is for the maintenance and repair of two (2) Helmet Mounted Integrated Targeting System (HMIT) Test Stands for the 523d Electronics Maintenance Squadron (EMXS) at Hill Air Force B...,,,,31ca2dfe3f2741ea8ec4d546e7a42d25,HMIT Test Stand Maintenance,https://sam.gov/workspace/contract/opp/31ca2dfe3f2741ea8ec4d546e7a42d25/view,,2025-12-04 18:10:06
278,USMS FY26 TD 26009 DTFP SURGE EARPIECES,,,,"The U.S. Marshals Service seeks to procure specific earpieces and microphone units under a total small business set-aside. The requirement is for 90 N-EAR 360 left earpieces, 10 N-EAR 360 right ear...",,,,908a44cd0cf44403b286ef34513894d0,USMS FY26 TD 26009 DTFP SURGE EARPIECES,https://sam.gov/workspace/contract/opp/908a44cd0cf44403b286ef34513894d0/view,,2025-12-04 18:10:06
279,"95--PLATE,METAL",,,,"This is a proposed Request for Quotation (RFQ) for the procurement of two units of a metal plate, identified by NSN 9535005962004. The items are to be delivered to the GENERAL DEPOT OF NAVAL SUPPLI...",,,,9abcf7ce12474a849be7d00c65603d83,"95--PLATE,METAL",https://sam.gov/workspace/contract/opp/9abcf7ce12474a849be7d00c65603d83/view,,2025-12-04 18:10:06
280,"F-15 Flameholder Repair Services, Air Force Enhancement Program (AFREP) for Seymour Johnson AFB",,,,The 4th Contracting Squadron at Seymour Johnson Air Force Base is seeking a contractor for repair services of F-15E flameholder parts. This solicitation is a total small business set-aside for a fi...,,,,e3577b40e92348ab92c8afc9c1b6da14,"F-15 Flameholder Repair Services, Air Force Enhancement Program (AFREP) for Seymour Johnson AFB",https://sam.gov/workspace/contract/opp/e3577b40e92348ab92c8afc9c1b6da14/view,,2025-12-04 18:10:06
281,6515--NX EQ Microwave Therapy Systems: Tissue Ablation,,,,The Strategic Acquisition Center issued solicitation 36C10G25R0048 for Microwave Therapy Systems for Tissue Ablation on behalf of the Department of Veterans Affairs. These systems are intended to s...,,,,0820b6631a1048309f448690ec5f149b,6515--NX EQ Microwave Therapy Systems: Tissue Ablation,https://sam.gov/workspace/contract/opp/0820b6631a1048309f448690ec5f149b/view,,2025-12-04 18:10:06
282,Link Assembly Aircraft /CTN (WSDC) V-22 Peculiar Support Equipment (PSE); PR: 7005901843; NSN: 4920-015016762,,,,This is a total small business set-aside solicitation for 25 units of a Link Assembly Aircraft (NSN 4920-015016762) for V-22 Peculiar Support Equipment. The requirement is defined by specific drawi...,,,,4d027855c1a24677a2ccd35b551b9316,Link Assembly Aircraft /CTN (WSDC) V-22 Peculiar Support Equipment (PSE); PR: 7005901843; NSN: 4920-015016762,https://sam.gov/workspace/contract/opp/4d027855c1a24677a2ccd35b551b9316/view,,2025-12-04 18:10:06
283,TCAS Processor Spares,,,,"The Naval Air Systems Command, V-22 Joint Program Office (PMA-275), has issued a sole-source, firm-fixed-price delivery order modification to Honeywell International, Inc. for Traffic Collision Avo...",,,,d6128e2a58b14ac89d930e0da239fc25,TCAS Processor Spares,https://sam.gov/workspace/contract/opp/d6128e2a58b14ac89d930e0da239fc25/view,,2025-12-04 18:10:06
284,Intent to Sole Source: Toners and Ink Cartridges,,,,"The Navajo Area Indian Health Service, Pinon Health Center, intends to award a non-competitive, sole-source purchase order to GLOBAL DATA PRODUCTS for the supply of toners and ink cartridges. The p...",,,,2702fe1a8b3f4f83a67cab4e33de51db,Intent to Sole Source: Toners and Ink Cartridges,https://sam.gov/workspace/contract/opp/2702fe1a8b3f4f83a67cab4e33de51db/view,,2025-12-04 18:10:06
285,Advanced Cyber Operations Prototypes (A-COP),,,,"This solicitation sought the research, design, and development of next-generation cyber platform and framework prototypes for transition into operational Department of Defense (DoD) platforms. Key ...",,,,2ac45b69b549482d91dba63dcb7e0a7a,Advanced Cyber Operations Prototypes (A-COP),https://sam.gov/workspace/contract/opp/2ac45b69b549482d91dba63dcb7e0a7a/view,,2025-12-04 18:10:06
286,Snow Removal Services for KS065 (MS),,,,"The contractor is required to provide comprehensive snow removal services. This entails supplying all personnel, labor, equipment, supplies, transportation, tools, materials, and supervision needed...",,,,42e89c08c1e9453c878d763ae1cc6f84,Snow Removal Services for KS065 (MS),https://sam.gov/workspace/contract/opp/42e89c08c1e9453c878d763ae1cc6f84/view,,2025-12-04 18:10:06
287,Raman Spectrometer,,,,"The National Renewable Energy Laboratory (NREL) is seeking to procure one fully integrated, high-resolution confocal Raman Spectrometer. Key requirements include UV (325nm) and visible green (532nm...",,,,ce0fc35472004cbe838bb6807d35d1a9,Raman Spectrometer,https://sam.gov/workspace/contract/opp/ce0fc35472004cbe838bb6807d35d1a9/view,,2025-12-04 18:10:06
288,"Pre-Award Synopsis: Contract Modification for FY26 SEWIP Block 3 Hemisphere and Quadrant EA Subsystem Production, Ancillary Equipment, and Spares",,,,The Naval Sea Systems Command (NAVSEA) intends to award a sole source modification to Northrop Grumman Systems Corporation for Fiscal Year 2026 requirements of the AN/SLQ-32(V)7 system. The procure...,,,,49fda41a89d848bfbe44aec0db25f850,"Pre-Award Synopsis: Contract Modification for FY26 SEWIP Block 3 Hemisphere and Quadrant EA Subsystem Production, Ancillary Equipment, and Spares",https://sam.gov/workspace/contract/opp/49fda41a89d848bfbe44aec0db25f850/view,,2025-12-04 18:10:06
289,FIGHT TONIGHT,,,,The Air Force Research Laboratory (AFRL) is seeking innovative research for its 'Fight Tonight' program to revolutionize air operations planning by combining Artificial Intelligence (AI) and intera...,,,,7382b0fdb6ad4c68831a9d1a710955bc,FIGHT TONIGHT,https://sam.gov/workspace/contract/opp/7382b0fdb6ad4c68831a9d1a710955bc/view,,2025-12-04 18:10:06
290,Z1DA--Upgrade TV System IFB 553-22-209,,,,"The Department of Veterans Affairs is issuing a pre-solicitation for a project to upgrade the TV system at the John D. Dingell VA Medical Center in Detroit, Michigan. The contractor will be respons...",,,,0a15bf5b6b2d498c82c1227237713e06,Z1DA--Upgrade TV System IFB 553-22-209,https://sam.gov/workspace/contract/opp/0a15bf5b6b2d498c82c1227237713e06/view,,2025-12-04 18:10:06
291,V-22 Spares (Outfitting Requirements),,,,NAVSUP Weapon Systems Support (NAVSUP WSS) Philadelphia is seeking to acquire V-22 Osprey Platform spares to support new outfitting requirements and changes to current outfitting levels. The procur...,,,,4c5bc5bdb7f846f8bb39334bca5bdff0,V-22 Spares (Outfitting Requirements),https://sam.gov/workspace/contract/opp/4c5bc5bdb7f846f8bb39334bca5bdff0/view,,2025-12-04 18:10:06
292,OPTOMETRY EQUIPMENT- CLINTON IHS,,,,"This is a combined synopsis/solicitation issued by the Indian Health Service, Clinton Service Unit, for the procurement of two new Zeiss Cirrus Model 6000 OCT devices with AngioPlex software, or an...",,,,3140f9d472a14eb3b0043bc8284ef37b,OPTOMETRY EQUIPMENT- CLINTON IHS,https://sam.gov/workspace/contract/opp/3140f9d472a14eb3b0043bc8284ef37b/view,,2025-12-04 18:10:06
293,"Joint Program Executive Office for Chemical, Biological, Radiological, and Nuclear Defense (CBRND) Operational Support (JCOS)",,,,"This Request for Information (RFI) seeks market research on capabilities to provide comprehensive operational support services for the Joint Program Executive Office for Chemical, Biological, Radio...",,,,0d3c78925d764410a4ac285f4df67290,"Joint Program Executive Office for Chemical, Biological, Radiological, and Nuclear Defense (CBRND) Operational Support (JCOS)",https://sam.gov/workspace/contract/opp/0d3c78925d764410a4ac285f4df67290/view,,2025-12-04 18:10:06
294,Allowance Buy - Various V22 Parts,,,,NAVSUP Weapon Systems Support (NAVSUP WSS) Philadelphia is seeking to acquire V-22 Osprey Platform spares to fulfill new outfitting requirements and update current stock levels. The procurement cov...,,,,18f608ee9d624209987fc3c67621c70a,Allowance Buy - Various V22 Parts,https://sam.gov/workspace/contract/opp/18f608ee9d624209987fc3c67621c70a/view,,2025-12-04 18:10:06
295,Parts Washer Cleaner Services BPA,,,,"This solicitation is for a contractor to provide parts washer cleaning services on an as-required basis. The provided documents lack specific details regarding the quantity, technical specification...",,,,e3bcb2f03c5a4d06a6775284f26e10ab,Parts Washer Cleaner Services BPA,https://sam.gov/workspace/contract/opp/e3bcb2f03c5a4d06a6775284f26e10ab/view,,2025-12-04 18:10:06
296,Purchase of 6 MFDs and supplies for Diego Garcia,,,,"The Defense Logistics Agency (DLA) is requesting quotations to purchase six (6) new, TAA-compliant, One-Net compatible color multifunctional devices (MFDs) with inline finishers and CAC capabilitie...",,,,a307b80520834bd085f0094e570034ca,Purchase of 6 MFDs and supplies for Diego Garcia,https://sam.gov/workspace/contract/opp/a307b80520834bd085f0094e570034ca/view,,2025-12-04 18:10:06
297,ASTM Compass Subscription Renewal,,,,"The Naval Undersea Warfare Center Division, Newport (NUWCDIVNPT) intends to award a sole-source, firm-fixed-price purchase order to ASTM International for an annual subscription to the ASTM Compass...",,,,99a4f22aed54408689a24b3aacd4df48,ASTM Compass Subscription Renewal,https://sam.gov/workspace/contract/opp/99a4f22aed54408689a24b3aacd4df48/view,,2025-12-04 18:10:06
298,"NUT,SELF-LOCKING,HE",,,,This solicitation is a total small business set-aside for the procurement of Level I/SUBSAFE self-locking heavy hex nuts (Part Number M32258-UAC10) for a crucial shipboard system. The contract requ...,,,,83765848956848a1a131276a85ee8ade,"NUT,SELF-LOCKING,HE",https://sam.gov/workspace/contract/opp/83765848956848a1a131276a85ee8ade/view,,2025-12-04 18:10:06
299,"HEAD,FLUID FILTER",,,,"This solicitation is for the procurement of a 'Closure, Machining' component, which is designated as Special Emphasis (Level I) material for a critical shipboard system. A key requirement is the ma...",,,,0ef472c4b21e4b0194dbbe71a2b245f8,"HEAD,FLUID FILTER",https://sam.gov/workspace/contract/opp/0ef472c4b21e4b0194dbbe71a2b245f8/view,,2025-12-04 18:10:06
300,Construction Basic Ordering Agreement,,,,"This solicitation is an on-ramping opportunity for a Construction Basic Ordering Agreement (CBOA) to provide a broad range of maintenance, repair, and construction services at Lajes Field, Azores, ...",,,,506b50d967d34fd4b5ebc939b5e43817,Construction Basic Ordering Agreement,https://sam.gov/workspace/contract/opp/506b50d967d34fd4b5ebc939b5e43817/view,,2025-12-04 18:10:06
301,"61--CABLE ASSEMBLY,POWE",,,,"The provided solicitation description is blank, containing no information regarding the requirements, products, services, or issuing agency.",,,,5798bca61c704040ab071421fcd20fca,"61--CABLE ASSEMBLY,POWE",https://sam.gov/workspace/contract/opp/5798bca61c704040ab071421fcd20fca/view,,2025-12-04 18:10:06
302,"14--MECHANISM ASSEMBLY, IN REPAIR/MODIFICATION OF",,,,The government intends to issue a sole-source contract for the procurement of 110 units of a product identified by NSN 7R-1440-014133910-MX. The product must be in accordance with reference number ...,,,,c824d020f1af4e5e884a0cd136ecd9e6,"14--MECHANISM ASSEMBLY, IN REPAIR/MODIFICATION OF",https://sam.gov/workspace/contract/opp/c824d020f1af4e5e884a0cd136ecd9e6/view,,2025-12-04 18:10:06
303,"99--BULKHEAD ASSY,ACFT.",,,,"This is a sole-source solicitation for one unit of a flight-critical part, identified by NSN 1R-9999-LLHP5Z561-V2. The procurement requires engineering source approval by the design control activit...",,,,99fce0756ffc4aa187a70d2be03c3769,"99--BULKHEAD ASSY,ACFT.",https://sam.gov/workspace/contract/opp/99fce0756ffc4aa187a70d2be03c3769/view,,2025-12-04 18:10:06
304,"58--PROCESSOR,RADAR DAT, IN REPAIR/MODIFICATION OF",,,,"This solicitation is a Request for Quotation (RFQ) for the repair of 13 units of a Radar Data Processor (P/N 940-0330-001, NSN 015353962). The contractor must provide all facilities, labor, materia...",,,,4465d9934c804d90aa369ef77bf3dde7,"58--PROCESSOR,RADAR DAT, IN REPAIR/MODIFICATION OF",https://sam.gov/workspace/contract/opp/4465d9934c804d90aa369ef77bf3dde7/view,,2025-12-04 18:10:06
305,53--NUT BLANK,,,,"This is a sole-source solicitation for 553 units of a flight-critical hardware component, identified by NSN 1R-5310-017246691-P8 and reference number BACN11F3-5CM. The part is a commercial/off-the-...",,,,cb972afff3de43b1854d9bb44c529848,53--NUT BLANK,https://sam.gov/workspace/contract/opp/cb972afff3de43b1854d9bb44c529848/view,,2025-12-04 18:10:06
306,BIAS BOARD,,,,"The Defense Logistics Agency (DLA) is issuing an amended solicitation to increase the quantity of a new spares requirement for the EMALS system from 5 to 10 each. This is a non-critical ALRE item, ...",,,,379778cc04ba42cfaabf7bd86404e744,BIAS BOARD,https://sam.gov/workspace/contract/opp/379778cc04ba42cfaabf7bd86404e744/view,,2025-12-04 18:10:06
307,"59--COUPLER,TRANSMISSIO",,,,"This amendment modifies a solicitation to update the required delivery date from 90 days to 400 days. The evaluation criteria have been clarified, establishing that delivery is more important than ...",,,,a6c60352ad9440f7bc17adfeae18e13d,"59--COUPLER,TRANSMISSIO",https://sam.gov/workspace/contract/opp/a6c60352ad9440f7bc17adfeae18e13d/view,,2025-12-04 18:10:06
308,"59--COUPLER,TRANSMISSIO",,,,"The government is seeking to procure six units of a product identified by NSN 1R-5985-017217842-P8 and reference number D-500-L456-2-614-360. The delivery term is FOB Origin, and the government pre...",,,,5102e4f138164317a4b11bac1c780ad6,"59--COUPLER,TRANSMISSIO",https://sam.gov/workspace/contract/opp/5102e4f138164317a4b11bac1c780ad6/view,,2025-12-04 18:10:06
309,"53--SCREW,CLOSE TOLERAN",,,,This is a competitive solicitation for a commercial product procurement. Quotes must be submitted via email by 4:30 PM EST on the closing date. The award will be made to the responsible offeror who...,,,,b9d65b1ff8934fa798831fd29c6ef693,"53--SCREW,CLOSE TOLERAN",https://sam.gov/workspace/contract/opp/b9d65b1ff8934fa798831fd29c6ef693/view,,2025-12-04 18:10:06
310,"SPE4A626RX266, 3120-013722735, Bearing, Sleeve, Part# 4080903",,,,"This solicitation is for a five-year, commercial Indefinite Delivery Contract for a sleeve bearing (NSN 3120-013722735). The government has an estimated annual demand of 994 units, with a minimum o...",,,,5b7a298910334fc2b782f4b9077639ab,"SPE4A626RX266, 3120-013722735, Bearing, Sleeve, Part# 4080903",https://sam.gov/workspace/contract/opp/5b7a298910334fc2b782f4b9077639ab/view,,2025-12-04 18:10:06
311,53--LOCKNUT,,,,"This solicitation is for the procurement of 10 units of a LOCKNUT (NSN: 5310 016338457) to be manufactured in accordance with Emerson Drawing 20307. The item is designated as critical, Special Emph...",,,,8282799e0684448380fce1871e6ec384,53--LOCKNUT,https://sam.gov/workspace/contract/opp/8282799e0684448380fce1871e6ec384/view,,2025-12-04 18:10:06
312,53--LOCKNUT,,,,"The government is seeking to procure 25 units of NSN 1H-5310-016338457-D4, manufactured in accordance with Emerson Drawing 20307. This is a notice of intent for a sole-source contract action, as th...",,,,ea22de316e75449dac32de1f341c3079,53--LOCKNUT,https://sam.gov/workspace/contract/opp/ea22de316e75449dac32de1f341c3079/view,,2025-12-04 18:10:06
313,"53--NUT,SLF-LKG,HVY HEX",,,,"This solicitation is for a quantity of 8 self-locking, heavy hex nuts (Part No: ESNA 09NU-149) made of Nickel-Copper Alloy. The nuts are designated as Special Emphasis Material for use in a crucial...",,,,d6df33505b5b41e8a2ffef48b8bbcb40,"53--NUT,SLF-LKG,HVY HEX",https://sam.gov/workspace/contract/opp/d6df33505b5b41e8a2ffef48b8bbcb40/view,,2025-12-04 18:10:06
314,"STEM,FLUID VALVE",,,,"This solicitation is for a Stem for a combination exhaust drain valve, designated as critical, Level I/SUBSAFE material for a shipboard system. The product must be manufactured in accordance with N...",,,,f6bdce45cbd94543ad5861a6e047ae54,"STEM,FLUID VALVE",https://sam.gov/workspace/contract/opp/f6bdce45cbd94543ad5861a6e047ae54/view,,2025-12-04 18:10:06
315,59--JUNCTION BOX,,,,"This solicitation is for the procurement of Junction Boxes, which are designated as Special Emphasis (Level I) material for a critical shipboard system. The items must be manufactured in strict acc...",,,,dcd42559a73144ce85ed36f22f216d03,59--JUNCTION BOX,https://sam.gov/workspace/contract/opp/dcd42559a73144ce85ed36f22f216d03/view,,2025-12-04 18:10:06
316,59--JUNCTION BOX,,,,This solicitation is for the procurement of 10 units of an item identified by National Stock Number (NSN) 7H-5975-013004677-D4. The required items must conform to Technical Data Package (TDP) versi...,,,,a68a0bcb3d3f4c4cb85e211a6bbc18aa,59--JUNCTION BOX,https://sam.gov/workspace/contract/opp/a68a0bcb3d3f4c4cb85e211a6bbc18aa/view,,2025-12-04 18:10:06
317,"59--JUNCTION BOX, IN REPAIR/MODIFICATION OF",,,,This solicitation is a firm-fixed-price requirement for the complete repair of two JUNCTION BOXES (P/N: S-5343934-3/1-104) to 'like new' or 'A' condition. The items are designated as critical 'SPEC...,,,,4c5d31a3f3f34dd08696243b858482bc,"59--JUNCTION BOX, IN REPAIR/MODIFICATION OF",https://sam.gov/workspace/contract/opp/4c5d31a3f3f34dd08696243b858482bc/view,,2025-12-04 18:10:06
318,"59--JUNCTION BOX, IN REPAIR/MODIFICATION OF",,,,"This is a total small business set-aside solicitation for one Junction Box, identified by NSN 7H-5975-013004677-D4 and part number 302-5583831. The required product must adhere to Technical Data Pa...",,,,86087675dfc94c10b8bba24d0f720129,"59--JUNCTION BOX, IN REPAIR/MODIFICATION OF",https://sam.gov/workspace/contract/opp/86087675dfc94c10b8bba24d0f720129/view,,2025-12-04 18:10:06
319,BUSHING,,,,"This solicitation is a total small business set-aside for the manufacture of a BUSHING, part number 5677126-101, for the Naval Sea Systems Command. The contractor must adhere to the detailed requir...",,,,538387585e134d65b575945ee52f3c91,BUSHING,https://sam.gov/workspace/contract/opp/538387585e134d65b575945ee52f3c91/view,,2025-12-04 18:10:06
320,"EPOXY PUTTY,TITANIU",,,,"The U.S. Navy is soliciting proposals for the manufacture of Epoxy Putty, Titanium, under part number 7124138-001. This is a total small business set-aside procurement requiring a delivery timeline...",,,,947810e1252f4b55ac9f08c9b8d70247,"EPOXY PUTTY,TITANIU",https://sam.gov/workspace/contract/opp/947810e1252f4b55ac9f08c9b8d70247/view,,2025-12-04 18:10:06
321,"DISPLAY,MAN PORTBL",,,,"This is a Request for Quotation (RFQ) from NAVSUP WSS for the repair of a 'DISPLAY,MAN PORTBL' (Part No: CB85168-001). The key requirement is a 76-day Repair Turnaround Time (RTAT). The contract is...",,,,b2292e75a8064bfbbeaaf412e8590401,"DISPLAY,MAN PORTBL",https://sam.gov/workspace/contract/opp/b2292e75a8064bfbbeaaf412e8590401/view,,2025-12-04 18:10:06
322,ALARM-MONITOR GROUP,,,,This solicitation is a Request for Quotation (RFQ) for the procurement of eight (8) units of an ALARM-MONITOR GROUP. The key requirements include adherence to specific military standards for markin...,,,,dfbd41bb582148d7945d4f7ab90d106d,ALARM-MONITOR GROUP,https://sam.gov/workspace/contract/opp/dfbd41bb582148d7945d4f7ab90d106d/view,,2025-12-04 18:10:06
323,Signal Studios License,,,,The Naval Research Laboratory (NRL) is issuing a Request for Quotations (RFQ) to procure 'Signal Studio for MESG' on a brand name or equivalent basis. This is a total small business set-aside under...,,,,9e0c4f71252c4ef484a8cf284055ebbb,Signal Studios License,https://sam.gov/workspace/contract/opp/9e0c4f71252c4ef484a8cf284055ebbb/view,,2025-12-04 18:10:06
324,6515--SUPPLY-CARDIOFORM SEPTAL OCCLUDER- INDIANAPOLIS,,,,"The solicitation document provided is a template with section headers for 'GENERAL INFORMATION', 'AWARD INFORMATION', 'ADDITIONAL INFORMATION', and 'DESCRIPTION', but contains no specific content. ...",,,,d4321ab50f1b4e7aa15866c464aea690,6515--SUPPLY-CARDIOFORM SEPTAL OCCLUDER- INDIANAPOLIS,https://sam.gov/workspace/contract/opp/d4321ab50f1b4e7aa15866c464aea690/view,,2025-12-04 18:10:06
325,Cancellation-Notice of Intent to Sole Source-GARNET,,,,"The National Geospatial Intelligence Agency (NGA) intends to issue a sole-source contract to Palantir USG, Inc. for the GEOINT AI Repository for NSG Enterprise Tools (GARNET). The requirement encom...",,,,8cc1649a21c14f5883a1ae5610674b4e,Cancellation-Notice of Intent to Sole Source-GARNET,https://sam.gov/workspace/contract/opp/8cc1649a21c14f5883a1ae5610674b4e/view,,2025-12-04 18:10:06
326,Z1DA--Upgrade Facility Generator Controls Construction 585-25-103,,,,The Oscar G. Johnson VA Medical Center is conducting market research for a construction project to upgrade the generator control system for three 1250kW Cummins generators. This is an intent to sol...,,,,f90af8271886447d90341088ba31c9d4,Z1DA--Upgrade Facility Generator Controls Construction 585-25-103,https://sam.gov/workspace/contract/opp/f90af8271886447d90341088ba31c9d4/view,,2025-12-04 18:10:06
327,155mm M795 Metal Parts Artillery Assembly Ceiling Increase Justification and Approval,,,,"The U.S. Army Contracting Command-New Jersey (ACC-NJ) has awarded a sole-source modification to contract W15QKN-19-D-0084 with General Dynamics OTS (Wilkes Barre), LLC. This action increases the co...",,,,912e04563f284ce4be6737a532c85feb,155mm M795 Metal Parts Artillery Assembly Ceiling Increase Justification and Approval,https://sam.gov/workspace/contract/opp/912e04563f284ce4be6737a532c85feb/view,,2025-12-04 18:10:06
328,"16--TIP ASSEMBLY,LEFT, IN REPAIR/MODIFICATION OF",,,,NAVSUP Weapon Systems Support (NAVSUP WSS) Philadelphia intends to issue a sole-source solicitation to The Boeing Company for the repair of three Left Tip Assemblies (NSN 7R-1680-016938648-P8) for ...,,,,58c9304c6bf741b997ff4c779c5153df,"16--TIP ASSEMBLY,LEFT, IN REPAIR/MODIFICATION OF",https://sam.gov/workspace/contract/opp/58c9304c6bf741b997ff4c779c5153df/view,,2025-12-04 18:10:06
329,Multisim Power Pro Edition,,,,The Naval Research Laboratory (NRL) is issuing a Request for Quotations (RFQ) for the purchase of a brand name or equal Multisim Power Pro Edition perpetual software license with a three-year term....,,,,cf1122922aac463eb096733969f31c03,Multisim Power Pro Edition,https://sam.gov/workspace/contract/opp/cf1122922aac463eb096733969f31c03/view,,2025-12-04 18:10:06
330,"16--TIP,ASSEMBLY,LH, IN REPAIR/MODIFICATION OF",,,,NAVSUP Weapon Systems Support (NAVSUP WSS) Philadelphia intends to issue a sole-source solicitation to The Boeing Company for the repair of one left-hand tip assembly (NSN 7R-1680-016600068-P8) for...,,,,b614b48054ff4f8b92ab81b153d338cd,"16--TIP,ASSEMBLY,LH, IN REPAIR/MODIFICATION OF",https://sam.gov/workspace/contract/opp/b614b48054ff4f8b92ab81b153d338cd/view,,2025-12-04 18:10:06
331,"49--NRP,ANTENNA COUPLER",,,,This is a notice of intent for a sole-source procurement of three units of a part identified by NSN 7R-4920-016010099-E8 and Reference Number 74D765118-1001. The government lacks the necessary tech...,,,,4a7d1c7b1a6a4f9291f54e850f386b4f,"49--NRP,ANTENNA COUPLER",https://sam.gov/workspace/contract/opp/4a7d1c7b1a6a4f9291f54e850f386b4f/view,,2025-12-04 18:10:06
332,HOSE ASSY,,,,"This solicitation is for the procurement of a ""HOSE ASSY"" designated as critical, special emphasis material for a crucial shipboard system. The contractor must manufacture the item in strict accord...",,,,cfdcc4561b874c65a5580b0515fb6111,HOSE ASSY,https://sam.gov/workspace/contract/opp/cfdcc4561b874c65a5580b0515fb6111/view,,2025-12-04 18:10:06
333,"48--VALVE, BALL",,,,"This solicitation is for the procurement of 5 units of an item identified by NSN 1H-4820-016004364-PP. The government possesses a complete technical data package (TDP VER 003), making this opportun...",,,,94d1657efa924f4581a975b93e7cc880,"48--VALVE, BALL",https://sam.gov/workspace/contract/opp/94d1657efa924f4581a975b93e7cc880/view,,2025-12-04 18:10:06
334,ET Automatic Tap Tester,LifeScan,$20 (Retail 30ct),0.50 (Fuzzy: One Touch Test Strips),"The 76 AMXG is seeking to procure a quantity of ten (10) Automatic Tap Testers. These units must be handheld, battery-powered, and capable of detecting defects like delamination in honeycomb materi...",,,,50f2c01787234f6599e4ca4f0589eada,ET Automatic Tap Tester,https://sam.gov/workspace/contract/opp/50f2c01787234f6599e4ca4f0589eada/view,,2025-12-04 18:10:06
335,Immunohematology Blood-Grouping Analyzer Cost Per Test Contract (GSA eBuy),,,,"This solicitation is a Request for Quotation (RFQ) for a Cost Per Test (CPT) contract for two automated immunohematology analyzers at the Naval Medical Center Portsmouth, VA. The contract requires ...",,,,664640d8294449d7b49273e2248e7acc,Immunohematology Blood-Grouping Analyzer Cost Per Test Contract (GSA eBuy),https://sam.gov/workspace/contract/opp/664640d8294449d7b49273e2248e7acc/view,,2025-12-04 18:10:06
336,"15--ELEVATOR,AIRCRAFT",,,,"This is a proposed procurement for one aircraft elevator, NSN 1560015813781. The solicitation is an RFQ, and the approved source is CAGE 97499 with part number 449-034-400-136. Delivery is required...",,,,a705a51a6a4d49719c82f47b6d9a0d88,"15--ELEVATOR,AIRCRAFT",https://sam.gov/workspace/contract/opp/a705a51a6a4d49719c82f47b6d9a0d88/view,,2025-12-04 18:10:06
337,"41--FAN,VANEAXIAL",,,,"This is a Request for Quote (RFQ) for the procurement of 126 units of a Vaneaxial Fan, NSN 4140010280629. The items are required for delivery to the DLA Distribution Depot at Hill within 21 days af...",,,,35b23536aef844ffaf835552dfefdb2b,"41--FAN,VANEAXIAL",https://sam.gov/workspace/contract/opp/35b23536aef844ffaf835552dfefdb2b/view,,2025-12-04 18:10:06
338,"Differential, Driving Axle",,,,"This solicitation is for a 5-year, firm-fixed-price, IDIQ-type contract to supply a Differential, Driving Axle (NSN: 2520-01-358-3160). The procurement is restricted to specific part numbers from a...",,,,28af7982e22e4e3f80d79ca0287f5aec,"Differential, Driving Axle",https://sam.gov/workspace/contract/opp/28af7982e22e4e3f80d79ca0287f5aec/view,,2025-12-04 18:10:06
339,Netherlands PATRIOT Engineering Change Proposal Upgrades; sole Source to Raytheon,,,,"This solicitation, SPRRA2-26-R-0018, requests proposals for an Engineering Change Proposal (ECP) Upgrade to be performed in the Netherlands. The scope of work is detailed in the attached Performanc...",,,,32d4e8097249420b95c99b14686da816,Netherlands PATRIOT Engineering Change Proposal Upgrades; sole Source to Raytheon,https://sam.gov/workspace/contract/opp/32d4e8097249420b95c99b14686da816/view,,2025-12-04 18:10:06
340,25--ROLLER BEARING SUPP,,,,"This is a proposed Request for Quote (RFQ) for a total of 103 Roller Bearing Supports, identified by NSN 2590012141112. The procurement is split into two line items of 43 and 60 each, both for deli...",,,,a91cbd3af5ec4647803302b807589d70,25--ROLLER BEARING SUPP,https://sam.gov/workspace/contract/opp/a91cbd3af5ec4647803302b807589d70/view,,2025-12-04 18:10:06
341,"49--TANK AND PUMP UNIT,",,,,"This is a Request for Quotation (RFQ) for the procurement of 21 units of a TANK AND PUMP UNIT, identified by NSN 4930015464146. The approved source for this item is CAGE code 56529 with part number...",,,,b6d4facad9424dd5b80833372e59d866,"49--TANK AND PUMP UNIT,",https://sam.gov/workspace/contract/opp/b6d4facad9424dd5b80833372e59d866/view,,2025-12-04 18:10:06
342,"15--BRACKET,WING JOINT",,,,"This is a proposed procurement for nine units of BRACKET, WING JOINT, identified by NSN 1560004353653. The solicitation is a Request for Quotation (RFQ) restricted to specific approved sources. Del...",,,,9d6d8133ccc44978995cca2cbfce176f,"15--BRACKET,WING JOINT",https://sam.gov/workspace/contract/opp/9d6d8133ccc44978995cca2cbfce176f/view,,2025-12-04 18:10:06
343,25--HANDRAIL,,,,"This is a Request for Quotation (RFQ) for the procurement of 83 units of a handrail, NSN 2590013846212, with a delivery timeline of 92 days. The solicitation may result in a one-year Automated Inde...",,,,f0ac57791d30468aa01536ed7cc5740d,25--HANDRAIL,https://sam.gov/workspace/contract/opp/f0ac57791d30468aa01536ed7cc5740d/view,,2025-12-04 18:10:06
344,FCC Coleman FY26 January Produce,,,,"The Department of Justice, Bureau of Prisons, Field Offices - FCC Coleman is issuing a request for quotation for a variety of fresh produce. This requirement is a small business set-aside and inclu...",,,,391aa8e623694d61affd7d140cf2b9be,FCC Coleman FY26 January Produce,https://sam.gov/workspace/contract/opp/391aa8e623694d61affd7d140cf2b9be/view,,2025-12-04 18:10:06
345,"SCREW,CAP,SOCKET HE",,,,"This is a total small business set-aside solicitation for a quantity of 46 units of Screw, Socket Head Cap (NSN 1HS 5305 010292685 SQ) for use on Navy Submarines. The screws must be manufactured fr...",,,,1e2ed201845549358b5385bc98dca67b,"SCREW,CAP,SOCKET HE",https://sam.gov/workspace/contract/opp/1e2ed201845549358b5385bc98dca67b/view,,2025-12-04 18:10:06
346,"PROVIDE, INSTALL AND MAINTAIN AN INTERNET SERVICE WITH A MINIMUM OF 1 GIG UP AND DOWNLOAD SPEEDS IN KY",,,,This is a combined synopsis/solicitation issued as a Request for Quote (RFQ) for commercial telecommunications products and services. The procurement is a small business set-aside under NAICS code ...,,,,b7d7f84c2da34875a3c19dd2f192c444,"PROVIDE, INSTALL AND MAINTAIN AN INTERNET SERVICE WITH A MINIMUM OF 1 GIG UP AND DOWNLOAD SPEEDS IN KY",https://sam.gov/workspace/contract/opp/b7d7f84c2da34875a3c19dd2f192c444/view,,2025-12-04 18:10:06
347,REQUEST FOR PRE-PROPOSALS – Far Forward Biological Sequencing (Increment 2) for JPEO CBRND; Automated Sample Prep,,,,"This solicitation is a Request for Pre-Proposals for the Far Forward Biological Sequencing (FFBS) Increment 2 system, which requires the development of a prototype to identify Biological Warfare Ag...",,,,23a6afb89df04f4a99c767593eccdc57,REQUEST FOR PRE-PROPOSALS – Far Forward Biological Sequencing (Increment 2) for JPEO CBRND; Automated Sample Prep,https://sam.gov/workspace/contract/opp/23a6afb89df04f4a99c767593eccdc57/view,,2025-12-04 18:10:06
348,"Full Food Services at USCG Sector Corpus Christi, TX",,,,"The Department of Homeland Security, USCG, is seeking a contractor to provide Full Food Services for the USCG Sector in Corpus Christi, TX. This firm-fixed-price contract requires a vendor to suppl...",,,,c239b9aafae34a09b53ac5acd9e7ee81,"Full Food Services at USCG Sector Corpus Christi, TX",https://sam.gov/workspace/contract/opp/c239b9aafae34a09b53ac5acd9e7ee81/view,,2025-12-04 18:10:06
349,"MODULE ASSEMBLY,JET",,,,"The Defense Logistics Agency (DLA) Land and Maritime is conducting a market survey for a future solicitation for approximately 320 units of a Module Assembly, Jet (NSN 1720-012204591). This is a cr...",,,,8c72a34e0a634ae08d8be87803d3d02b,"MODULE ASSEMBLY,JET",https://sam.gov/workspace/contract/opp/8c72a34e0a634ae08d8be87803d3d02b/view,,2025-12-04 18:10:06
350,Y1DZ--FY26: NRM (PROJ: 516-23-604) BB - Install Temp Shoring in Crawl Space at Building 1 (Structural Repairs),,,,"This presolicitation for a structural repair project has been cancelled. The original scope was for a firm-fixed-price, bid-build contract to provide structural repairs in the crawl and basement sp...",,,,064e6a273e2c418f8f906bb1b81f6349,Y1DZ--FY26: NRM (PROJ: 516-23-604) BB - Install Temp Shoring in Crawl Space at Building 1 (Structural Repairs),https://sam.gov/workspace/contract/opp/064e6a273e2c418f8f906bb1b81f6349/view,,2025-12-04 18:10:06
351,Remove_Replace_Fountains_SantaFeIndianHealthCenter,,,,The Albuquerque Area Indian Health Service is seeking a qualified Small Business Indian Firm to remove and replace thirteen existing drinking fountains at the Santa Fe Indian Health Center. The con...,,,,220559455bb848b58f5c46d87bebb2ea,Remove_Replace_Fountains_SantaFeIndianHealthCenter,https://sam.gov/workspace/contract/opp/220559455bb848b58f5c46d87bebb2ea/view,,2025-12-04 18:10:06
352,"Commander, Fleet Readiness Centers (COMFRC); Digital Group; Depot Maintenance, Repair and Overhaul (MRO)/Naval Air Systems Command (NAVAIR) Depot Maintenance System (NDMS) IT Program/Project Functional Requirements, and Software Lifecycle Support (ITPSS)",,,,"This is a Sources Sought notice from the Commander, Fleet Readiness Centers (COMFRC) Digital Group for market research purposes. The government is seeking potential sources to provide IT Program/Pr...",,,,1de30abed726496f8c74feb8e518df80,"Commander, Fleet Readiness Centers (COMFRC); Digital Group; Depot Maintenance, Repair and Overhaul (MRO)/Naval Air Systems Command (NAVAIR) Depot Maintenance System (NDMS) IT Program/Project Functional Requirements, and Software Lifecycle Support (ITPSS)",https://sam.gov/workspace/contract/opp/1de30abed726496f8c74feb8e518df80/view,,2025-12-04 18:10:06
353,"39--BLOCK,TACKLE",,,,"The provided solicitation description is blank. No information regarding the procuring entity, required products or services, delivery location, or contact details could be extracted from the docum...",,,,3200f875ae2d45f99605e1262b8d9e78,"39--BLOCK,TACKLE",https://sam.gov/workspace/contract/opp/3200f875ae2d45f99605e1262b8d9e78/view,,2025-12-04 18:10:06
354,Bulk Cement,,,,"This is a solicitation for the procurement of bulk cement, identified as line item '1L'. The provided documentation is minimal and does not include details on quantity, specifications, delivery loc...",,,,b0cb26178e444634b44c8973ffcd1727,Bulk Cement,https://sam.gov/workspace/contract/opp/b0cb26178e444634b44c8973ffcd1727/view,,2025-12-04 18:10:06
355,J073--Sources Sought Notice - Repair AVTEC Tray Conveyor System Washington DC VAMC 36C24526Q0152,,,,The Department of Veterans Affairs is seeking sources capable of providing repair services for an AVTEC Tray Conveyor System at the Washington DC VA Medical Center. The scope of work requires the c...,,,,24119baa7c714f488eb1893dd505e223,J073--Sources Sought Notice - Repair AVTEC Tray Conveyor System Washington DC VAMC 36C24526Q0152,https://sam.gov/workspace/contract/opp/24119baa7c714f488eb1893dd505e223/view,,2025-12-04 18:10:06
356,USCGC James Steering Actuator Overhaul,,,,"This solicitation requires a contractor to provide all necessary labor, materials, and technical representation to overhaul the starboard rotary vane steering actuator assembly for the CGC JAMES. T...",,,,8784d7dd7c5a4b9da4bb645c033e1525,USCGC James Steering Actuator Overhaul,https://sam.gov/workspace/contract/opp/8784d7dd7c5a4b9da4bb645c033e1525/view,,2025-12-04 18:10:06
357,"39--RAMP,MOBILE,CONTAIN",,,,"The provided solicitation document is blank, and therefore no information regarding the scope of work, required products or services, delivery location, or soliciting entity could be extracted.",,,,030dd6eb4b004beeb6b8afbed9ceca7d,"39--RAMP,MOBILE,CONTAIN",https://sam.gov/workspace/contract/opp/030dd6eb4b004beeb6b8afbed9ceca7d/view,,2025-12-04 18:10:06
358,Multiple Award Construction Contract (MACC) - Large Scale Military Projects,,,,This is a solicitation for a Design-Build/Design-Bid-Build (DB/DBB) IDIQ Multiple Award Construction Contract (MACC) for large-scale general construction projects at military facilities within NAVF...,,,,2d6370c91ca946fc96b5f4319f61d8e9,Multiple Award Construction Contract (MACC) - Large Scale Military Projects,https://sam.gov/workspace/contract/opp/2d6370c91ca946fc96b5f4319f61d8e9/view,,2025-12-04 18:10:06
359,"SPE4A526R0108, 2915010513751, FLYBALL AND HEAD GO, P/N570386-1",,,,"The DLA Aviation is conducting market research through this sources sought synopsis to identify parties interested and capable of manufacturing a 'FLYBALL AND HEAD GO', NSN 2915010513751. This is n...",,,,1235005c7e7d45d2992d53a75eadaf80,"SPE4A526R0108, 2915010513751, FLYBALL AND HEAD GO, P/N570386-1",https://sam.gov/workspace/contract/opp/1235005c7e7d45d2992d53a75eadaf80/view,,2025-12-04 18:10:06
360,DA10--Department of Veterans Affairs- Data Call Centers - RFI,,,,"The Department of Veterans Affairs (VA) is seeking information for its Contact Center Consolidation initiative. The goal is to streamline over 60 decentralized call centers, including 18+ clinical ...",,,,cbf343f405394775b4ec925ee8f6b341,DA10--Department of Veterans Affairs- Data Call Centers - RFI,https://sam.gov/workspace/contract/opp/cbf343f405394775b4ec925ee8f6b341/view,,2025-12-04 18:10:06
361,CaseCracker (CNFO),,,,The Naval Criminal Investigative Service (NCIS) requires services and supplies to outfit three interview rooms at the Washington Navy Yard. The scope includes de-installing two existing CaseCracker...,,,,66e0f14365b04f4384da7740d2e39760,CaseCracker (CNFO),https://sam.gov/workspace/contract/opp/66e0f14365b04f4384da7740d2e39760/view,,2025-12-04 18:10:06
362,AN/SPY-6(V) Production RFI/Sources Sought,,,,The Naval Sea Systems Command (NAVSEA) is conducting market research via a Request for Information (RFI) for a future multi-award Indefinite Delivery Indefinite Quantity (IDIQ) contract to procure ...,,,,534923be19e841a088670d31d70f91a0,AN/SPY-6(V) Production RFI/Sources Sought,https://sam.gov/workspace/contract/opp/534923be19e841a088670d31d70f91a0/view,,2025-12-04 18:10:06
363,USCGC Alder Fire Main Repair,,,,"This solicitation is for the renewal of firemain piping on the USCGC ALDER (WLB 216), located at Guard Sector San Francisco. The scope of work includes cropping out, fabricating, and installing new...",,,,a3609bf9a8174224b921b68c4a6baa92,USCGC Alder Fire Main Repair,https://sam.gov/workspace/contract/opp/a3609bf9a8174224b921b68c4a6baa92/view,,2025-12-04 18:10:06
364,Integrated Behavioral Health Services,,,,This solicitation is for Integrated Behavioral Health System (IBHS) services for the North Carolina National Guard Reserve Component members and their dependents. The contractor must provide all ne...,,,,87751f63229a4c59aff23eca9e1463f4,Integrated Behavioral Health Services,https://sam.gov/workspace/contract/opp/87751f63229a4c59aff23eca9e1463f4/view,,2025-12-04 18:10:06
365,Armed Protective Security Officer Services at Customs and Border Protection Locations throughout Puerto Rico for Federal Protective Service,,,,"The Department of Homeland Security (DHS), Federal Protective Service (FPS) is issuing a request for proposals to provide Armed Protective Security Officer (PSO) services for Customs and Border Pro...",,,,617d246aed4d4b379e26b98535ff26fd,Armed Protective Security Officer Services at Customs and Border Protection Locations throughout Puerto Rico for Federal Protective Service,https://sam.gov/workspace/contract/opp/617d246aed4d4b379e26b98535ff26fd/view,,2025-12-04 18:10:06
366,"Type A base course, 3,500,000 lbs",,,,"This solicitation is for the procurement of 3,500,000 pounds of Type A base course. Base course is a layer of material in a roadway or pavement structure. No further details regarding technical spe...",,,,c333d7e93e8e4d20b8fd379fb666baf0,"Type A base course, 3,500,000 lbs",https://sam.gov/workspace/contract/opp/c333d7e93e8e4d20b8fd379fb666baf0/view,,2025-12-04 18:10:06
367,ALR-67(V)3 FST Lab Advanced Test & Check (ATAC-4) bench,,,,The Naval Air Systems Command (NAVAIR) is conducting market research to identify potential sources capable of providing and building the ALR-67(V)3 Advanced Test and Check (ATAC) Bench. This effort...,,,,11f878a23702448a8319f5c3b0b0f987,ALR-67(V)3 FST Lab Advanced Test & Check (ATAC-4) bench,https://sam.gov/workspace/contract/opp/11f878a23702448a8319f5c3b0b0f987/view,,2025-12-04 18:10:06
368,DDSP Elevator Maintenance,,,,"This solicitation requires preventative and corrective maintenance services for 11 elevators, 1 dumbwaiter, and 3 platform lifts at DLA Distribution Susquehanna, PA. The contract will be a Firm-Fix...",,,,6b5be7ec2379473daaf7457150f8d2ab,DDSP Elevator Maintenance,https://sam.gov/workspace/contract/opp/6b5be7ec2379473daaf7457150f8d2ab/view,,2025-12-04 18:10:06
369,Combined Pest Control,,,,"This is a Request for Quotes for comprehensive pest control services for the U.S. Coast Guard at Base Cape Cod and various other locations throughout Barnstable County, Massachusetts, including Nan...",,,,2745cc147b5a4547944b8e46b9949bde,Combined Pest Control,https://sam.gov/workspace/contract/opp/2745cc147b5a4547944b8e46b9949bde/view,,2025-12-04 18:10:06
370,"METER, LCR",,,,"This is a total small business set-aside solicitation for the manufacture of six (6) units of an LCR Meter, part number E4980AL-052, associated with CAGE code 1LQK8. Key requirements include adhere...",,,,c2df6c830e014f7f847ef298bb4b194d,"METER, LCR",https://sam.gov/workspace/contract/opp/c2df6c830e014f7f847ef298bb4b194d/view,,2025-12-04 18:10:06
371,"GAGE,DEPTH,VERNIER",,,,"This solicitation is for the procurement of a commercial GAGE,DEPTH,VERNIER, also known as a Vernier Depth Gauge, which is a component of the AN/SPG-62A SSE AEGIS RADAR SYSTEM. The required item mu...",,,,cc102e7a5ca34347a6578cc13fb044ad,"GAGE,DEPTH,VERNIER",https://sam.gov/workspace/contract/opp/cc102e7a5ca34347a6578cc13fb044ad/view,,2025-12-04 18:10:06
372,"TRANSMITTER,PRESSUR",,,,"This solicitation is for the procurement of one TRANSMITTER,PRESSUR. The required item must conform to the design specified by CAGE code 65048 and reference number 742RF0015DXDA. Key requirements i...",,,,f97a34d609ce4e21a5e89654c0c4082c,"TRANSMITTER,PRESSUR",https://sam.gov/workspace/contract/opp/f97a34d609ce4e21a5e89654c0c4082c/view,,2025-12-04 18:10:06
373,Repair/Repair and Modify Fuel Management Panels,,,,The United States Coast Guard (USCG) Aviation Logistics Center (ALC) has issued a notice of intent to award a sole-source contract to GE Aviation Systems LLC for the repair and modification of PANE...,,,,ef388f3d2d77443fa4d04d3974d4e2de,Repair/Repair and Modify Fuel Management Panels,https://sam.gov/workspace/contract/opp/ef388f3d2d77443fa4d04d3974d4e2de/view,,2025-12-04 18:10:06
374,Geranyl Acetol Lures (Tetropium),,,,"The USDA APHIS PPQ is seeking to establish a 5-year, firm-fixed-price, Indefinite Delivery Indefinite Quantity (IDIQ) contract for Geranyl Acetol Lures (Tetropium). This is a Small Business Set-Asi...",,,,0dd00890bb314404976a84120b914a4d,Geranyl Acetol Lures (Tetropium),https://sam.gov/workspace/contract/opp/0dd00890bb314404976a84120b914a4d/view,,2025-12-04 18:10:06
375,J065--MALDI Biotyper Maintenance Services,,,,"This is a sole-source justification for a firm-fixed-price contract to procure maintenance services for MALDI Biotyper equipment from the Original Equipment Manufacturer (OEM), Bruker Scientific. T...",,,,7fd75e1b358c4192967692539690cd25,J065--MALDI Biotyper Maintenance Services,https://sam.gov/workspace/contract/opp/7fd75e1b358c4192967692539690cd25/view,,2025-12-04 18:10:06
376,Verizon Telecommunications Technician to support legacy system,,,,The Naval Research Laboratory (NRL) has issued a Notice of Intent to award a sole source purchase order to Verizon Business Network Services LLC. The requirement is for an annual Telecommunications...,,,,48269f9dcd63478184b76d7dff06164b,Verizon Telecommunications Technician to support legacy system,https://sam.gov/workspace/contract/opp/48269f9dcd63478184b76d7dff06164b/view,,2025-12-04 18:10:06
1,W912HN26RA003 - Hartwell O/M Project,,,,,,,,5086eb051bbe496fb2f0af7b7f53a6eb,W912HN26RA003 - Hartwell O/M Project,https://sam.gov/workspace/contract/opp/5086eb051bbe496fb2f0af7b7f53a6eb/view,,2025-12-04 18:10:05
2,2nd QTR FY 26 Kosher Menu Solicitation,,,,"The provided document content is empty, and therefore no specific details about the solicitation's requirements, products, or delivery location could be extracted. Key information such as the solic...",,,,0ecd4c36a54845c7a2eb24fd55feb93e,2nd QTR FY 26 Kosher Menu Solicitation,https://sam.gov/workspace/contract/opp/0ecd4c36a54845c7a2eb24fd55feb93e/view,,2025-12-04 18:10:05
3,2026 TRB Annual Meeting exhibit space,,,,"The Federal Highway Administration (FHWA) intends to award a single-source purchase order to Hargrove, LLC for rental equipment and related services for the 2026 Transportation Research Board (TRB)...",,,,45753ab762ef4560b1e11460f62b9c0a,2026 TRB Annual Meeting exhibit space,https://sam.gov/workspace/contract/opp/45753ab762ef4560b1e11460f62b9c0a/view,,2025-12-04 18:10:05
4,ELECTRONIC COMPONENT,,,,"This is a pre-solicitation notice from DLA Land Warren for the procurement of 34 units of an electronic component (NSN: 5998-99-485-3369), with an option for an additional 34 units. The acquisition...",,,,0aa1d4a53e8d4dcb95ddb4d0d161f15f,ELECTRONIC COMPONENT,https://sam.gov/workspace/contract/opp/0aa1d4a53e8d4dcb95ddb4d0d161f15f/view,,2025-12-04 18:10:05
5,"Special Connector Assembly, iaw PN M24231/13-003",,,,,,,,cf730786dcf94cf0a7a7410555cf835c,"Special Connector Assembly, iaw PN M24231/13-003",https://sam.gov/workspace/contract/opp/cf730786dcf94cf0a7a7410555cf835c/view,,2025-12-04 18:10:05
6,Ft. Buchanan Microgrid,,,,"This is a market survey for the construction of an installation-level microgrid at Fort Buchanan, Puerto Rico. The Design/Bid/Build project involves installing twelve 570 KW diesel generators, a 2....",,,,be9f3b3369db499faa593f0b8b6f445c,Ft. Buchanan Microgrid,https://sam.gov/workspace/contract/opp/be9f3b3369db499faa593f0b8b6f445c/view,,2025-12-04 18:10:05
7,2nd QTR FY 26 Subsistence Solicitation,,,,"No specific details regarding the solicitation, product requirements, delivery location, or soliciting entity could be extracted from the provided document content.",,,,25dbe42c6d8a43da885bb5fa9468fd1b,2nd QTR FY 26 Subsistence Solicitation,https://sam.gov/workspace/contract/opp/25dbe42c6d8a43da885bb5fa9468fd1b/view,,2025-12-04 18:10:05
8,Carrier Drive Assembly,,,,"No specific details regarding the soliciting entity, product requirements, or delivery location were found in the provided document. The content was insufficient to determine the scope of the solic...",,,,d59f85b702074d0884a97f92055d4002,Carrier Drive Assembly,https://sam.gov/workspace/contract/opp/d59f85b702074d0884a97f92055d4002/view,,2025-12-04 18:10:05
9,H391--Underground Storage Inspection & Maintenance,,,,,,,,5dcb66e67e354a88861a6dee6cf418b2,H391--Underground Storage Inspection & Maintenance,https://sam.gov/workspace/contract/opp/5dcb66e67e354a88861a6dee6cf418b2/view,,2025-12-04 18:10:05
10,6515--Ophthalmology Chairs,,,,"This is a Request for Information (RFI) for market research purposes issued by the Southern Arizona VA Medical Center. The government is seeking sources capable of supplying, installing, and mainta...",,,,a8bd8a6dd1044b93808d4be7e3a7522f,6515--Ophthalmology Chairs,https://sam.gov/workspace/contract/opp/a8bd8a6dd1044b93808d4be7e3a7522f/view,,2025-12-04 18:10:05
11,"Facility Investment Services for 99th Readiness Division (RD), Region 4A",,,,"This is a sources sought notice from the U.S. Army Corps of Engineers, Philadelphia District, for market research purposes regarding Facility Investment Services (FIS) for the 99th Readiness Divisi...",,,,7e5f693f86c34feb951ec67d6437709a,"Facility Investment Services for 99th Readiness Division (RD), Region 4A",https://sam.gov/workspace/contract/opp/7e5f693f86c34feb951ec67d6437709a/view,,2025-12-04 18:10:05
12,"Facility Investment Services for 99th Readiness Division (RD), Region 4B",,,,"This is a sources sought notice from the U.S. Army Corps of Engineers, Philadelphia District, for market research on small businesses capable of providing Facility Investment Services (FIS) for the...",,,,7cc34959f3744d089d13eb16a690b817,"Facility Investment Services for 99th Readiness Division (RD), Region 4B",https://sam.gov/workspace/contract/opp/7cc34959f3744d089d13eb16a690b817/view,,2025-12-04 18:10:05
13,"Facility Investment Services for 99th Readiness Division (RD), Region 4C",,,,"This is a Sources Sought Notice issued by the U.S. Army Corps of Engineers, Philadelphia District, for market research purposes. The government is seeking qualified small businesses capable of perf...",,,,b70576c3976147f89d6b338e60b47b0f,"Facility Investment Services for 99th Readiness Division (RD), Region 4C",https://sam.gov/workspace/contract/opp/b70576c3976147f89d6b338e60b47b0f/view,,2025-12-04 18:10:05
14,"Facility Investment Services for 99th Readiness Division (RD), Region 5",,,,"The U.S. Army Corps of Engineers, Philadelphia District, has issued a Sources Sought Notice for market research purposes regarding Facility Investment Services (FIS) for the 99th Readiness Division...",,,,0859cdf01916439da4225e89f911986b,"Facility Investment Services for 99th Readiness Division (RD), Region 5",https://sam.gov/workspace/contract/opp/0859cdf01916439da4225e89f911986b/view,,2025-12-04 18:10:05
15,"Document Shredding Services at Naval Hospital Beaufort, SC and Robins Air Force Base, GA",,,,No relevant information could be extracted from the provided document content.,,,,f950ec2dce08407cb0e8b9d19255cc29,"Document Shredding Services at Naval Hospital Beaufort, SC and Robins Air Force Base, GA",https://sam.gov/workspace/contract/opp/f950ec2dce08407cb0e8b9d19255cc29/view,,2025-12-04 18:10:05
16,4110--Countertop Ice and Water Dispenser,,,,"This solicitation document did not contain sufficient information to determine the scope of work, products required, or the soliciting entity.",,,,821efcf5e25f4dca91e51ac264bbe7c6,4110--Countertop Ice and Water Dispenser,https://sam.gov/workspace/contract/opp/821efcf5e25f4dca91e51ac264bbe7c6/view,,2025-12-04 18:10:05
17,RFI for Mobile Language Translation Services (MLTS),,,,,,,,44e2e62613d3471a85057c8ec24a8ed5,RFI for Mobile Language Translation Services (MLTS),https://sam.gov/workspace/contract/opp/44e2e62613d3471a85057c8ec24a8ed5/view,,2025-12-04 18:10:05
18,"59--SWITCH,PRESSURE",,,,"This is a Request for Quotation (RFQ) for the procurement of 15 units of a pressure switch, NSN 5930010722834. The item is a qualified products list (QPL) product, and interested parties must adher...",,,,4a5893077f1f4b95a03452b228dec837,"59--SWITCH,PRESSURE",https://sam.gov/workspace/contract/opp/4a5893077f1f4b95a03452b228dec837/view,,2025-12-04 18:10:05
19,"59--SWITCH,PUSH",,,,"This is a proposed procurement for 12 units of a PUSH SWITCH, NSN 5930011627316. The items are to be delivered to the DLA Distribution Depot in Oklahoma within 19 days. The solicitation is an RFQ, ...",,,,9268cb61b67b47cd96412e818a88cd3a,"59--SWITCH,PUSH",https://sam.gov/workspace/contract/opp/9268cb61b67b47cd96412e818a88cd3a/view,,2025-12-04 18:10:05
20,"43--PUMP,RECIPROCATING",,,,"This is a Request for Quotes (RFQ) for the procurement of 16 units of a reciprocating pump, NSN 4320010503874. The required delivery is to DLA Distribution Puget Sound within 168 days after the ord...",,,,91d24844f15d4dd4ae8b4382b66364b2,"43--PUMP,RECIPROCATING",https://sam.gov/workspace/contract/opp/91d24844f15d4dd4ae8b4382b66364b2/view,,2025-12-04 18:10:05
21,"48--VALVE,SOLENOID",,,,"This is a Request for Quote (RFQ) for the procurement of 19 units of a Solenoid Valve, identified by NSN 4810011881787. The required delivery is to DLA Distribution within 247 days after the date o...",,,,e67f3b141b594f5cbf637b673abbb24a,"48--VALVE,SOLENOID",https://sam.gov/workspace/contract/opp/e67f3b141b594f5cbf637b673abbb24a/view,,2025-12-04 18:10:05
22,"59--TRANSFORMER,POWER",,,,"This is a proposed procurement for 24 units of a power transformer, NSN 5950012039305. The items are to be delivered to DLA Distribution in San Diego within 79 days after the date of the order. The...",,,,d2d680e719454e189fe36e9abd1ad23d,"59--TRANSFORMER,POWER",https://sam.gov/workspace/contract/opp/d2d680e719454e189fe36e9abd1ad23d/view,,2025-12-04 18:10:05
23,10--CENTER SECTION,,,,"This is a proposed procurement for a total of 265 units of NSN 1005010688045, described as a CENTER SECTION. The requirement is split into two line items: Line 0001 for 264 units with a delivery ti...",,,,4dd3531a557341d88c040ad0c8dad249,10--CENTER SECTION,https://sam.gov/workspace/contract/opp/4dd3531a557341d88c040ad0c8dad249/view,,2025-12-04 18:10:05
24,"48--VALVE,SAFETY RELIEF",,,,"This is a Request for Quotation (RFQ) for the procurement of 6 units of a safety relief valve, identified by NSN 4820010890696. The required delivery is to W1A8 DLA Distribution San Joaquin within ...",,,,0c4fe3eae65a4442af587ebe64b52d74,"48--VALVE,SAFETY RELIEF",https://sam.gov/workspace/contract/opp/0c4fe3eae65a4442af587ebe64b52d74/view,,2025-12-04 18:10:05
25,"Noun_Valve, Linear, Direct_Application_F-15_NSN_4810-01-220-3996_Part_Number_MC11219-3",,,,"The provided document content is empty and does not contain any information regarding the solicitation. Therefore, key details such as the soliciting entity, contact information, product requiremen...",,,,410b2394773c42eb82a2a0f6b2a498cd,"Noun_Valve, Linear, Direct_Application_F-15_NSN_4810-01-220-3996_Part_Number_MC11219-3",https://sam.gov/workspace/contract/opp/410b2394773c42eb82a2a0f6b2a498cd/view,,2025-12-04 18:10:05
26,NAVAIR Mobile Facilities Procurement,,,,The Naval Air Warfare Center Aircraft Division intends to competitively solicit the production and delivery of six types of Mobile Facilities (MF) and associated First Article Testing. The MFs are ...,,,,65fcc9a926e743e5b1ed09dc2ae16d6a,NAVAIR Mobile Facilities Procurement,https://sam.gov/workspace/contract/opp/65fcc9a926e743e5b1ed09dc2ae16d6a/view,,2025-12-04 18:10:05
27,Authorized Protective Eyewear List,,,,No information was provided in the document content to generate a summary.,,,,b8101f6f483a41d6a266bc72d892d910,Authorized Protective Eyewear List,https://sam.gov/workspace/contract/opp/b8101f6f483a41d6a266bc72d892d910/view,,2025-12-04 18:10:05
28,Low phase noise 532 nm laser system,,,,"The Naval Research Laboratory (NRL) has issued a Notice of Intent to award a sole source purchase order to TOPTICA, Photonics, Inc. for a low phase noise 532 nm laser system. The procurement includ...",,,,ee46215e693740dfa09a968a726a2dbf,Low phase noise 532 nm laser system,https://sam.gov/workspace/contract/opp/ee46215e693740dfa09a968a726a2dbf/view,,2025-12-04 18:10:05
29,"16--FILTER ELEMENT,FLUI",,,,"The provided solicitation document is blank and contains no information regarding the procurement. Key details such as the soliciting entity, contact information, product or service requirements, a...",,,,c56b041babb44974af0268e25c53151c,"16--FILTER ELEMENT,FLUI",https://sam.gov/workspace/contract/opp/c56b041babb44974af0268e25c53151c/view,,2025-12-04 18:10:05
30,Intent to Award Sole Source- Oxford MPS Journals,,,,"The United States Air Force has issued a notice of intent to award a sole source, firm-fixed-price contract to Oxford University Press. The requirement is for a 12-month subscription to the Mathema...",,,,68d8f26411af444e8cb90a914b49fab0,Intent to Award Sole Source- Oxford MPS Journals,https://sam.gov/workspace/contract/opp/68d8f26411af444e8cb90a914b49fab0/view,,2025-12-04 18:10:05
31,"25--DOOR,HATCH,VEHICLE",,,,"This is a proposed procurement for four vehicular hatch doors, identified by NSN 2510015838987. The items are to be delivered to DLA Distribution Red River within 490 days of the order. The solicit...",,,,81b52cf059504b0c8d6078c2e8efbacf,"25--DOOR,HATCH,VEHICLE",https://sam.gov/workspace/contract/opp/81b52cf059504b0c8d6078c2e8efbacf/view,,2025-12-04 18:10:05
32,53--SEAL ASSEMBLY,,,,"This is a proposed procurement for 104 units of a Seal Assembly, NSN 5330011511110. The solicitation may result in an Automated Indefinite Delivery Contract (IDC) with a one-year term or a maximum ...",,,,ce96a48d268041d5990285c2ab526b6e,53--SEAL ASSEMBLY,https://sam.gov/workspace/contract/opp/ce96a48d268041d5990285c2ab526b6e/view,,2025-12-04 18:10:05
33,"61--PANEL,POWER DISTRIB",,,,"This is a proposed procurement for three units of a Power Distribution Panel, NSN 6110001520277. The solicitation is a Request for Quotation (RFQ) and requires delivery to DLA Distribution in San D...",,,,65c0d016cc644681b7b91c3ff65c10ff,"61--PANEL,POWER DISTRIB",https://sam.gov/workspace/contract/opp/65c0d016cc644681b7b91c3ff65c10ff/view,,2025-12-04 18:10:05
34,"47--TUBING,NONMETALLIC",,,,"This is a Request for Quotation (RFQ) for a proposed procurement of nonmetallic tubing, identified by NSN 4720013385809. The requirement is split into three line items with quantities of 2, 27, and...",,,,35f11772cf974a92bd5074754c16fffc,"47--TUBING,NONMETALLIC",https://sam.gov/workspace/contract/opp/35f11772cf974a92bd5074754c16fffc/view,,2025-12-04 18:10:05
35,"53--RUBBER SHEET,SOLID,",,,,"This solicitation is a Request for Quotation (RFQ) for 189 rolls of solid rubber sheets, identified by NSN 5330014904892. The procurement may result in an Automated Indefinite Delivery Contract (ID...",,,,a8022ccfdf194ecc94ad30d10be168e4,"53--RUBBER SHEET,SOLID,",https://sam.gov/workspace/contract/opp/a8022ccfdf194ecc94ad30d10be168e4/view,,2025-12-04 18:10:05
36,"53--SEAL,PLAIN ENCASED",,,,"This is a proposed procurement for 32 units of a SEAL,PLAIN ENCASED, identified by NSN 5330013212050. The solicitation may result in an Automated Indefinite Delivery Contract (IDC) for one year or ...",,,,7503e0ff3c6f4021b3888215d60bd487,"53--SEAL,PLAIN ENCASED",https://sam.gov/workspace/contract/opp/7503e0ff3c6f4021b3888215d60bd487/view,,2025-12-04 18:10:05
37,"42--COVER,LIFE PRESERVE",,,,"The Defense Logistics Agency (DLA) is seeking to procure 300 units of a Life Preserve Cover, identified by NSN 4220015183294. This solicitation may result in an Automated Indefinite Delivery Contra...",,,,449fd6b3e76c4d6d949e6c4096a172f7,"42--COVER,LIFE PRESERVE",https://sam.gov/workspace/contract/opp/449fd6b3e76c4d6d949e6c4096a172f7/view,,2025-12-04 18:10:05
38,"61--CABLE ASSEMBLY,SPEC",,,,This is a proposed procurement for six units of a specific Cable Assembly (NSN 6150015401482). The solicitation is an RFQ that may result in an Automated Indefinite Delivery Contract (IDC) with a t...,,,,3f2df333d296466cab0303b4526b3512,"61--CABLE ASSEMBLY,SPEC",https://sam.gov/workspace/contract/opp/3f2df333d296466cab0303b4526b3512/view,,2025-12-04 18:10:05
39,Notice of Intent to Sole Source-Internet/Equipment Services- Jicarilla Service Unit,,,,"The Indian Health Service (IHS), Albuquerque Area Office, has issued a Notice of Intent to award a sole-source, firm-fixed price contract to EnerStar Rentals and Service LTD. The contract is for pr...",,,,8cfa187e29124f14b07a2350c0ccd091,Notice of Intent to Sole Source-Internet/Equipment Services- Jicarilla Service Unit,https://sam.gov/workspace/contract/opp/8cfa187e29124f14b07a2350c0ccd091/view,,2025-12-04 18:10:05
40,"SALMON, POLLOCK & CATFISH PRODUCTS for use in Domestic Food Assistance Programs.",,,,"The provided document content is empty and does not contain any specific details about a solicitation. Key information such as the soliciting entity, required products or services, delivery locatio...",,,,e8519ed739d44266ac465d655d8a9b97,"SALMON, POLLOCK & CATFISH PRODUCTS for use in Domestic Food Assistance Programs.",https://sam.gov/workspace/contract/opp/e8519ed739d44266ac465d655d8a9b97/view,,2025-12-04 18:10:05
41,"53--ROLLER BED BRACKET,",,,,This is a proposed procurement for 29 units of ROLLER BED BRACKETs (NSN 5340200042302). The solicitation may result in an Automated Indefinite Delivery Contract (IDC) with a one-year term or a maxi...,,,,f31ffb9a82564dca81f4f036f4c1f07b,"53--ROLLER BED BRACKET,",https://sam.gov/workspace/contract/opp/f31ffb9a82564dca81f4f036f4c1f07b/view,,2025-12-04 18:10:05
42,"47--HOSE,NONMETALLIC",,,,"This is a request for quotation (RFQ) for the procurement of 1275 feet of nonmetallic hose, NSN 4720008037157. The item is a qualified products list (QPL) product, and all responsible sources may s...",,,,79be809cf69244379dda1e6fd0da8648,"47--HOSE,NONMETALLIC",https://sam.gov/workspace/contract/opp/79be809cf69244379dda1e6fd0da8648/view,,2025-12-04 18:10:05
43,61--POWER SUPPLY ASSEMB,,,,"The Defense Logistics Agency (DLA) is seeking quotes for the procurement of 14 units of a Power Supply Assembly, NSN 6130014565835. This RFQ may result in a one-year Automated Indefinite Delivery C...",,,,c4f7de10f1f5440789f9cc21d3abf718,61--POWER SUPPLY ASSEMB,https://sam.gov/workspace/contract/opp/c4f7de10f1f5440789f9cc21d3abf718/view,,2025-12-04 18:10:05
44,"29--FILTER ELEMENT,FLUI",,,,"The Defense Logistics Agency (DLA) is seeking to procure two units of a fluid filter element, identified by NSN 2940014003171. This solicitation is a Request for Quotation (RFQ), and only specific ...",,,,e60bb653823844d0b05bc6759985116e,"29--FILTER ELEMENT,FLUI",https://sam.gov/workspace/contract/opp/e60bb653823844d0b05bc6759985116e/view,,2025-12-04 18:10:05
45,"53--PLATE,MENDING",,,,"This solicitation is for the procurement of 12 mending plates, identified by NSN 5340011545268. The procurement may result in an Automated Indefinite Delivery Contract (IDC) with a term of one year...",,,,689788cf87dd4b0a8c413cd821345bf6,"53--PLATE,MENDING",https://sam.gov/workspace/contract/opp/689788cf87dd4b0a8c413cd821345bf6/view,,2025-12-04 18:10:05
46,"25--SHOCK ABSORBER,DIRE",,,,"This is a proposed procurement for 33 units of a shock absorber, NSN 2510015932844. The solicitation is an RFQ that may result in a one-year Automated Indefinite Delivery Contract (IDC) with a guar...",,,,81ad2c6976014d63918c389da9ebf6ad,"25--SHOCK ABSORBER,DIRE",https://sam.gov/workspace/contract/opp/81ad2c6976014d63918c389da9ebf6ad/view,,2025-12-04 18:10:05
47,"16--RETAINER,DISK BRAKE",,,,"This is a proposed procurement for 5 units of RETAINER,DISK BRAKE, identified by NSN 1650013575953. The approved source for this item is CAGE code 17472 with part number 117063-1. The solicitation ...",,,,e227a756655e4bc68d84540d7ae2b2c6,"16--RETAINER,DISK BRAKE",https://sam.gov/workspace/contract/opp/e227a756655e4bc68d84540d7ae2b2c6/view,,2025-12-04 18:10:05
48,"Pre Solicitation Synopsis for SPE300-26-R-0008 Kansas, Nebraska, Iowa, Northern Missouri and Surrounding Region",,,,"The Defense Logistics Agency (DLA) is soliciting for Prime Vendor support to provide subsistence items to customers across Kansas, Nebraska, Iowa, and Northern Missouri. The total estimated value i...",,,,9e9efb15f74b45289c822ff0e1b25ecb,"Pre Solicitation Synopsis for SPE300-26-R-0008 Kansas, Nebraska, Iowa, Northern Missouri and Surrounding Region",https://sam.gov/workspace/contract/opp/9e9efb15f74b45289c822ff0e1b25ecb/view,,2025-12-04 18:10:05
49,"25--HOIST UNIT,HYDRAULI",,,,This is a Request for Quotation (RFQ) for the procurement of four Hydraulic Hoist Units (NSN 2590017242771). The required delivery is to W1A8 DLA DISTRIBUTION within 161 days after date of order. T...,,,,54aa36b980424c27b4db161f343a2151,"25--HOIST UNIT,HYDRAULI",https://sam.gov/workspace/contract/opp/54aa36b980424c27b4db161f343a2151/view,,2025-12-04 18:10:05
50,"25--HEADREST,SEAT,VEHIC",,,,"The Defense Logistics Agency (DLA) is seeking quotes to procure 203 vehicle seat headrests, NSN 2540013893170. This solicitation may lead to an Automated Indefinite Delivery Contract (IDC) with a t...",,,,ea5b18f0f60846e9833d3d2e0e8c0462,"25--HEADREST,SEAT,VEHIC",https://sam.gov/workspace/contract/opp/ea5b18f0f60846e9833d3d2e0e8c0462/view,,2025-12-04 18:10:05
51,"53--SEAL,PLAIN",,,,"This is a proposed procurement for 267 units of SEAL,PLAIN, identified by NSN 5330011169195. The solicitation may result in an Automated Indefinite Delivery Contract (IDC) for one year or until a t...",,,,24814acfe7e24a4e9c9a79e2e2fda7df,"53--SEAL,PLAIN",https://sam.gov/workspace/contract/opp/24814acfe7e24a4e9c9a79e2e2fda7df/view,,2025-12-04 18:10:05
52,"53--BUSHING,NONMETALLIC",,,,This solicitation is for the procurement of 33 nonmetallic bushings (NSN 5365014787201) with a required delivery within 69 days. The procurement may result in a one-year Automated Indefinite Delive...,,,,9ea6659d1baa4f9ab56b5e2ac0885ef6,"53--BUSHING,NONMETALLIC",https://sam.gov/workspace/contract/opp/9ea6659d1baa4f9ab56b5e2ac0885ef6/view,,2025-12-04 18:10:05
53,"30--LEVER,MANUAL CONTRO",,,,"The Defense Logistics Agency (DLA) is issuing a Request for Quotation (RFQ) for the procurement of 68 units of a manual control lever, identified by NSN 3040012973816. This solicitation may lead to...",,,,6c20e714677f4326890b9f1efca64bc3,"30--LEVER,MANUAL CONTRO",https://sam.gov/workspace/contract/opp/6c20e714677f4326890b9f1efca64bc3/view,,2025-12-04 18:10:05
54,"53--BRACKET,MOUNTING",,,,"This is a proposed procurement for 216 units of a mounting bracket, NSN 5340015237335. The solicitation is an RFQ that may result in a one-year Automated Indefinite Delivery Contract (IDC) with a g...",,,,acf6859e4c214b0d8d09ca62219c54a8,"53--BRACKET,MOUNTING",https://sam.gov/workspace/contract/opp/acf6859e4c214b0d8d09ca62219c54a8/view,,2025-12-04 18:10:05
55,"16--CUSHION,SEAT,AIRCRA",,,,"This is a proposed procurement for 96 units of an aircraft seat cushion, NSN 1680997536623. The solicitation is an RFQ, and quotes must be submitted electronically. The approved source for this ite...",,,,1e045fa1c4ab4674b8fbd2af2975da32,"16--CUSHION,SEAT,AIRCRA",https://sam.gov/workspace/contract/opp/1e045fa1c4ab4674b8fbd2af2975da32/view,,2025-12-04 18:10:05
56,"66--SWITCH,LIQUID LEVEL",,,,"This solicitation is for the procurement of 17 units of a liquid level switch, NSN 6680015824608. The procurement may result in an Automated Indefinite Delivery Contract (IDC) with a term of one ye...",,,,9fa717a0540f4509ba195964a067200e,"66--SWITCH,LIQUID LEVEL",https://sam.gov/workspace/contract/opp/9fa717a0540f4509ba195964a067200e/view,,2025-12-04 18:10:05
57,48--VALVE ASSEMBLY,,,,"This is a proposed procurement for 11 units of a VALVE ASSEMBLY, identified by NSN 4820012450439. The items are to be delivered to DLA Distribution within 77 days after the date of order. The solic...",,,,8590963c1e6b4be09f4572144da0a637,48--VALVE ASSEMBLY,https://sam.gov/workspace/contract/opp/8590963c1e6b4be09f4572144da0a637/view,,2025-12-04 18:10:05
58,16--RECEPTACLE ASSEMBLY,,,,"This is a Request for Quote (RFQ) for the procurement of nine (9) units of a RECEPTACLE ASSEMBLY, identified by NSN 1680016851202. The approved source for this item is cage code 72429, part number ...",,,,2cbaf68a1fd7436a9d976892e4f2a41a,16--RECEPTACLE ASSEMBLY,https://sam.gov/workspace/contract/opp/2cbaf68a1fd7436a9d976892e4f2a41a/view,,2025-12-04 18:10:05
59,"28--ROD,VALVE GEAR",,,,"This is a Request for Quotation (RFQ) for the procurement of three units of ROD,VALVE GEAR, NSN 2825010066121. The items are to be delivered to DLA Distribution within 161 days. The solicitation li...",,,,7e962cb4321042ae8d6b83663addacdc,"28--ROD,VALVE GEAR",https://sam.gov/workspace/contract/opp/7e962cb4321042ae8d6b83663addacdc/view,,2025-12-04 18:10:05
60,Tecmotiv Engines (AVDS 1790-2CA) and Spare Parts,,,,This is a limited-source justification for a firm-fixed-price delivery order to procure Tecmotiv Engines (model AVDS 1790-2CA) and various associated spare parts. The acquisition is conducted on be...,,,,6a800324d0d941419f83b61d905596d3,Tecmotiv Engines (AVDS 1790-2CA) and Spare Parts,https://sam.gov/workspace/contract/opp/6a800324d0d941419f83b61d905596d3/view,,2025-12-04 18:10:05
61,DRY BEANS for use in Domestic Food Assistance Programs.,,,,No summary could be generated as the provided document content was empty.,,,,d58053ecdc134eb3a10b65f01b6d06d4,DRY BEANS for use in Domestic Food Assistance Programs.,https://sam.gov/workspace/contract/opp/d58053ecdc134eb3a10b65f01b6d06d4/view,,2025-12-04 18:10:05
62,USCG SLEDGE FIRE ALARM SERVICE REQUEST,,,,This solicitation is for the complete renewal and upgrade of the fire alarm system aboard the USCGC SLEDGE. The contractor is required to replace the existing obsolete Notifier AFP 200 system with ...,,,,25d31516226943c0980155147d0d573a,USCG SLEDGE FIRE ALARM SERVICE REQUEST,https://sam.gov/workspace/contract/opp/25d31516226943c0980155147d0d573a/view,,2025-12-04 18:10:05
63,6515--SUPPLY-HEART VALVE REPAIR SYSTEM- INDIANAPOLIS,,,,"The provided solicitation documents are incomplete and contain only section headers without any descriptive content. Key details regarding the soliciting entity, product requirements, delivery loca...",,,,d5be20f65c01493bb6d535bd7307a1c8,6515--SUPPLY-HEART VALVE REPAIR SYSTEM- INDIANAPOLIS,https://sam.gov/workspace/contract/opp/d5be20f65c01493bb6d535bd7307a1c8/view,,2025-12-04 18:10:05
64,Ceiling Increase for Next Generation Automated Test System (NGATS),,,,The U.S. Army Contracting Command – New Jersey intends to issue a sole-source contract modification to The Boeing Company for the Next Generation Automated Test System (NGATS) production contract. ...,,,,093e183c60fd42e1a7f297a41626c2b6,Ceiling Increase for Next Generation Automated Test System (NGATS),https://sam.gov/workspace/contract/opp/093e183c60fd42e1a7f297a41626c2b6/view,,2025-12-04 18:10:05
65,N0017326Q5304 - STK Annual Renewal SOFTWARE SUPPORT AND LICENSES,,,,The Naval Research Laboratory (NRL) has issued a Notice of Intent to award a sole-source purchase order to ANSYS GOVERNMENT INITIATIVES INC. The procurement is for support and licenses for several ...,,,,baee957dc7784994875814d97b719546,N0017326Q5304 - STK Annual Renewal SOFTWARE SUPPORT AND LICENSES,https://sam.gov/workspace/contract/opp/baee957dc7784994875814d97b719546/view,,2025-12-04 18:10:05
66,SOFAM NTV Rental,,,,"This solicitation requests quotes for the rental of 26 non-tactical vehicles (NTVs) to support the Special Operations Forces Arctic Medic (SOFAM) exercise in Fairbanks, Alaska during January 2026. ...",,,,37c262ec9a1e4c82ab20f37d9706e2ec,SOFAM NTV Rental,https://sam.gov/workspace/contract/opp/37c262ec9a1e4c82ab20f37d9706e2ec/view,,2025-12-04 18:10:05
67,MB-2 & B-7 Retrofit Material Kit & Installs,,,,"The Naval Air Systems Command (NAVAIR) intends to award a sole-source, Firm Fixed Price delivery order to Northrop Grumman Systems Corporation (NGSC) for the retrofit of one MQ-4C Triton ground ass...",,,,52dad4a5c9e84f5982c464bb0c0155fe,MB-2 & B-7 Retrofit Material Kit & Installs,https://sam.gov/workspace/contract/opp/52dad4a5c9e84f5982c464bb0c0155fe/view,,2025-12-04 18:10:05
68,Pharmaceutical Dispensing Machine Implementation to Interface with ScriptPro,,,,"The Indian Health Service is seeking a contractor to provide and implement an electronic postage software solution for its Clinton Service Unit, which includes facilities in Clinton, El Reno, and W...",,,,58bfb53fe6b8456bbc76353c5a35a7b1,Pharmaceutical Dispensing Machine Implementation to Interface with ScriptPro,https://sam.gov/workspace/contract/opp/58bfb53fe6b8456bbc76353c5a35a7b1/view,,2025-12-04 18:10:05
69,G004--Residential Treatment for Substance Use Disorder,,,,This is a sources sought announcement for market research purposes by the Southeast Louisiana Veterans Healthcare System (SLVHCS). The government is seeking a contractor to provide community-based ...,,,,9f85ebabb2d941d89d37bfc37f29786c,G004--Residential Treatment for Substance Use Disorder,https://sam.gov/workspace/contract/opp/9f85ebabb2d941d89d37bfc37f29786c/view,,2025-12-04 18:10:05
70,Home Oxygen Services,,,,This is a competitive contract award notice for the provision of home oxygen services to veterans served by the Beckley VA Medical Center. The contract was set aside for a Service-Disabled Veteran-...,,,,adfaeee2ddac4278a2ae8735e49abda5,Home Oxygen Services,https://sam.gov/workspace/contract/opp/adfaeee2ddac4278a2ae8735e49abda5/view,,2025-12-04 18:10:05
71,MNA Vertical Pump Storage Platform,,,,"The US Army Corps of Engineers, Walla Walla District, is seeking sources to fabricate a custom Navigation Lock Unwatering Pump Platform for McNary Lock and Dam in Umatilla, OR. The scope of work in...",,,,35d9acad8aec4ab89f27e982ac7cf8a4,MNA Vertical Pump Storage Platform,https://sam.gov/workspace/contract/opp/35d9acad8aec4ab89f27e982ac7cf8a4/view,,2025-12-04 18:10:05
72,D--SPECIAL NOTICE OF INTENT TO AWARD TO A SOLE SOURCE,,,,"The US Fish and Wildlife Service (USFWS) has issued a notice of intent to award a sole-source, firm-fixed-price contract to Wavedivision Holdings, LLC (d/b/a Astound Business Solutions) for monthly...",,,,d3518183a20f41f996ec52d45d3e8a9d,D--SPECIAL NOTICE OF INTENT TO AWARD TO A SOLE SOURCE,https://sam.gov/workspace/contract/opp/d3518183a20f41f996ec52d45d3e8a9d/view,,2025-12-04 18:10:05
73,"CPACS Amarillo, TX VAMC Award Notice",,,,"This solicitation is for a requirement identified as 'CPACS'. The provided document is an award notice, which typically signifies the completion of a procurement process. However, the notice is dev...",,,,cbbab77255294077ac7f0f4fa6f9b226,"CPACS Amarillo, TX VAMC Award Notice",https://sam.gov/workspace/contract/opp/cbbab77255294077ac7f0f4fa6f9b226/view,,2025-12-04 18:10:05
74,"CPACS Amarillo, TX VAMC Justification for an Exception to Fair Opportunity",,,,"This is a sole-source justification to procure a Change Healthcare Technologies Nuclear Medicine (NucMed) Cardiology Picture and Archiving and Communication System (CPACS) for the Amarillo, TX Vete...",,,,07e3429ab25a4239a75514c43af82022,"CPACS Amarillo, TX VAMC Justification for an Exception to Fair Opportunity",https://sam.gov/workspace/contract/opp/07e3429ab25a4239a75514c43af82022/view,,2025-12-04 18:10:05
75,VISN 19 Eyeglasses,Teva / Generic,"$15,000 - $20,000 (WAC per cycle)",0.51 (Fuzzy: VISN 21 Lenalidomide Capsules),"The Department of Veterans Affairs, NCO 19, requires an interim bridge contract for the manufacturing and delivery of prescription dress and safety eyeglasses for Veteran beneficiaries. This sole-s...",,,,702edddc4a624f12a05283c4da5defb6,VISN 19 Eyeglasses,https://sam.gov/workspace/contract/opp/702edddc4a624f12a05283c4da5defb6/view,,2025-12-04 18:10:05
76,7G--NOTICE OF INTENT TO AWARD A SOLE SOURCE,,,,"The FWS Puerto Rican Parrot ESFO has issued a Notice of Intent to award a sole source purchase order to Holohil Systems Limited. The requirement is for 60 XM3CMD-Transmitters, which are radio colla...",,,,dbca6b4a434843e685481ae71fb8ce13,7G--NOTICE OF INTENT TO AWARD A SOLE SOURCE,https://sam.gov/workspace/contract/opp/dbca6b4a434843e685481ae71fb8ce13/view,,2025-12-04 18:10:05
77,J065--Olympus EBUS and EUS Endoscopy Repair and Maintenance at Clement J. Zablocki VA Medical Center,,,,"The Great Lakes Acquisition Center (GLAC) intends to negotiate a sole-source, firm-fixed-price contract with Olympus America, Inc. for the maintenance and repair of EBUS and EUS endoscopes. The con...",,,,aad5a343265b4222929cb41e4e4ed2fa,J065--Olympus EBUS and EUS Endoscopy Repair and Maintenance at Clement J. Zablocki VA Medical Center,https://sam.gov/workspace/contract/opp/aad5a343265b4222929cb41e4e4ed2fa/view,,2025-12-04 18:10:05
78,6515--SUPPLY-HEART VALVE REPAIR SYSTEM- INDIANAPOLIS,,,,The provided solicitation document contains no specific details regarding the products or services being procured. The content consists only of section headers such as 'GENERAL INFORMATION' and 'DE...,,,,04ad0c12a5014921a82770de9979c9c9,6515--SUPPLY-HEART VALVE REPAIR SYSTEM- INDIANAPOLIS,https://sam.gov/workspace/contract/opp/04ad0c12a5014921a82770de9979c9c9/view,,2025-12-04 18:10:05
79,Emergency Sole Source for Non Emergent Ambulance Transport Services for the Fayetteville VAMC,,,,The Fayetteville NC VA Coastal Healthcare System (FNCVACHCS) and its associated clinics require contracted non-emergency ambulance transportation services. The contractor must provide all necessary...,,,,b657ee34339e4cae9599306ba11deecb,Emergency Sole Source for Non Emergent Ambulance Transport Services for the Fayetteville VAMC,https://sam.gov/workspace/contract/opp/b657ee34339e4cae9599306ba11deecb/view,,2025-12-04 18:10:05
80,"ADVANCED HARPOON WEAPONS CONTROL STATION (AHWCS) TECHNICAL MANUALS, DATA AND COMPUTER SOFTWARE",,,,"The Naval Air Systems Command (NAVAIR) intends to award a sole-source, Firm Fixed Price delivery order to The Boeing Company for digital copies of various technical materials. The procurement inclu...",,,,c40e0b5297a646b69b2b2858120d0c38,"ADVANCED HARPOON WEAPONS CONTROL STATION (AHWCS) TECHNICAL MANUALS, DATA AND COMPUTER SOFTWARE",https://sam.gov/workspace/contract/opp/c40e0b5297a646b69b2b2858120d0c38/view,,2025-12-04 18:10:05
81,6525--LX Ultrasound System,Fujifilm Sonosite,"$25,000 - $45,000+ (Est.)",0.87 (Fuzzy: LX Ultrasound System),This is a Request for Information (RFI) for market research to identify small businesses capable of providing a Sonosite LX Ultrasound System for the Loma Linda VA Medical Center. The requirement i...,,,,9b333607163042c2b829915da662cbb3,6525--LX Ultrasound System,https://sam.gov/workspace/contract/opp/9b333607163042c2b829915da662cbb3/view,,2025-12-04 18:10:05
82,"Propellant, Rocket Grade Kerosene (RP1, RP2 and RP2 Special Blend)",Haltermann Solutions,Market Rate (~$15/gal),0.57 (Fuzzy: Rocket Grade Kerosene (RP-1)),"This solicitation is a 100% Small Business Set-Aside for a five-year, firm-fixed-price requirements contract to produce, store, and deliver three types of rocket propellant: RP-1, RP-2, and RP-2 Sp...",,,,cade603139874c358bb33e37b3dd812c,"Propellant, Rocket Grade Kerosene (RP1, RP2 and RP2 Special Blend)",https://sam.gov/workspace/contract/opp/cade603139874c358bb33e37b3dd812c/view,,2025-12-04 18:10:05
83,Operations and Maintenance Services at W. Kerr Scott Reservoir,,,,"This solicitation seeks a contractor to provide comprehensive operations and maintenance support services for the W. Kerr Scott Dam & Reservoir in Wilkesboro, NC. The scope of work is extensive, co...",,,,0d3ab4815f10498c8520f36c2135ec07,Operations and Maintenance Services at W. Kerr Scott Reservoir,https://sam.gov/workspace/contract/opp/0d3ab4815f10498c8520f36c2135ec07/view,,2025-12-04 18:10:05
